[1,["fbEmGv4dJIuofB4AmD5Od2","7a/QZLET9IDreTiBfRn2PD","74/8CB3nBJMaa76Y1iiPuy"],["node","root","ske","data","_N$skeletonData"],[["sp.SkeletonData",["_name","_atlasText","textureNames","_skeletonJson","textures"],-1,3],["cc.Prefab",["_name"],2],["cc.Node",["_name","_groupIndex","_children","_components","_prefab","_trs"],1,2,9,4,7],["cc.Node",["_name","_groupIndex","_parent","_components","_prefab","_contentSize","_trs"],1,1,2,4,5,7],["cc.CircleCollider",["node"],3,1],["cc.BoxCollider",["node","_size"],3,1,5],["2fd84qgTxlNla8RAGPr2aOb",["node"],3,1],["1ab695SfTxHj46gL5xG1BMg",["node","ske"],3,1,1],["cc.PrefabInfo",["fileId","root"],2,1],["sp.Skeleton",["defaultAnimation","_preCacheMode","_cacheMode","_animationName","_N$enableBatch","node","_materials"],-2,1,3]],[[8,0,1,2],[0,0,1,2,3,4,5],[1,0,2],[2,0,1,2,3,4,5,3],[3,0,1,2,3,4,5,6,3],[4,0,1],[5,0,1,1],[6,0,1],[7,0,1,1],[9,0,1,2,3,4,5,6,6]],[[[[1,"enemy_007","\r\nenemy_007.png\r\nsize: 512,128\r\nformat: RGBA8888\r\nfilter: Linear,Linear\r\nrepeat: none\r\n007bei\r\n  rotate: true\r\n  xy: 302, 109\r\n  size: 17, 43\r\n  orig: 17, 43\r\n  offset: 0, 0\r\n  index: -1\r\n007bei2\r\n  rotate: true\r\n  xy: 347, 109\r\n  size: 17, 43\r\n  orig: 17, 43\r\n  offset: 0, 0\r\n  index: -1\r\n007body\r\n  rotate: false\r\n  xy: 48, 38\r\n  size: 42, 88\r\n  orig: 42, 88\r\n  offset: 0, 0\r\n  index: -1\r\n007hand\r\n  rotate: false\r\n  xy: 145, 45\r\n  size: 23, 52\r\n  orig: 23, 52\r\n  offset: 0, 0\r\n  index: -1\r\n007hand1\r\n  rotate: true\r\n  xy: 195, 76\r\n  size: 21, 17\r\n  orig: 21, 17\r\n  offset: 0, 0\r\n  index: -1\r\n007hand3\r\n  rotate: true\r\n  xy: 195, 53\r\n  size: 21, 17\r\n  orig: 21, 17\r\n  offset: 0, 0\r\n  index: -1\r\n007hand4\r\n  rotate: false\r\n  xy: 170, 45\r\n  size: 23, 52\r\n  orig: 23, 52\r\n  offset: 0, 0\r\n  index: -1\r\n007leg1\r\n  rotate: false\r\n  xy: 392, 104\r\n  size: 32, 22\r\n  orig: 32, 22\r\n  offset: 0, 0\r\n  index: -1\r\n007leg2\r\n  rotate: false\r\n  xy: 96, 2\r\n  size: 29, 39\r\n  orig: 29, 39\r\n  offset: 0, 0\r\n  index: -1\r\n007leg3\r\n  rotate: false\r\n  xy: 426, 104\r\n  size: 32, 22\r\n  orig: 32, 22\r\n  offset: 0, 0\r\n  index: -1\r\n007leg4\r\n  rotate: false\r\n  xy: 127, 2\r\n  size: 29, 39\r\n  orig: 29, 39\r\n  offset: 0, 0\r\n  index: -1\r\n007shadow1\r\n  rotate: true\r\n  xy: 208, 108\r\n  size: 18, 45\r\n  orig: 18, 45\r\n  offset: 0, 0\r\n  index: -1\r\n007shadow10\r\n  rotate: true\r\n  xy: 92, 113\r\n  size: 13, 114\r\n  orig: 13, 114\r\n  offset: 0, 0\r\n  index: -1\r\n007shadow11\r\n  rotate: true\r\n  xy: 255, 108\r\n  size: 18, 45\r\n  orig: 18, 45\r\n  offset: 0, 0\r\n  index: -1\r\n007shadow12\r\n  rotate: true\r\n  xy: 28, 2\r\n  size: 33, 24\r\n  orig: 33, 24\r\n  offset: 0, 0\r\n  index: -1\r\n007shadow2\r\n  rotate: false\r\n  xy: 460, 108\r\n  size: 23, 18\r\n  orig: 23, 18\r\n  offset: 0, 0\r\n  index: -1\r\n007shadow3\r\n  rotate: false\r\n  xy: 119, 43\r\n  size: 24, 54\r\n  orig: 24, 54\r\n  offset: 0, 0\r\n  index: -1\r\n007shadow4\r\n  rotate: false\r\n  xy: 485, 108\r\n  size: 23, 18\r\n  orig: 23, 18\r\n  offset: 0, 0\r\n  index: -1\r\n007shadow5\r\n  rotate: false\r\n  xy: 92, 43\r\n  size: 25, 54\r\n  orig: 25, 54\r\n  offset: 0, 0\r\n  index: -1\r\n007shadow6\r\n  rotate: false\r\n  xy: 2, 37\r\n  size: 44, 89\r\n  orig: 44, 89\r\n  offset: 0, 0\r\n  index: -1\r\n007shadow7\r\n  rotate: true\r\n  xy: 54, 6\r\n  size: 30, 40\r\n  orig: 30, 40\r\n  offset: 0, 0\r\n  index: -1\r\n007shadow8\r\n  rotate: true\r\n  xy: 2, 2\r\n  size: 33, 24\r\n  orig: 33, 24\r\n  offset: 0, 0\r\n  index: -1\r\n007shadow9\r\n  rotate: false\r\n  xy: 158, 3\r\n  size: 30, 40\r\n  orig: 30, 40\r\n  offset: 0, 0\r\n  index: -1\r\n007shetou\r\n  rotate: true\r\n  xy: 92, 99\r\n  size: 12, 113\r\n  orig: 12, 113\r\n  offset: 0, 0\r\n  index: -1\r\n",["enemy_007.png"],{"skeleton":{"hash":"a1cYFD5LgTUKrcV0PemqTQuzY6g","spine":"3.6.53","width":92.4,"height":144.8,"images":"../images/"},"bones":[{"name":"root","scaleX":0.2,"scaleY":0.2},{"name":"007body","parent":"root","y":287.12},{"name":"bone2","parent":"007body","length":79.97,"rotation":90,"x":-0.63,"y":11.17},{"name":"007bei","parent":"bone2","length":97.41,"rotation":-15.75,"x":34.4,"y":-23.59},{"name":"007bei2","parent":"bone2","length":98.09,"rotation":17.1,"x":35.01,"y":25.09},{"name":"bone3","parent":"bone2","length":66.1,"rotation":0.71,"x":79.97},{"name":"bone4","parent":"bone3","length":89.76,"rotation":-1.23,"x":66.1},{"name":"007hand1","parent":"bone4","length":91.81,"rotation":-64.06,"x":2.35,"y":-72.77},{"name":"007hand","parent":"007hand1","length":141.25,"rotation":65.91,"x":95.05,"y":3},{"name":"007hand3","parent":"bone4","length":93.47,"rotation":67.78,"x":6,"y":67.66},{"name":"007hand5","parent":"007hand3","length":161.87,"rotation":-69.59,"x":94.66,"y":1.39},{"name":"007leg1","parent":"007body","length":123.37,"rotation":-19.59,"x":2.32,"y":-52.14},{"name":"007leg3","parent":"007body","length":119.02,"rotation":-155.56,"x":-14.43,"y":-54.11},{"name":"007leg4","parent":"007leg1","length":134.4,"rotation":-67.35,"x":149.61,"y":-3.21},{"name":"007leg5","parent":"007leg3","length":108.25,"rotation":62.02,"x":132.55,"y":-8.31},{"name":"007shadow10","parent":"bone2","length":135.91,"rotation":-3.84,"x":245.96,"y":1.1},{"name":"007shadow11","parent":"007shadow10","length":86.87,"rotation":-4.19,"x":135.91},{"name":"007shadow12","parent":"007shadow11","length":107.51,"rotation":22.2,"x":87.73,"y":1.14},{"name":"007shadow13","parent":"007shadow12","length":115.73,"rotation":-18.68,"x":107.51},{"name":"007shadow14","parent":"007shadow13","length":97.26,"rotation":-7.5,"x":117.98,"y":-2.87}],"slots":[{"name":"007shadow12","bone":"007leg1","attachment":"007shadow12"},{"name":"007shadow11","bone":"007bei","attachment":"007shadow11"},{"name":"007shadow10","bone":"007shadow10"},{"name":"007shadow9","bone":"007leg5","attachment":"007shadow9"},{"name":"007shadow8","bone":"007leg3","attachment":"007shadow8"},{"name":"007shadow7","bone":"007leg4","attachment":"007shadow7"},{"name":"007shadow6","bone":"bone2","attachment":"007body2"},{"name":"007shadow5","bone":"007hand5","attachment":"007shadow5"},{"name":"007shadow4","bone":"007hand3","attachment":"007shadow4"},{"name":"007shadow3","bone":"007hand","attachment":"007shadow3"},{"name":"007shadow2","bone":"007hand1","attachment":"007shadow2"},{"name":"007shadow1","bone":"007bei2","attachment":"007shadow1"},{"name":"007shetou","bone":"007shadow10"},{"name":"007leg4","bone":"007leg5","attachment":"007leg4"},{"name":"007leg3","bone":"007leg3","attachment":"007leg3"},{"name":"007leg2","bone":"007leg4","attachment":"007leg2"},{"name":"007leg1","bone":"007leg1","attachment":"007leg1"},{"name":"007body","bone":"bone2","attachment":"007body"},{"name":"007hand4","bone":"007hand5","attachment":"007hand4"},{"name":"007hand3","bone":"007hand3","attachment":"007hand3"},{"name":"007hand","bone":"007hand","attachment":"007hand"},{"name":"007hand1","bone":"007hand1","attachment":"007hand1"},{"name":"007bei2","bone":"007bei2","attachment":"007bei2"},{"name":"007bei","bone":"007bei","attachment":"007bei"}],"skins":{"default":{"007bei":{"007bei":{"x":110.03,"y":0.86,"rotation":-74.25,"width":84,"height":217}},"007bei2":{"007bei2":{"x":109.47,"y":-3.05,"rotation":-107.1,"width":84,"height":217}},"007body":{"007body":{"type":"mesh","hull":12,"width":212,"height":438,"uvs":[1,1,0,1,0,0.8,0,0.6,0,0.4,0,0.2,0,0,1,0,1,0.2,1,0.4,1,0.6,1,0.8],"triangles":[5,7,6,8,7,5,4,8,5,9,8,4,3,9,4,10,9,3,2,10,3,11,10,2,1,11,2,0,11,1],"vertices":[1,1,106,-90.8,1,1,1,-106,-90.8,1,1,1,-106,-3.2,1,4,1,-106,84.4,0.02652,2,73.23,105.37,0.4181,5,-5.43,105.44,0.50956,6,-73.78,103.89,0.04582,3,2,160.83,105.37,0.04735,5,82.16,104.36,0.40149,6,13.82,104.68,0.55116,2,5,169.75,103.28,0.03438,6,101.42,105.48,0.96562,1,6,189.01,106.28,1,2,5,254.73,-109.78,0.00009,6,190.94,-105.72,0.99991,2,5,167.14,-108.7,0.06189,6,103.34,-106.51,0.93811,3,2,160.83,-106.63,0.01573,5,79.54,-107.62,0.40219,6,15.75,-107.31,0.58209,4,1,106,84.4,0.04367,2,73.23,-106.63,0.37845,5,-8.05,-106.54,0.46752,6,-71.85,-108.11,0.11036,1,1,106,-3.2,1],"edges":[0,2,2,4,4,6,6,8,8,10,10,12,12,14,14,16,16,18,18,20,20,22,22,0]}},"007hand":{"007hand":{"x":99.83,"y":1.58,"rotation":-91.33,"width":114,"height":262}},"007hand1":{"007hand1":{"x":44.31,"y":0.84,"rotation":-25.42,"width":106,"height":83}},"007hand3":{"007hand3":{"x":44.43,"y":2.51,"rotation":-157.26,"width":106,"height":83}},"007hand4":{"007hand4":{"x":103.21,"y":-1.71,"rotation":-87.67,"width":116,"height":262}},"007leg1":{"007leg1":{"x":70.7,"y":10.67,"rotation":19.59,"width":159,"height":110}},"007leg2":{"007leg2":{"x":81.06,"y":8.99,"rotation":86.94,"width":143,"height":194}},"007leg3":{"007leg3":{"x":57.71,"y":-13.39,"rotation":155.56,"width":159,"height":110}},"007leg4":{"007leg4":{"x":85.29,"y":-11.72,"rotation":93.54,"width":143,"height":194}},"007shadow1":{"007shadow1":{"x":109.47,"y":-3.05,"rotation":-107.1,"width":92,"height":225}},"007shadow10":{"007shetou2":{"type":"mesh","path":"007shadow10","hull":31,"width":66,"height":572,"uvs":[0.74968,0.98961,0.88768,0.96307,0.73435,0.90469,0.79877,0.81977,0.85908,0.73838,0.97212,0.65877,0.90512,0.57384,0.70368,0.49954,0.61379,0.42169,0.56317,0.33146,0.67962,0.24123,0.8545,0.18108,0.97621,0.11738,0.99462,0.05546,0.86317,0.00062,0.22835,0.00133,0.31421,0.04484,0.65768,0.06431,0.55035,0.11738,0.44302,0.174,0.32035,0.23415,0.18235,0.33146,0.09035,0.42346,0.25902,0.50661,0.42768,0.58623,0.46241,0.65523,0.39702,0.74192,0.22526,0.80738,0.06061,0.89407,0.06061,0.96484,0.36635,0.99301],"triangles":[10,19,11,19,18,11,11,18,12,18,17,12,12,17,13,17,14,13,17,16,14,16,15,14,8,21,9,8,22,21,21,20,9,9,20,10,20,19,10,25,24,6,24,7,6,24,23,7,23,8,7,23,22,8,3,26,4,26,25,4,4,25,5,25,6,5,0,30,1,1,30,29,29,2,1,29,28,2,28,27,2,2,27,3,27,26,3],"vertices":[1,15,2.23,-18.11,1,1,15,17.99,-26.18,1,1,15,50.63,-13.84,1,1,15,99.38,-14.83,1,2,15,146.1,-15.68,0.03477,16,11.3,-14.89,0.96523,1,16,57.44,-15.92,1,2,16,104.92,-4.75,0.04518,17,13.68,-11.95,0.95482,1,17,58.15,-9.46,1,2,17,102.78,-14.61,0.63343,18,0.2,-15.35,0.36657,1,18,51.39,-7.96,1,2,18,103.44,-11.56,0.81365,19,-13.28,-10.51,0.18635,1,19,22.77,-14.64,1,1,19,60.08,-14.92,1,1,19,94.98,-8.74,1,1,19,123.85,6.28,1,1,19,114.74,47.17,1,1,19,91.57,36.45,1,1,19,85.4,11.96,1,1,19,54.23,12.57,1,2,18,140.55,7.04,0.03509,19,21.08,12.76,0.96491,1,18,105.61,12.4,1,1,18,49.41,17.1,1,2,17,110.25,19.14,0.50967,18,-3.53,19.01,0.49033,1,17,61.41,19.99,1,1,17,14.53,20.34,1,2,16,54.74,17.68,0.936,17,-24.3,27.78,0.064,2,15,142.03,14.61,0.23185,16,5.03,15.02,0.76815,1,15,103.91,23.41,1,1,15,53.71,30.93,1,1,15,13.32,28.22,1,1,15,-1.4,7.01,1],"edges":[0,2,2,4,4,6,6,8,8,10,10,12,12,14,14,16,16,18,18,20,20,22,22,24,24,26,26,28,28,30,30,32,32,34,34,36,36,38,38,40,40,42,42,44,44,46,46,48,48,50,50,52,52,54,54,56,56,58,58,60,0,60,58,2,56,4,54,6,52,8,50,10,48,12,46,14,44,16,42,18,40,20,38,22,36,24,34,26,28,32]}},"007shadow11":{"007shadow11":{"x":110.03,"y":0.86,"rotation":-74.25,"width":92,"height":225}},"007shadow12":{"007shadow12":{"x":70.7,"y":10.67,"rotation":19.59,"width":167,"height":118}},"007shadow2":{"007shadow2":{"x":44.31,"y":0.84,"rotation":-25.42,"width":114,"height":91}},"007shadow3":{"007shadow3":{"x":99.83,"y":1.58,"rotation":-91.33,"width":122,"height":270}},"007shadow4":{"007shadow4":{"x":44.43,"y":2.51,"rotation":-157.26,"width":114,"height":91}},"007shadow5":{"007shadow5":{"x":103.21,"y":-1.71,"rotation":-87.67,"width":124,"height":270}},"007shadow6":{"007body2":{"type":"mesh","path":"007shadow6","hull":12,"width":220,"height":446,"uvs":[0.98182,0.99103,0.01818,0.99103,0.01818,0.79462,0.01818,0.59821,0.01818,0.40179,0.01818,0.20538,0.01818,0.00897,0.98182,0.00897,0.98182,0.20538,0.98182,0.40179,0.98182,0.59821,0.98182,0.79462],"triangles":[9,8,4,4,8,5,8,7,5,5,7,6,10,9,3,3,9,4,0,11,1,1,11,2,11,10,2,2,10,3],"vertices":[1,1,106,-90.8,1,1,1,-106,-90.8,1,1,1,-106,-3.2,1,4,1,-106,84.4,0.02652,2,73.23,105.37,0.4181,5,-5.43,105.44,0.50956,6,-73.78,103.89,0.04582,3,2,160.83,105.37,0.04735,5,82.16,104.36,0.40149,6,13.82,104.68,0.55116,2,5,169.75,103.28,0.03438,6,101.42,105.48,0.96562,1,6,189.01,106.28,1,2,5,254.73,-109.78,0.00009,6,190.94,-105.72,0.99991,2,5,167.14,-108.7,0.06189,6,103.34,-106.51,0.93811,3,2,160.83,-106.63,0.01573,5,79.54,-107.62,0.40219,6,15.75,-107.31,0.58209,4,1,106,84.4,0.04367,2,73.23,-106.63,0.37845,5,-8.05,-106.54,0.46752,6,-71.85,-108.11,0.11036,1,1,106,-3.2,1],"edges":[0,2,2,4,4,6,6,8,8,10,10,12,12,14,14,16,16,18,18,20,20,22,22,0]},"007shadow6":{"x":117.03,"y":-0.63,"rotation":-90,"width":220,"height":446}},"007shadow7":{"007shadow7":{"x":81.06,"y":8.99,"rotation":86.94,"width":151,"height":202}},"007shadow8":{"007shadow8":{"x":57.71,"y":-13.39,"rotation":155.56,"width":167,"height":118}},"007shadow9":{"007shadow9":{"x":85.29,"y":-11.72,"rotation":93.54,"width":151,"height":202}},"007shetou":{"007shetou":{"type":"mesh","hull":31,"width":58,"height":564,"uvs":[0.78412,0.99656,0.94116,0.96964,0.76667,0.91043,0.78412,0.8243,0.87136,0.74176,1,0.66102,0.90626,0.57489,0.73178,0.49953,0.57474,0.42058,0.5224,0.32907,0.66198,0.23756,0.85391,0.17655,1,0.11196,1,0.04915,0.87136,0,0.19088,0,0.29557,0.03839,0.67943,0.05813,0.55729,0.11196,0.43516,0.16937,0.29557,0.23038,0.13854,0.32907,0.03385,0.42237,0.22578,0.50671,0.41771,0.58745,0.5224,0.65743,0.38281,0.74535,0.24323,0.81174,0,0.89966,0,0.97144,0.34791,1],"triangles":[10,19,11,19,18,11,11,18,12,18,17,12,17,13,12,17,14,13,17,16,14,16,15,14,8,21,9,8,22,21,21,20,9,9,20,10,20,19,10,25,24,6,24,7,6,24,23,7,23,8,7,23,22,8,3,26,4,26,25,4,4,25,5,25,6,5,0,30,1,1,30,29,29,2,1,29,28,2,28,27,2,2,27,3,27,26,3],"vertices":[1,15,2.23,-18.11,1,1,15,17.99,-26.18,1,1,15,50.63,-13.84,1,1,15,99.16,-11.6,1,2,15,145.95,-13.53,0.03477,16,11,-12.76,0.96523,1,16,57.13,-13.78,1,2,16,104.47,-1.6,0.04518,17,14.46,-8.87,0.95482,1,17,58.15,-9.46,1,2,17,103.55,-11.53,0.63343,18,-0.05,-12.19,0.36657,1,18,51.16,-5.1,1,2,18,103.25,-9.11,0.81365,19,-13.79,-8.11,0.18635,1,19,22.18,-11.84,1,1,19,59.57,-12.54,1,1,19,94.22,-5.17,1,1,19,119.78,7.9,1,1,19,111.57,46.5,1,1,19,91.65,36.06,1,1,19,85.4,11.96,1,1,19,54.23,12.57,1,2,18,140.55,7.04,0.03509,19,21.08,12.76,0.96491,1,18,105.61,12.4,1,1,18,49.41,17.1,1,2,17,110.25,19.14,0.50967,18,-3.53,19.01,0.49033,1,17,61.41,19.99,1,1,17,14.53,20.34,1,2,16,55.27,13.93,0.936,17,-25.23,24.11,0.064,2,15,142.03,14.61,0.23185,16,5.03,15.02,0.76815,1,15,104.13,20.18,1,1,15,53.71,30.93,1,1,15,13.32,28.22,1,1,15,-1.4,7.01,1],"edges":[0,2,2,4,4,6,6,8,8,10,10,12,12,14,14,16,16,18,18,20,20,22,22,24,24,26,26,28,28,30,30,32,32,34,34,36,36,38,38,40,40,42,42,44,44,46,46,48,48,50,50,52,52,54,54,56,56,58,58,60,0,60,58,2,56,4,54,6,52,8,50,10,48,12,46,14,44,16,42,18,40,20,38,22,36,24,34,26,28,32]}}}},"events":{"hit":{}},"animations":{"animationBack":{"bones":{"007hand1":{"rotate":[{"time":0,"angle":-27.63,"curve":[0.25,0,0.75,1]},{"time":0.1667,"angle":-34.34,"curve":[0.25,0,0.75,1]},{"time":0.2333,"angle":-35.93,"curve":[0.25,0,0.75,1]},{"time":0.6,"angle":13.9,"curve":[0.25,0,0.75,1]},{"time":0.6667,"angle":15.59,"curve":[0.25,0,0.75,1]},{"time":1,"angle":-23.03}]},"007hand3":{"rotate":[{"time":0,"angle":0,"curve":[0.25,0,0.75,1]},{"time":0.1,"angle":-18.83,"curve":[0.25,0,0.75,1]},{"time":0.1667,"angle":-20.33,"curve":[0.25,0,0.75,1]},{"time":0.6,"angle":59.55,"curve":[0.25,0,0.75,1]},{"time":0.6667,"angle":60.67,"curve":[0.25,0,0.75,1]},{"time":1,"angle":0}]},"007leg3":{"rotate":[{"time":0,"angle":0,"curve":[0.25,0,0.75,1]},{"time":0.1333,"angle":13.93,"curve":[0.25,0,0.75,1]},{"time":0.2,"angle":14.38,"curve":[0.25,0,0.75,1]},{"time":0.6333,"angle":324.63,"curve":[0.25,0,0.75,1]},{"time":0.7,"angle":323.29,"curve":[0.25,0,0.75,1]},{"time":1,"angle":0}]},"007leg1":{"rotate":[{"time":0,"angle":13.88,"curve":[0.25,0,0.75,1]},{"time":0.2,"angle":27.52,"curve":[0.25,0,0.75,1]},{"time":0.2667,"angle":29.51,"curve":[0.25,0,0.75,1]},{"time":0.6333,"angle":-11.12,"curve":"stepped"},{"time":0.7,"angle":-11.12,"curve":[0.25,0,0.75,1]},{"time":1,"angle":13.88}]},"007hand":{"rotate":[{"time":0,"angle":22.27,"curve":[0.25,0,0.75,1]},{"time":0.1667,"angle":28.91,"curve":[0.25,0,0.75,1]},{"time":0.2333,"angle":27.31,"curve":[0.25,0,0.75,1]},{"time":0.6,"angle":-15.06,"curve":[0.25,0,0.75,1]},{"time":0.6667,"angle":-13.38,"curve":[0.25,0,0.75,1]},{"time":1,"angle":15.85}]},"007hand5":{"rotate":[{"time":0,"angle":0,"curve":[0.25,0,0.75,1]},{"time":0.1,"angle":20.08,"curve":[0.25,0,0.75,1]},{"time":0.1667,"angle":18.59,"curve":[0.25,0,0.75,1]},{"time":0.6,"angle":-44.89,"curve":[0.25,0,0.75,1]},{"time":0.6667,"angle":-43.78,"curve":[0.25,0,0.75,1]},{"time":1,"angle":0}]},"007leg5":{"rotate":[{"time":0,"angle":0,"curve":[0.25,0,0.75,1]},{"time":0.1333,"angle":-15.6,"curve":[0.25,0,0.75,1]},{"time":0.2,"angle":-15.14,"curve":[0.25,0,0.75,1]},{"time":0.6333,"angle":39.89,"curve":[0.25,0,0.75,1]},{"time":0.7,"angle":38.55,"curve":[0.25,0,0.75,1]},{"time":1,"angle":0}]},"007leg4":{"rotate":[{"time":0,"angle":-21.48,"curve":[0.25,0,0.75,1]},{"time":0.2,"angle":-36.1,"curve":[0.25,0,0.75,1]},{"time":0.2667,"angle":-34.12,"curve":[0.25,0,0.75,1]},{"time":0.6333,"angle":0.06,"curve":"stepped"},{"time":0.7,"angle":0.06,"curve":[0.25,0,0.75,1]},{"time":1,"angle":-21.48}]},"bone2":{"rotate":[{"time":0,"angle":0,"curve":[0.25,0,0.75,1]},{"time":0.5,"angle":1.77,"curve":[0.25,0,0.75,1]},{"time":1,"angle":0}]},"bone3":{"rotate":[{"time":0,"angle":0.08,"curve":[0.382,0.57,0.735,1]},{"time":0.1667,"angle":-1.22,"curve":[0.25,0,0.75,1]},{"time":0.6667,"angle":3.36,"curve":[0.243,0,0.649,0.6]},{"time":1,"angle":0.08}]},"bone4":{"rotate":[{"time":0,"angle":0.17,"curve":[0.351,0.4,0.757,1]},{"time":0.3333,"angle":-2.6,"curve":[0.25,0,0.75,1]},{"time":0.8333,"angle":1.26,"curve":[0.265,0,0.618,0.43]},{"time":1,"angle":0.17}]}}},"beaten":{"bones":{"007hand1":{"rotate":[{"time":0,"angle":-15.55},{"time":0.1667,"angle":6.42},{"time":0.3333,"angle":0,"curve":"stepped"},{"time":0.4,"angle":0}],"scale":[{"time":0,"x":1.052,"y":1.059},{"time":0.1667,"x":1.014,"y":1.014},{"time":0.3333,"x":0.974,"y":0.974},{"time":0.4,"x":1,"y":1}]},"007hand3":{"rotate":[{"time":0,"angle":19.61},{"time":0.1667,"angle":-3.91},{"time":0.3333,"angle":0,"curve":"stepped"},{"time":0.4,"angle":0}],"scale":[{"time":0,"x":1.044,"y":1.059},{"time":0.1667,"x":1.014,"y":1.014},{"time":0.3333,"x":0.974,"y":0.974},{"time":0.4,"x":1,"y":1}]},"007leg3":{"rotate":[{"time":0,"angle":-17.64},{"time":0.1667,"angle":-3.91},{"time":0.3333,"angle":0,"curve":"stepped"},{"time":0.4,"angle":0}],"scale":[{"time":0,"x":0.89,"y":1},{"time":0.1667,"x":0.973,"y":0.973},{"time":0.3333,"x":0.961,"y":0.961},{"time":0.4,"x":1,"y":1}]},"007leg1":{"rotate":[{"time":0,"angle":16.38},{"time":0.1667,"angle":2.99},{"time":0.3333,"angle":0,"curve":"stepped"},{"time":0.4,"angle":0}],"translate":[{"time":0,"x":0,"y":0,"curve":"stepped"},{"time":0.1667,"x":0,"y":0,"curve":"stepped"},{"time":0.3333,"x":0,"y":0,"curve":"stepped"},{"time":0.4,"x":0,"y":0}],"scale":[{"time":0,"x":0.89,"y":1},{"time":0.1667,"x":0.973,"y":0.973},{"time":0.3333,"x":0.961,"y":0.961},{"time":0.4,"x":1,"y":1}]},"007hand":{"rotate":[{"time":0,"angle":-11.31},{"time":0.1667,"angle":7.68},{"time":0.3333,"angle":8.42},{"time":0.4,"angle":0}],"scale":[{"time":0,"x":1,"y":1},{"time":0.1667,"x":1.047,"y":1.047},{"time":0.3333,"x":1.073,"y":1.073},{"time":0.4,"x":1,"y":1}]},"007hand5":{"rotate":[{"time":0,"angle":10.82},{"time":0.1667,"angle":-3.59},{"time":0.3333,"angle":-4.06},{"time":0.4,"angle":0}],"scale":[{"time":0,"x":1,"y":1},{"time":0.1667,"x":1.047,"y":1.047},{"time":0.3333,"x":1.073,"y":1.073},{"time":0.4,"x":1,"y":1}]},"007leg5":{"rotate":[{"time":0,"angle":28.58},{"time":0.1667,"angle":9.27},{"time":0.3333,"angle":3.57},{"time":0.4,"angle":0}],"scale":[{"time":0,"x":1,"y":1},{"time":0.1667,"x":1.023,"y":1.023},{"time":0.3333,"x":1.039,"y":1.039}]},"007leg4":{"rotate":[{"time":0,"angle":-36.15},{"time":0.1667,"angle":-3.86},{"time":0.3333,"angle":2.86},{"time":0.4,"angle":0}],"scale":[{"time":0,"x":1,"y":1},{"time":0.1667,"x":1.023,"y":1.023},{"time":0.3333,"x":1.039,"y":1.039}]},"bone2":{"rotate":[{"time":0,"angle":0,"curve":"stepped"},{"time":0.1667,"angle":0,"curve":"stepped"},{"time":0.3333,"angle":0,"curve":"stepped"},{"time":0.4,"angle":0}],"translate":[{"time":0,"x":0,"y":2.39},{"time":0.1667,"x":0,"y":0,"curve":"stepped"},{"time":0.3333,"x":0,"y":0,"curve":"stepped"},{"time":0.4,"x":0,"y":0}],"scale":[{"time":0,"x":1,"y":1.016},{"time":0.1667,"x":0.988,"y":0.98,"curve":"stepped"},{"time":0.3333,"x":0.988,"y":0.98},{"time":0.4,"x":1,"y":1}]},"bone3":{"rotate":[{"time":0,"angle":0,"curve":"stepped"},{"time":0.1667,"angle":0,"curve":"stepped"},{"time":0.3333,"angle":0,"curve":"stepped"},{"time":0.4,"angle":0}],"translate":[{"time":0,"x":-45.41,"y":0},{"time":0.1667,"x":0,"y":0,"curve":"stepped"},{"time":0.3333,"x":0,"y":0,"curve":"stepped"},{"time":0.4,"x":0,"y":0}],"scale":[{"time":0,"x":1,"y":1.006},{"time":0.1667,"x":0.988,"y":0.98,"curve":"stepped"},{"time":0.3333,"x":0.988,"y":0.98},{"time":0.4,"x":1,"y":1}]},"bone4":{"rotate":[{"time":0,"angle":0,"curve":"stepped"},{"time":0.1667,"angle":0,"curve":"stepped"},{"time":0.3333,"angle":0,"curve":"stepped"},{"time":0.4,"angle":0}],"translate":[{"time":0,"x":8.36,"y":-0.1},{"time":0.1667,"x":0,"y":0,"curve":"stepped"},{"time":0.3333,"x":0,"y":0,"curve":"stepped"},{"time":0.4,"x":0,"y":0}],"scale":[{"time":0,"x":1,"y":1.006},{"time":0.1667,"x":0.988,"y":0.98,"curve":"stepped"},{"time":0.3333,"x":0.988,"y":0.98},{"time":0.4,"x":1,"y":1}]},"007bei2":{"rotate":[{"time":0,"angle":0,"curve":"stepped"},{"time":0.1667,"angle":0,"curve":"stepped"},{"time":0.3333,"angle":0,"curve":"stepped"},{"time":0.4,"angle":0}],"translate":[{"time":0,"x":-2.65,"y":0,"curve":"stepped"},{"time":0.1667,"x":-2.65,"y":0,"curve":"stepped"},{"time":0.3333,"x":-2.65,"y":0,"curve":"stepped"},{"time":0.4,"x":-2.65,"y":0}],"scale":[{"time":0,"x":0.837,"y":1},{"time":0.1667,"x":1,"y":1,"curve":"stepped"},{"time":0.3333,"x":1,"y":1,"curve":"stepped"},{"time":0.4,"x":1,"y":1}]},"007bei":{"rotate":[{"time":0,"angle":0,"curve":"stepped"},{"time":0.1667,"angle":0,"curve":"stepped"},{"time":0.3333,"angle":0,"curve":"stepped"},{"time":0.4,"angle":0}],"translate":[{"time":0,"x":-2.65,"y":0,"curve":"stepped"},{"time":0.1667,"x":-2.65,"y":0,"curve":"stepped"},{"time":0.3333,"x":-2.65,"y":0,"curve":"stepped"},{"time":0.4,"x":-2.65,"y":0}],"scale":[{"time":0,"x":0.837,"y":1},{"time":0.1667,"x":1,"y":1,"curve":"stepped"},{"time":0.3333,"x":1,"y":1,"curve":"stepped"},{"time":0.4,"x":1,"y":1}]},"007body":{"translate":[{"time":0,"x":0,"y":-37.31},{"time":0.1667,"x":0,"y":0,"curve":"stepped"},{"time":0.3333,"x":0,"y":0,"curve":"stepped"},{"time":0.4,"x":0,"y":0}]}}},"beaten2":{"bones":{"007hand1":{"rotate":[{"time":0,"angle":-15.55}],"scale":[{"time":0,"x":1.052,"y":1.059}]},"007hand3":{"rotate":[{"time":0,"angle":19.61}],"scale":[{"time":0,"x":1.044,"y":1.059}]},"007leg3":{"rotate":[{"time":0,"angle":-17.64}],"scale":[{"time":0,"x":0.89,"y":1}]},"007leg1":{"rotate":[{"time":0,"angle":16.38}],"translate":[{"time":0,"x":0,"y":0}],"scale":[{"time":0,"x":0.89,"y":1}]},"007hand":{"rotate":[{"time":0,"angle":-11.31}],"scale":[{"time":0,"x":1,"y":1}]},"007hand5":{"rotate":[{"time":0,"angle":10.82}],"scale":[{"time":0,"x":1,"y":1}]},"007leg5":{"rotate":[{"time":0,"angle":28.58}],"scale":[{"time":0,"x":1,"y":1}]},"007leg4":{"rotate":[{"time":0,"angle":-36.15}],"scale":[{"time":0,"x":1,"y":1}]},"bone2":{"rotate":[{"time":0,"angle":0}],"translate":[{"time":0,"x":0,"y":2.39}],"scale":[{"time":0,"x":1,"y":1.016}]},"bone3":{"rotate":[{"time":0,"angle":0}],"translate":[{"time":0,"x":-45.41,"y":0}],"scale":[{"time":0,"x":1,"y":1.006}]},"bone4":{"rotate":[{"time":0,"angle":0}],"translate":[{"time":0,"x":8.36,"y":-0.1}],"scale":[{"time":0,"x":1,"y":1.006}]},"007bei2":{"rotate":[{"time":0,"angle":0}],"translate":[{"time":0,"x":-2.65,"y":0}],"scale":[{"time":0,"x":0.837,"y":1}]},"007bei":{"rotate":[{"time":0,"angle":0}],"translate":[{"time":0,"x":-2.65,"y":0}],"scale":[{"time":0,"x":0.837,"y":1}]},"007body":{"translate":[{"time":0,"x":0,"y":-37.31}]}}},"dead":{"slots":{"007bei":{"color":[{"time":0.1,"color":"ffffffff"},{"time":0.2333,"color":"ffffff00"}]},"007bei2":{"color":[{"time":0.1,"color":"ffffffff"},{"time":0.2333,"color":"ffffff00"}]},"007body":{"color":[{"time":0.1,"color":"ffffffff"},{"time":0.2333,"color":"ffffff00"}]},"007hand":{"color":[{"time":0.1,"color":"ffffffff"},{"time":0.2333,"color":"ffffff00"}]},"007hand1":{"color":[{"time":0.1,"color":"ffffffff"},{"time":0.2333,"color":"ffffff00"}]},"007hand3":{"color":[{"time":0.1,"color":"ffffffff"},{"time":0.2333,"color":"ffffff00"}]},"007hand4":{"color":[{"time":0.1,"color":"ffffffff"},{"time":0.2333,"color":"ffffff00"}]},"007leg1":{"color":[{"time":0.1,"color":"ffffffff"},{"time":0.2333,"color":"ffffff00"}]},"007leg2":{"color":[{"time":0.1,"color":"ffffffff"},{"time":0.2333,"color":"ffffff00"}]},"007leg3":{"color":[{"time":0.1,"color":"ffffffff"},{"time":0.2333,"color":"ffffff00"}]},"007leg4":{"color":[{"time":0.1,"color":"ffffffff"},{"time":0.2333,"color":"ffffff00"}]},"007shadow1":{"color":[{"time":0.1,"color":"ffffffff"},{"time":0.2333,"color":"ffffff00"}]},"007shadow2":{"color":[{"time":0.1,"color":"ffffffff"},{"time":0.2333,"color":"ffffff00"}]},"007shadow3":{"color":[{"time":0.1,"color":"ffffffff"},{"time":0.2333,"color":"ffffff00"}]},"007shadow4":{"color":[{"time":0.1,"color":"ffffffff"},{"time":0.2333,"color":"ffffff00"}]},"007shadow5":{"color":[{"time":0.1,"color":"ffffffff"},{"time":0.2333,"color":"ffffff00"}]},"007shadow6":{"color":[{"time":0.1,"color":"ffffffff"},{"time":0.2333,"color":"ffffff00"}]},"007shadow7":{"color":[{"time":0.1,"color":"ffffffff"},{"time":0.2333,"color":"ffffff00"}]},"007shadow8":{"color":[{"time":0.1,"color":"ffffffff"},{"time":0.2333,"color":"ffffff00"}]},"007shadow9":{"color":[{"time":0.1,"color":"ffffffff"},{"time":0.2333,"color":"ffffff00"}]},"007shadow10":{"color":[{"time":0.1,"color":"ffffffff"},{"time":0.2333,"color":"ffffff00"}]},"007shadow11":{"color":[{"time":0.1,"color":"ffffffff"},{"time":0.2333,"color":"ffffff00"}]},"007shadow12":{"color":[{"time":0.1,"color":"ffffffff"},{"time":0.2333,"color":"ffffff00"}]},"007shetou":{"color":[{"time":0.1,"color":"ffffffff"},{"time":0.2333,"color":"ffffff00"}]}},"bones":{"007body":{"rotate":[{"time":0,"angle":0}],"translate":[{"time":0,"x":0,"y":0},{"time":0.1667,"x":0,"y":-72.79}]},"007hand5":{"rotate":[{"time":0,"angle":0},{"time":0.1667,"angle":220.77}],"translate":[{"time":0,"x":0,"y":0},{"time":0.1667,"x":142.16,"y":123.88}]},"007hand3":{"rotate":[{"time":0,"angle":0},{"time":0.1667,"angle":28.48}],"translate":[{"time":0,"x":0,"y":0},{"time":0.1667,"x":-183.21,"y":146.66}]},"007hand":{"rotate":[{"time":0,"angle":0},{"time":0.1667,"angle":-182.42}],"translate":[{"time":0,"x":0,"y":0},{"time":0.1667,"x":77.32,"y":-124.79}]},"007hand1":{"rotate":[{"time":0,"angle":0},{"time":0.1667,"angle":33.38}],"translate":[{"time":0,"x":0,"y":0},{"time":0.1667,"x":-216.17,"y":-97.65}]},"bone4":{"rotate":[{"time":0,"angle":0}],"translate":[{"time":0,"x":0,"y":0}]},"bone3":{"rotate":[{"time":0,"angle":0}],"translate":[{"time":0,"x":0,"y":0}]},"007bei2":{"rotate":[{"time":0,"angle":0},{"time":0.1667,"angle":-74.62}],"translate":[{"time":0,"x":0,"y":0},{"time":0.1667,"x":64.87,"y":359.66}]},"007bei":{"rotate":[{"time":0,"angle":0},{"time":0.1667,"angle":-65.21}],"translate":[{"time":0,"x":0,"y":0},{"time":0.1667,"x":92.49,"y":-164.3}]},"bone2":{"rotate":[{"time":0,"angle":0}],"translate":[{"time":0,"x":0,"y":0}]},"007leg5":{"rotate":[{"time":0,"angle":0},{"time":0.1667,"angle":97.51}],"translate":[{"time":0,"x":0,"y":0},{"time":0.1667,"x":304.89,"y":109.85}]},"007leg3":{"rotate":[{"time":0,"angle":0},{"time":0.1667,"angle":17.57}],"translate":[{"time":0,"x":0,"y":0},{"time":0.1667,"x":-61.58,"y":-149.55}]},"007leg4":{"rotate":[{"time":0,"angle":0},{"time":0.1667,"angle":154.62}],"translate":[{"time":0,"x":0,"y":0},{"time":0.1667,"x":183.88,"y":-195.55}]},"007leg1":{"rotate":[{"time":0,"angle":0},{"time":0.1667,"angle":4.97}],"translate":[{"time":0,"x":0,"y":0},{"time":0.1667,"x":60.31,"y":-164.75}]}}},"stand":{"bones":{"007leg3":{"rotate":[{"time":0,"angle":0}],"scale":[{"time":0,"x":1,"y":1}]},"007leg5":{"rotate":[{"time":0,"angle":0}]},"007leg1":{"rotate":[{"time":0,"angle":0}],"scale":[{"time":0,"x":1,"y":1}]},"007leg4":{"rotate":[{"time":0,"angle":0}]},"007hand1":{"rotate":[{"time":0,"angle":0}],"scale":[{"time":0,"x":1,"y":1}]},"007hand":{"rotate":[{"time":0,"angle":0}]},"007hand5":{"rotate":[{"time":0,"angle":0}]},"007hand3":{"rotate":[{"time":0,"angle":0}],"scale":[{"time":0,"x":1,"y":1}]},"bone2":{"translate":[{"time":0,"x":0,"y":0}]},"007body":{"translate":[{"time":0,"x":0,"y":0}]},"bone3":{"scale":[{"time":0,"x":1,"y":1}]}}},"strike":{"slots":{"007shadow10":{"attachment":[{"time":0.3,"name":"007shetou2"}]},"007shetou":{"attachment":[{"time":0.3,"name":"007shetou"}]}},"bones":{"007leg3":{"rotate":[{"time":0,"angle":0,"curve":[0.25,0,0.75,1]},{"time":0.1667,"angle":-23.96,"curve":[0.25,0,0.75,1]},{"time":0.2667,"angle":331.56,"curve":[0.25,0,0.75,1]},{"time":0.3,"angle":-1.88,"curve":[0.269,0,0.618,0.42]},{"time":0.4,"angle":0,"curve":[0.269,0,0.618,0.42]},{"time":0.5,"angle":-0.75,"curve":[0.299,0.19,0.64,0.55]},{"time":0.8,"angle":0}],"scale":[{"time":0,"x":1,"y":1,"curve":[0.25,0,0.75,1]},{"time":0.1667,"x":0.95,"y":0.95,"curve":"stepped"},{"time":0.2667,"x":0.95,"y":0.95,"curve":[0.25,0,0.75,1]},{"time":0.3,"x":1,"y":1,"curve":"stepped"},{"time":0.4,"x":1,"y":1,"curve":"stepped"},{"time":0.5,"x":1,"y":1,"curve":"stepped"},{"time":0.8,"x":1,"y":1}]},"007leg5":{"rotate":[{"time":0,"angle":0,"curve":[0.25,0,0.75,1]},{"time":0.1667,"angle":33.63,"curve":[0.25,0,0.75,1]},{"time":0.2667,"angle":35.56,"curve":[0.25,0,0.75,1]},{"time":0.3,"angle":0,"curve":"stepped"},{"time":0.4,"angle":0,"curve":[0.269,0,0.618,0.42]},{"time":0.5,"angle":0.93,"curve":[0.299,0.19,0.64,0.55]},{"time":0.8,"angle":0}]},"007leg1":{"rotate":[{"time":0,"angle":0,"curve":[0.25,0,0.75,1]},{"time":0.1667,"angle":21.18,"curve":[0.25,0,0.75,1]},{"time":0.2667,"angle":23.96,"curve":[0.25,0,0.75,1]},{"time":0.3,"angle":0,"curve":[0.269,0,0.618,0.42]},{"time":0.4,"angle":-0.63,"curve":[0.269,0,0.618,0.42]},{"time":0.5,"angle":0.63,"curve":[0.299,0.19,0.64,0.55]},{"time":0.8,"angle":0}],"scale":[{"time":0,"x":1,"y":1,"curve":[0.25,0,0.75,1]},{"time":0.1667,"x":0.95,"y":0.95,"curve":"stepped"},{"time":0.2667,"x":0.95,"y":0.95,"curve":[0.25,0,0.75,1]},{"time":0.3,"x":1,"y":1,"curve":"stepped"},{"time":0.4,"x":1,"y":1,"curve":"stepped"},{"time":0.5,"x":1,"y":1,"curve":"stepped"},{"time":0.8,"x":1,"y":1}]},"007leg4":{"rotate":[{"time":0,"angle":0,"curve":[0.25,0,0.75,1]},{"time":0.1667,"angle":-36.15,"curve":[0.25,0,0.75,1]},{"time":0.2667,"angle":-38.46,"curve":[0.25,0,0.75,1]},{"time":0.3,"angle":0,"curve":"stepped"},{"time":0.4,"angle":0,"curve":[0.269,0,0.618,0.42]},{"time":0.5,"angle":-1.01,"curve":[0.299,0.19,0.64,0.55]},{"time":0.8,"angle":0}]},"007hand1":{"rotate":[{"time":0,"angle":0,"curve":[0.25,0,0.75,1]},{"time":0.1667,"angle":-38.46,"curve":[0.25,0,0.75,1]},{"time":0.2667,"angle":-40.71,"curve":[0.25,0,0.75,1]},{"time":0.3,"angle":-58.97,"curve":[0.25,0,0.75,1]},{"time":0.4,"angle":-66.91,"curve":[0.25,0,0.75,1]},{"time":0.5,"angle":-55.08},{"time":1.1333,"angle":-50.84},{"time":1.3333,"angle":0}],"scale":[{"time":0,"x":1,"y":1,"curve":[0.25,0,0.75,1]},{"time":0.1667,"x":0.95,"y":0.95,"curve":"stepped"},{"time":0.2667,"x":0.95,"y":0.95,"curve":"stepped"},{"time":0.3,"x":0.95,"y":0.95,"curve":"stepped"},{"time":0.4,"x":0.95,"y":0.95,"curve":[0.302,0,0.638,0.36]},{"time":0.5,"x":0.953,"y":0.953,"curve":"stepped"},{"time":1.1333,"x":0.953,"y":0.953,"curve":[0.293,0.18,0.755,1]},{"time":1.3333,"x":1,"y":1}]},"007hand":{"rotate":[{"time":0,"angle":0,"curve":[0.25,0,0.75,1]},{"time":0.1667,"angle":37.52,"curve":[0.25,0,0.75,1]},{"time":0.2667,"angle":38.03,"curve":[0.25,0,0.75,1]},{"time":0.3,"angle":66.79,"curve":[0.25,0,0.75,1]},{"time":0.4,"angle":69.62,"curve":[0.25,0,0.75,1]},{"time":0.5,"angle":62.64},{"time":1.1333,"angle":57.44},{"time":1.3333,"angle":0}],"scale":[{"time":0.5,"x":1,"y":1}]},"007hand5":{"rotate":[{"time":0,"angle":0,"curve":[0.25,0,0.75,1]},{"time":0.1667,"angle":-36.78,"curve":[0.25,0,0.75,1]},{"time":0.2667,"angle":-37.72,"curve":[0.25,0,0.75,1]},{"time":0.3,"angle":-70.83,"curve":[0.25,0,0.75,1]},{"time":0.4,"angle":-72.09,"curve":[0.25,0,0.75,1]},{"time":0.5,"angle":-64.56},{"time":1.1333,"angle":-61.74},{"time":1.3333,"angle":0}],"scale":[{"time":0.5,"x":1,"y":1}]},"007hand3":{"rotate":[{"time":0,"angle":0,"curve":[0.25,0,0.75,1]},{"time":0.1667,"angle":42.55,"curve":[0.25,0,0.75,1]},{"time":0.2667,"angle":43.65,"curve":[0.25,0,0.75,1]},{"time":0.3,"angle":73.62,"curve":[0.25,0,0.75,1]},{"time":0.4,"angle":78.91,"curve":[0.25,0,0.75,1]},{"time":0.5,"angle":68.71},{"time":1.1333,"angle":65.23},{"time":1.3333,"angle":0}],"scale":[{"time":0,"x":1,"y":1,"curve":[0.25,0,0.75,1]},{"time":0.1667,"x":0.95,"y":0.95,"curve":"stepped"},{"time":0.2667,"x":0.95,"y":0.95,"curve":"stepped"},{"time":0.3,"x":0.95,"y":0.95,"curve":"stepped"},{"time":0.4,"x":0.95,"y":0.95,"curve":[0.302,0,0.638,0.36]},{"time":0.5,"x":0.953,"y":0.953,"curve":"stepped"},{"time":1.1333,"x":0.953,"y":0.953,"curve":[0.293,0.18,0.755,1]},{"time":1.3333,"x":1,"y":1}]},"bone2":{"translate":[{"time":0,"x":0,"y":0,"curve":"stepped"},{"time":0.1667,"x":0,"y":0,"curve":"stepped"},{"time":0.2667,"x":0,"y":0,"curve":"stepped"},{"time":0.3,"x":0,"y":0,"curve":"stepped"},{"time":0.4,"x":0,"y":0,"curve":"stepped"},{"time":0.5,"x":0,"y":0,"curve":"stepped"},{"time":0.8,"x":0,"y":0}]},"007body":{"translate":[{"time":0,"x":0,"y":0,"curve":[0.25,0,0.75,1]},{"time":0.1667,"x":0,"y":-60.14,"curve":[0.25,0,0.75,1]},{"time":0.2667,"x":0,"y":-70.7,"curve":[0.25,0,0.75,1]},{"time":0.3,"x":0,"y":0,"curve":"stepped"},{"time":0.4,"x":0,"y":0,"curve":[0.269,0,0.618,0.42]},{"time":0.5,"x":0,"y":-1.86,"curve":[0.299,0.19,0.64,0.55]},{"time":0.8,"x":0,"y":0}]},"bone3":{"scale":[{"time":0,"x":1,"y":1,"curve":[0.25,0,0.75,1]},{"time":0.1667,"x":1.05,"y":1.05,"curve":"stepped"},{"time":0.2667,"x":1.05,"y":1.05,"curve":[0.25,0,0.75,1]},{"time":0.3,"x":1,"y":1,"curve":"stepped"},{"time":0.4,"x":1,"y":1,"curve":"stepped"},{"time":0.5,"x":1,"y":1,"curve":"stepped"},{"time":0.8,"x":1,"y":1}]},"007shadow14":{"rotate":[{"time":0.3,"angle":-0.69,"curve":"stepped"},{"time":0.4,"angle":-0.69,"curve":[0.365,0.45,0.754,1]},{"time":0.4333,"angle":6.45,"curve":[0.25,0,0.75,1]},{"time":0.7,"angle":-5.25,"curve":[0.25,0,0.75,1]},{"time":0.8,"angle":3.46,"curve":[0.365,0.45,0.754,1]},{"time":0.9,"angle":-3.28,"curve":[0.365,0.45,0.754,1]},{"time":1.0667,"angle":6.45,"curve":[0.25,0,0.75,1]},{"time":1.2,"angle":-5.25,"curve":[0.25,0,0.75,1]},{"time":1.3333,"angle":6.81}],"scale":[{"time":0.3,"x":1.096,"y":1,"curve":"stepped"},{"time":0.4,"x":1.096,"y":1,"curve":"stepped"},{"time":1.2667,"x":1.096,"y":1},{"time":1.3333,"x":0.255,"y":1}]},"007shadow13":{"rotate":[{"time":0.3,"angle":2.59,"curve":[0.371,0.62,0.71,1]},{"time":0.3333,"angle":3.17,"curve":[0.25,0,0.75,1]},{"time":0.4,"angle":2.59,"curve":[0.371,0.62,0.71,1]},{"time":0.6,"angle":-2.83,"curve":[0.25,0,0.75,1]},{"time":0.8,"angle":2.59,"curve":[0.371,0.62,0.71,1]},{"time":0.8333,"angle":3.17,"curve":[0.25,0,0.75,1]},{"time":0.9,"angle":9.72,"curve":[0.371,0.62,0.71,1]},{"time":1.1,"angle":-2.83,"curve":[0.243,0,0.649,0.6]},{"time":1.2333,"angle":12.25,"curve":[0.382,0.57,0.735,1]},{"time":1.3333,"angle":10.38}],"scale":[{"time":0.3,"x":1.096,"y":1,"curve":"stepped"},{"time":0.4,"x":1.096,"y":1}]},"007shadow12":{"rotate":[{"time":0.3,"angle":1.68,"curve":"stepped"},{"time":0.4,"angle":1.68,"curve":[0.329,0.32,0.758,1]},{"time":0.5,"angle":-1.76,"curve":[0.25,0,0.75,1]},{"time":0.7333,"angle":2.35,"curve":[0.279,0,0.622,0.39]},{"time":0.8,"angle":1.68,"curve":[0.329,0.32,0.758,1]},{"time":0.9,"angle":-3.35,"curve":[0.329,0.32,0.758,1]},{"time":1,"angle":-1.76,"curve":[0.246,0,0.633,0.54]},{"time":1.1333,"angle":0.68,"curve":[0.38,0.53,0.745,1]},{"time":1.2333,"angle":-14.57,"curve":[0.279,0,0.622,0.39]},{"time":1.3333,"angle":-10.78}],"scale":[{"time":0.3,"x":1.096,"y":1,"curve":"stepped"},{"time":0.4,"x":1.096,"y":1}]},"007shadow11":{"rotate":[{"time":0.3,"angle":0.18,"curve":"stepped"},{"time":0.4,"angle":0.18,"curve":[0.382,0.55,0.741,1]},{"time":0.6333,"angle":2.16,"curve":[0.245,0,0.64,0.57]},{"time":0.8,"angle":0.18,"curve":[0.382,0.55,0.741,1]},{"time":0.9,"angle":-0.39,"curve":[0.382,0.55,0.741,1]},{"time":1.1333,"angle":2.16,"curve":[0.25,0,0.624,0.5]},{"time":1.2667,"angle":3.05,"curve":[0.335,0.34,0.671,0.68]},{"time":1.3333,"angle":0.18}],"scale":[{"time":0.3,"x":1.096,"y":1,"curve":"stepped"},{"time":0.4,"x":1.096,"y":1}]},"007shadow10":{"rotate":[{"time":0.3,"angle":-0.16,"curve":"stepped"},{"time":0.4,"angle":-0.16,"curve":[0.25,0,0.75,1]},{"time":0.5333,"angle":1.55,"curve":[0.25,0,0.75,1]},{"time":0.8,"angle":-0.16,"curve":"stepped"},{"time":0.9,"angle":-0.16,"curve":[0.25,0,0.75,1]},{"time":1.0333,"angle":1.55,"curve":[0.25,0,0.75,1]},{"time":1.3333,"angle":-0.16}],"translate":[{"time":1.0333,"x":0,"y":0,"curve":"stepped"},{"time":1.3333,"x":0,"y":0}],"scale":[{"time":0.3,"x":1.096,"y":1,"curve":"stepped"},{"time":0.4,"x":1.096,"y":1,"curve":"stepped"},{"time":1.0333,"x":1.096,"y":1},{"time":1.3333,"x":0.136,"y":1}]}},"events":[{"time":0.3,"name":"hit"}]},"walk":{"bones":{"007hand1":{"rotate":[{"time":0,"angle":-74.84},{"time":0.3333,"angle":25},{"time":0.5333,"angle":24.18},{"time":0.8333,"angle":-68.62},{"time":1,"angle":-74.84}],"scale":[{"time":0,"x":0.951,"y":0.951},{"time":0.3333,"x":1,"y":1,"curve":"stepped"},{"time":0.8333,"x":1,"y":1},{"time":1,"x":0.951,"y":0.951}]},"007hand3":{"rotate":[{"time":0,"angle":-23.06,"curve":[0.255,0,0.62,0.47]},{"time":0.3333,"angle":74.51,"curve":[0.333,0.33,0.666,0.67]},{"time":0.5333,"angle":76.44,"curve":[0.333,0.33,0.666,0.67]},{"time":0.8333,"angle":-21.29,"curve":[0.255,0,0.62,0.47]},{"time":1,"angle":-23.06}],"scale":[{"time":0.3333,"x":1,"y":1},{"time":0.5333,"x":0.951,"y":0.951}]},"007leg3":{"rotate":[{"time":0,"angle":29.91,"curve":[0.25,0,0.75,1]},{"time":0.2667,"angle":319.77},{"time":0.4667,"angle":318.91},{"time":0.7667,"angle":28.7,"curve":[0.25,0,0.75,1]},{"time":1,"angle":29.91}],"scale":[{"time":0.2667,"x":1,"y":1},{"time":0.4667,"x":0.951,"y":0.951}]},"007leg1":{"rotate":[{"time":0,"angle":37.76},{"time":0.2667,"angle":-31.85},{"time":0.4667,"angle":-31.58},{"time":0.7667,"angle":36.24},{"time":1,"angle":37.76}],"translate":[{"time":0,"x":0,"y":9.61}],"scale":[{"time":0,"x":0.951,"y":0.951},{"time":0.2667,"x":1,"y":1,"curve":"stepped"},{"time":0.7667,"x":1,"y":1},{"time":1,"x":0.951,"y":0.951}]},"007hand":{"rotate":[{"time":0,"angle":63.71},{"time":0.3333,"angle":-26.2},{"time":0.5333,"angle":-24.92},{"time":0.8333,"angle":58.85},{"time":1,"angle":63.71}]},"007hand5":{"rotate":[{"time":0,"angle":17.66,"curve":[0.255,0,0.62,0.47]},{"time":0.3333,"angle":-58.5,"curve":[0.333,0.33,0.666,0.67]},{"time":0.5333,"angle":-59.75,"curve":[0.333,0.33,0.666,0.67]},{"time":0.8333,"angle":18.67,"curve":[0.255,0,0.62,0.47]},{"time":1,"angle":17.66}]},"007leg5":{"rotate":[{"time":0,"angle":-27.1,"curve":[0.25,0,0.75,1]},{"time":0.2667,"angle":53.44},{"time":0.4667,"angle":55.88,"curve":[0.25,0,0.75,1]},{"time":0.7667,"angle":-27.93,"curve":[0.25,0,0.75,1]},{"time":1,"angle":-27.1}]},"007leg4":{"rotate":[{"time":0,"angle":-56.36},{"time":0.2667,"angle":23.34},{"time":0.4667,"angle":24.78},{"time":0.7667,"angle":-54.48},{"time":1,"angle":-56.36}]},"bone2":{"rotate":[{"time":0,"angle":-1.79,"curve":[0.25,0,0.75,1]},{"time":0.3667,"angle":7.63,"curve":[0.242,0,0.664,0.66]},{"time":0.8,"angle":-7.35,"curve":[0.377,0.61,0.719,1]},{"time":1,"angle":-1.79}],"scale":[{"time":0,"x":1,"y":1,"curve":[0.25,0,0.75,1]},{"time":0.3667,"x":0.99,"y":0.99,"curve":[0.25,0,0.75,1]},{"time":1,"x":1,"y":1}]},"bone3":{"rotate":[{"time":0,"angle":-3.3,"curve":[0.336,0.34,0.669,0.68]},{"time":0.1333,"angle":8.15,"curve":[0.34,0.36,0.674,0.69]},{"time":0.6667,"angle":-8.8,"curve":[0.34,0.36,0.674,0.69]},{"time":1,"angle":-3.3}]},"bone4":{"rotate":[{"time":0,"angle":3.93,"curve":[0.333,0.33,0.667,0.67]},{"time":0.1667,"angle":-6.32,"curve":[0.331,0.32,0.664,0.66]},{"time":0.4,"angle":9.79,"curve":[0.331,0.33,0.665,0.66]},{"time":0.6667,"angle":6.12,"curve":[0.333,0.33,0.666,0.66]},{"time":0.8333,"angle":0.03,"curve":[0.333,0.33,0.666,0.67]},{"time":1,"angle":3.93}]},"007bei2":{"rotate":[{"time":0,"angle":0,"curve":[0.25,0,0.75,1]},{"time":0.5,"angle":2.27,"curve":[0.25,0,0.75,1]},{"time":1,"angle":0}]},"007bei":{"rotate":[{"time":0,"angle":-1.93,"curve":[0.25,0,0.75,1]},{"time":0.5,"angle":-1.76,"curve":[0.25,0,0.75,1]},{"time":1,"angle":-1.93}]}}}}},[0]]],0,0,[0],[-1],[0]],[[[2,"enemy7"],[3,"enemy7",1,[-7],[[5,-2],[6,-3,[5,35,80]],[7,-4],[8,-6,-5]],[0,"8f90PNcZdMUp0MuK5Satni",-1],[0,7.9,0,0,0,0,1,1,1,1]],[4,"ske",1,1,[-8],[0,"18TWzpUDRPBp4rnTA9cmQp",1],[5,92.4,144.8],[0,-82,0,0,0,0,1,1,1,1]],[9,"walk",1,1,"walk",true,2,[0]]],0,[0,1,1,0,0,1,0,0,1,0,0,1,0,2,3,0,0,1,0,-1,2,0,-1,3,0,3,1,8],[0,3],[-1,4],[1,2]]]]