[1,["b9T8iH8YNEwapLZ5358vX8"],0,[["sp.SkeletonData",["_name","_atlasText","textureNames","_skeletonJson","textures"],-1,3]],[[0,0,1,2,3,4,5]],[[0,"fanshang","\nfanshang.png\nsize: 972,501\nformat: RGBA8888\nfilter: Linear,Linear\nrepeat: none\nfanshang/3\n  rotate: false\n  xy: 1, 1\n  size: 304, 304\n  orig: 304, 304\n  offset: 0, 0\n  index: -1\nfanshang/guanghuan\n  rotate: false\n  xy: 307, 1\n  size: 270, 269\n  orig: 270, 269\n  offset: 0, 0\n  index: -1\nfanshang/xia_1\n  rotate: false\n  xy: 1, 307\n  size: 127, 38\n  orig: 127, 38\n  offset: 0, 0\n  index: -1\nfanshang/xia_you\n  rotate: false\n  xy: 1, 347\n  size: 89, 29\n  orig: 89, 29\n  offset: 0, 0\n  index: -1\nfanshang/xia_zuo\n  rotate: false\n  xy: 881, 1\n  size: 89, 29\n  orig: 89, 29\n  offset: 0, 0\n  index: -1\nfanshang/zuoguang\n  rotate: false\n  xy: 825, 1\n  size: 54, 222\n  orig: 54, 222\n  offset: 0, 0\n  index: -1\nfanshang/1\n  rotate: false\n  xy: 579, 1\n  size: 244, 244\n  orig: 244, 244\n  offset: 0, 0\n  index: -1\nfanshang/guangdian\n  rotate: false\n  xy: 539, 272\n  size: 36, 36\n  orig: 36, 36\n  offset: 0, 0\n  index: -1\nfanshang/2\n  rotate: false\n  xy: 307, 272\n  size: 230, 227\n  orig: 230, 227\n  offset: 0, 0\n  index: -1\nfanshang/xiaodian\n  rotate: false\n  xy: 579, 247\n  size: 4, 4\n  orig: 4, 4\n  offset: 0, 0\n  index: -1\n",["fanshang.png"],{"skeleton":{"width":317.61,"height":304,"fps":24,"hash":" ","name":"Armaturefanshang"},"bones":[{"x":138.1272,"y":-61.6947,"name":"root"},{"x":-140.7272,"y":169.4947,"name":"2","parent":"root"},{"x":-136.8272,"y":168.8447,"scaleX":0.8159,"scaleY":0.8159,"name":"1","parent":"root"},{"x":-139.4272,"y":168.8447,"name":"guanghuan","parent":"root"},{"x":-139.4272,"y":168.1447,"name":"3","parent":"root"},{"x":-107.7494,"y":45.3885,"scaleX":0.8033,"scaleY":0.8033,"name":"xia_you","parent":"root"},{"x":-173.4272,"y":46.2006,"name":"xia_zuo","parent":"root"},{"x":-136.6272,"y":48.3414,"name":"xia_1","parent":"root"},{"x":-12.0772,"y":123.5447,"name":"xiaodian","parent":"root"},{"x":-195.524,"y":142.1036,"name":"guangdian","parent":"root"},{"x":-257.1772,"y":173.3947,"name":"zuoguang","parent":"root"},{"x":-139.4272,"y":168.8447,"scaleX":0.702,"scaleY":0.702,"name":"guanghuan1","parent":"root"},{"x":-139.4272,"y":168.8447,"scaleX":0.4485,"scaleY":0.4485,"name":"guanghuan11","parent":"root"},{"x":-27.0772,"y":173.3947,"scaleX":-1,"name":"zuoguang1","parent":"root"},{"x":-79.4533,"y":138.0629,"name":"guangdian1","parent":"root"},{"x":-113.8502,"y":245.5975,"name":"guangdian11","parent":"root"},{"x":-184.5634,"y":245.5975,"name":"guangdian111","parent":"root"},{"x":-79.6402,"y":195.45,"scaleX":0.5474,"scaleY":0.5474,"name":"guangdian1111","parent":"root"}],"slots":[{"name":"3","bone":"3","blend":"additive","attachment":"fanshang/3"},{"name":"guanghuan","bone":"guanghuan","blend":"additive","attachment":"fanshang/guanghuan"},{"name":"xia_1","bone":"xia_1","attachment":"fanshang/xia_1"},{"name":"xia_you","bone":"xia_you","attachment":"fanshang/xia_you"},{"name":"xia_zuo","bone":"xia_zuo","attachment":"fanshang/xia_zuo"},{"name":"zuoguang","bone":"zuoguang","blend":"additive"},{"name":"1","bone":"1","blend":"additive","attachment":"fanshang/1"},{"name":"guangdian","bone":"guangdian","blend":"additive","attachment":"fanshang/guangdian"},{"name":"2","bone":"2","blend":"additive","attachment":"fanshang/2"},{"name":"xiaodian","bone":"xiaodian","attachment":"fanshang/xiaodian"},{"name":"guanghuan1","bone":"guanghuan1","blend":"additive","attachment":"fanshang/guanghuan"},{"name":"guanghuan11","bone":"guanghuan11","blend":"additive","attachment":"fanshang/guanghuan"},{"name":"zuoguang1","bone":"zuoguang1","blend":"additive"},{"name":"guangdian1","bone":"guangdian1","blend":"additive","attachment":"fanshang/guangdian"},{"name":"guangdian11","bone":"guangdian11","blend":"additive","attachment":"fanshang/guangdian"},{"name":"guangdian111","bone":"guangdian111","blend":"additive","attachment":"fanshang/guangdian"},{"name":"guangdian1111","bone":"guangdian1111","blend":"additive","attachment":"fanshang/guangdian"}],"skins":{"default":{"1":{"fanshang/1":{"name":"fanshang/1","width":244,"height":244,"x":-3.86,"y":5.02}},"2":{"fanshang/2":{"name":"fanshang/2","width":230,"height":227,"x":-0.96,"y":6.87}},"3":{"fanshang/3":{"name":"fanshang/3","width":304,"height":304,"x":-2.26,"y":7.72}},"guangdian111":{"fanshang/guangdian":{"name":"fanshang/guangdian","width":36,"height":36,"x":-0.08,"y":1.12}},"xia_zuo":{"fanshang/xia_zuo":{"name":"fanshang/xia_zuo","width":89,"height":29,"x":-11.76,"y":11.07}},"zuoguang":{"fanshang/zuoguang":{"name":"fanshang/zuoguang","width":54,"height":222,"x":8.49,"y":4.47}},"xiaodian":{"fanshang/xiaodian":{"name":"fanshang/xiaodian","width":4,"height":4,"x":34,"y":-0.68}},"guanghuan1":{"fanshang/guanghuan":{"name":"fanshang/guanghuan","width":270,"height":269,"x":-1.26,"y":12.52}},"zuoguang1":{"fanshang/zuoguang":{"name":"fanshang/zuoguang","width":54,"height":222,"x":8.49,"y":4.47}},"xia_1":{"fanshang/xia_1":{"name":"fanshang/xia_1","width":127,"height":38,"x":-6.56,"y":15.57}},"guangdian1":{"fanshang/guangdian":{"name":"fanshang/guangdian","width":36,"height":36,"x":-0.08,"y":1.12}},"guangdian11":{"fanshang/guangdian":{"name":"fanshang/guangdian","width":36,"height":36,"x":-0.08,"y":1.12}},"guanghuan":{"fanshang/guanghuan":{"name":"fanshang/guanghuan","width":270,"height":269,"x":-1.26,"y":12.52}},"guangdian1111":{"fanshang/guangdian":{"name":"fanshang/guangdian","width":36,"height":36,"x":-0.08,"y":1.12}},"xia_you":{"fanshang/xia_you":{"name":"fanshang/xia_you","width":89,"height":29,"x":16.89,"y":11.07}},"guangdian":{"fanshang/guangdian":{"name":"fanshang/guangdian","width":36,"height":36,"x":-0.08,"y":1.12}},"guanghuan11":{"fanshang/guanghuan":{"name":"fanshang/guanghuan","width":270,"height":269,"x":-1.26,"y":12.52}}}},"animations":{"action":{"bones":{"1":{"scale":[{"time":0,"x":0.93,"y":0.93},{"time":0.25,"x":1.11,"y":1.11},{"time":0.5,"x":1.07,"y":1.07},{"time":0.625,"x":0.83,"y":0.83},{"time":0.7917,"x":0.93,"y":0.93}]},"2":{"scale":[{"time":0,"x":0.93,"y":0.93},{"time":0.125,"x":0.93,"y":0.93},{"time":0.375,"x":1.03,"y":1.03}]},"3":{"scale":[{"time":0,"curve":"stepped","x":1,"y":1},{"time":0.3333,"x":0.99,"y":0.99},{"time":0.7083,"x":1.06,"y":1.06}]},"xia_you":{"translate":[{"time":0},{"time":0.5,"x":38.44,"y":4.98}],"scale":[{"time":0,"x":1,"y":1},{"time":0.5,"x":1.33,"y":1.33}]},"xia_zuo":{"translate":[{"time":0},{"time":0.5,"x":-32.22}],"scale":[{"time":0,"x":1,"y":1},{"time":0.5,"x":1.22,"y":1.22}]},"xia_1":{"translate":[{"time":0},{"time":0.5,"y":-9.13}],"scale":[{"time":0,"x":1,"y":0.89},{"time":0.5,"x":1.34,"y":1.34}]},"guangdian":{"translate":[{"time":0},{"time":0.5417,"x":-74.61,"y":-45.93}],"scale":[{"time":0,"x":0.77,"y":0.77},{"time":0.2917,"x":0.84,"y":0.84},{"time":0.5417,"x":0.48,"y":0.48}]},"zuoguang":{"translate":[{"time":0,"curve":"stepped"},{"time":0.375,"x":25.01},{"time":0.75,"x":-3.81}]},"guanghuan1":{"scale":[{"time":0,"curve":"stepped","x":1,"y":1},{"time":0.2083,"x":0.89,"y":0.89},{"time":0.5833,"x":1.47,"y":1.47},{"time":0.7083,"x":1.74,"y":1.74}]},"guanghuan11":{"scale":[{"time":0,"curve":"stepped","x":1,"y":1},{"time":0.125,"x":1.07,"y":1.07},{"time":0.375,"x":1.32,"y":1.32},{"time":0.7083,"x":1.79,"y":1.79}]},"zuoguang1":{"translate":[{"time":0,"curve":"stepped"},{"time":0.375,"x":-15.99},{"time":0.7917,"x":10.19}]},"guangdian1":{"translate":[{"time":0},{"time":0.3333,"x":62.06,"y":-29.87}],"scale":[{"time":0,"x":0.77,"y":0.77},{"time":0.1667,"x":0.62,"y":0.62},{"time":0.3334,"x":0.38,"y":0.38}]},"guangdian11":{"translate":[{"time":0},{"time":0.3333,"x":28.77,"y":49.48}],"scale":[{"time":0,"x":0.77,"y":0.77},{"time":0.1667,"x":0.62,"y":0.62},{"time":0.3334,"x":0.38,"y":0.38}]},"guangdian111":{"translate":[{"time":0},{"time":0.4167,"x":-30.83,"y":63.63}],"scale":[{"time":0,"x":0.77,"y":0.77},{"time":0.1667,"x":0.62,"y":0.62},{"time":0.4167,"x":0.38,"y":0.38}]},"guangdian1111":{"translate":[{"time":0,"curve":"stepped"},{"time":0.1667},{"time":0.625,"x":72.76,"y":36.91}],"scale":[{"time":0,"curve":"stepped","x":1,"y":1},{"time":0.1667,"x":0.77,"y":0.77},{"time":0.3334,"x":0.62,"y":0.62},{"time":0.5001,"x":1.25,"y":1.25},{"time":0.6251,"x":0.38,"y":0.38}]}},"slots":{"1":{"color":[{"time":0,"color":"FFFFFF45"},{"time":0.25,"color":"7D91FF99"},{"time":0.5,"curve":"stepped","color":"FFFFFF00"},{"time":0.625,"color":"FFFFFF00"},{"time":0.7917,"color":"FFFFFF45"}]},"2":{"attachment":[{"time":0,"name":""},{"time":0.125,"name":"fanshang/2"}],"color":[{"time":0,"curve":"stepped","color":"FFFFFFFF"},{"time":0.125,"color":"FFFFFF00"},{"time":0.375,"color":"FFFFFF85"},{"time":0.5417,"color":"FFFACC47"},{"time":0.7917,"color":"99FFF200"}]},"3":{"attachment":[{"time":0,"name":""},{"time":0.3333,"name":"fanshang/3"}],"color":[{"time":0,"curve":"stepped","color":"FFFFFFFF"},{"time":0.3333,"color":"FFFFFF00"},{"time":0.5416,"color":"000FAD8F"},{"time":0.7083,"color":"000D8500"},{"time":0.7916,"color":"FFFFFF00"}]},"guanghuan":{"color":[{"time":0,"color":"FFFFFFFF"},{"time":0.25,"color":"FFFFFFB0"},{"time":0.4167,"color":"0024FFFF"},{"time":0.625,"color":"FFFFFF8F"},{"time":0.7917,"color":"FFFFFFFF"}]},"zuoguang":{"attachment":[{"time":0,"name":""},{"time":0.375,"name":"fanshang/zuoguang"}],"color":[{"time":0,"curve":"stepped","color":"FFFFFFFF"},{"time":0.375,"color":"FFFFFF00"},{"time":0.5833,"color":"3B47FF47"},{"time":0.6666,"color":"FFFFFF1A"},{"time":0.7499,"color":"FFFFFF00"}]},"guangdian":{"color":[{"time":0,"color":"FFFFFFFF"},{"time":0.3333,"color":"EB75FFFF"},{"time":0.5416,"color":"FFFFFF00"}]},"xia_1":{"color":[{"time":0,"color":"FFFFFF00"},{"time":0.25,"color":"B38A8AD9"},{"time":0.5,"color":"FFFFFF00"}]},"xia_you":{"color":[{"time":0,"color":"FFFFFF00"},{"time":0.2083,"color":"FFFFFFFF"},{"time":0.5,"color":"FFFFFF00"}]},"xia_zuo":{"color":[{"time":0,"color":"FFFFFF00"},{"time":0.2083,"color":"FFFFFFFF"},{"time":0.5,"color":"FFFFFF00"}]},"guanghuan1":{"color":[{"time":0,"color":"FFFFFF00"},{"time":0.2083,"color":"003DFF8F"},{"time":0.4166,"color":"FFFFFFFF"},{"time":0.7083,"color":"7D00FF00"}]},"guanghuan11":{"color":[{"time":0,"color":"FFFFFF00"},{"time":0.125,"color":"003DFF8F"},{"time":0.375,"color":"FFFFFF8F"},{"time":0.7083,"color":"7D00FF00"}]},"zuoguang1":{"attachment":[{"time":0,"name":""},{"time":0.375,"name":"fanshang/zuoguang"}],"color":[{"time":0,"curve":"stepped","color":"FFFFFFFF"},{"time":0.375,"color":"FFFFFF00"},{"time":0.625,"color":"3B47FF85"},{"time":0.7083,"color":"001FFF40"},{"time":0.7916,"color":"FFFFFF00"}]},"guangdian1":{"color":[{"time":0,"color":"FFFFFFFF"},{"time":0.2083,"color":"EB75FFFF"},{"time":0.3333,"color":"FFFFFF00"}]},"guangdian11":{"color":[{"time":0,"color":"FFFFFFFF"},{"time":0.2083,"color":"EB75FFFF"},{"time":0.3333,"color":"FFFFFF00"}]},"guangdian111":{"color":[{"time":0,"color":"FFFFFFFF"},{"time":0.2083,"color":"EB75FFFF"},{"time":0.4166,"color":"FFFFFF00"}]},"guangdian1111":{"color":[{"time":0,"color":"FFFFFF00"},{"time":0.1667,"color":"FFFFFF36"},{"time":0.3334,"color":"C2F2FFFF"},{"time":0.5001,"color":"EB75FFFF"},{"time":0.6251,"color":"FFFFFF00"}]}}}}},[0]]],0,0,[0],[-1],[0]]