[1,["17JwCShOJD+4lXvML2i7o6"],0,[["sp.SkeletonData",["_name","_atlasText","textureNames","_skeletonJson","textures"],-1,3]],[[0,0,1,2,3,4,5]],[[0,"guide","\r\nguide.png\r\nsize: 512,512\r\nformat: RGBA8888\r\nfilter: Linear,Linear\r\nrepeat: none\r\ncircle1\r\n  rotate: false\r\n  xy: 270, 155\r\n  size: 126, 126\r\n  orig: 126, 126\r\n  offset: 0, 0\r\n  index: -1\r\ncircle2\r\n  rotate: false\r\n  xy: 270, 283\r\n  size: 144, 144\r\n  orig: 144, 144\r\n  offset: 0, 0\r\n  index: -1\r\nhand\r\n  rotate: false\r\n  xy: 2, 2\r\n  size: 188, 157\r\n  orig: 188, 157\r\n  offset: 0, 0\r\n  index: -1\r\npoint\r\n  rotate: false\r\n  xy: 416, 333\r\n  size: 94, 94\r\n  orig: 94, 94\r\n  offset: 0, 0\r\n  index: -1\r\nquanquan\r\n  rotate: false\r\n  xy: 2, 161\r\n  size: 266, 266\r\n  orig: 266, 266\r\n  offset: 0, 0\r\n  index: -1\r\n",["guide.png"],{"skeleton":{"hash":"LkzG9xHuLDIcSo3JhpHJOdeSAcI","spine":"3.6.53","width":144,"height":144,"images":""},"bones":[{"name":"root"},{"name":"bone","parent":"root","x":-56.81,"y":28.93},{"name":"bone1","parent":"root"},{"name":"bone2","parent":"root"},{"name":"bone3","parent":"root"},{"name":"bone11","parent":"root"},{"name":"hand","parent":"bone","x":116.4,"y":-73.46}],"slots":[{"name":"circle11","bone":"bone11","attachment":"circle1"},{"name":"circle2","bone":"bone2","attachment":"circle2"},{"name":"circle1","bone":"bone1","attachment":"circle1"},{"name":"quanquan","bone":"bone3"},{"name":"point","bone":"bone"},{"name":"hand","bone":"hand"}],"skins":{"default":{"circle1":{"circle1":{"width":126,"height":126}},"circle11":{"circle1":{"width":126,"height":126}},"circle2":{"circle2":{"width":144,"height":144}},"hand":{"hand":{"x":-29.92,"y":6.93,"width":188,"height":157}},"point":{"point":{"width":94,"height":94}},"quanquan":{"quanquan":{"width":266,"height":266}}}},"animations":{"guide1":{"slots":{"circle1":{"color":[{"time":0,"color":"ffffff00"},{"time":0.1667,"color":"ffffffff","curve":"stepped"},{"time":0.2667,"color":"ffffffff"},{"time":0.5667,"color":"ffffff00"}],"attachment":[{"time":0,"name":"circle1"}]},"circle2":{"color":[{"time":0,"color":"ffffff00"},{"time":0.1667,"color":"ffffffff","curve":"stepped"},{"time":0.2667,"color":"ffffffff"},{"time":0.4667,"color":"ffffff00"}],"attachment":[{"time":0,"name":"circle2"}]},"circle11":{"color":[{"time":0,"color":"ffffff00"},{"time":0.1667,"color":"ffffff4d"},{"time":0.6333,"color":"ffffff00"}],"attachment":[{"time":0,"name":"circle1"}]}},"bones":{"bone11":{"scale":[{"time":0,"x":0.6,"y":0.6},{"time":0.1667,"x":1,"y":1},{"time":0.5667,"x":1.6,"y":1.6}]},"bone2":{"scale":[{"time":0,"x":0.6,"y":0.6},{"time":0.1667,"x":1,"y":1}]},"bone1":{"scale":[{"time":0,"x":0.6,"y":0.6},{"time":0.1667,"x":1,"y":1}]}}},"guide2":{"slots":{"circle1":{"attachment":[{"time":0,"name":null}]},"circle2":{"attachment":[{"time":0,"name":null}]},"circle11":{"attachment":[{"time":0,"name":null}]},"hand":{"attachment":[{"time":0,"name":"hand"}]},"point":{"attachment":[{"time":0,"name":"point"}]},"quanquan":{"attachment":[{"time":0,"name":"quanquan"}]}},"bones":{"hand":{"translate":[{"time":0,"x":0,"y":0},{"time":0.3333,"x":-9.59,"y":7.85},{"time":0.6667,"x":3.49,"y":-4.36},{"time":1,"x":13.95,"y":-6.1},{"time":1.3333,"x":0,"y":0}]},"bone":{"translate":[{"time":0,"x":0,"y":-27.33},{"time":0.1,"x":5.15,"y":-7.81},{"time":0.1667,"x":17.57,"y":12.89},{"time":0.2333,"x":31.01,"y":21.95},{"time":0.3333,"x":57.01,"y":29.68},{"time":0.4,"x":75.76,"y":22.81},{"time":0.5,"x":97.23,"y":10.93},{"time":0.5667,"x":107.7,"y":-3.12},{"time":0.6667,"x":115.59,"y":-28.12},{"time":0.7333,"x":112,"y":-47.33},{"time":0.8333,"x":100.75,"y":-66.38},{"time":0.9,"x":84.35,"y":-77.32},{"time":1,"x":57.79,"y":-85.91},{"time":1.0667,"x":38.58,"y":-81.22},{"time":1.1667,"x":15.62,"y":-68.34},{"time":1.2333,"x":6.25,"y":-51.94},{"time":1.3333,"x":0,"y":-27.33}]}}}}},[0]]],0,0,[0],[-1],[0]]