[1,["12d9e6856","ad4Q5ApQhDMYVCRS22Qk72"],["_textureSetter","root","node","data","_spriteFrame"],["cc.SpriteFrame",["cc.Prefab",["_name"],2],["cc.Node",["_name","_groupIndex","_components","_prefab","_color","_contentSize","_anchorPoint"],1,9,4,5,5,5],["cc.Sprite",["node","_spriteFrame"],3,1,6],["cc.PrefabInfo",["fileId","root"],2,1]],[[1,0,2],[2,0,1,2,3,4,5,6,3],[3,0,1,1],[4,0,1,2]],[[[{"name":"eff_001","rect":[203,202,192,177],"offset":[0,0],"originalSize":[192,177],"capInsets":[0,0,0,0]}],[0],0,[0],[0],[0]],[[[0,"blood"],[1,"blood",2,[[2,-2,0]],[3,"9ako9mQ2pHDrYG035szykh",-1],[4,4294966527],[5,192,177],[0,0.6,0.5]]],0,[0,1,1,0,2,1,0,3,1,2],[0],[4],[1]]]]