[1,["12d9e6856","bahK2tbYZKS7zljJYE8RsQ","77jtq25YlAyYtWBwn9DLd4"],["node","_textureSetter","root","data","_N$skeletonData","_spriteFrame"],[["cc.Node",["_name","_groupIndex","_components","_prefab","_contentSize","_children","_parent"],1,9,4,5,2,1],"cc.SpriteFrame",["cc.Prefab",["_name"],2],["cc.Sprite",["node","_spriteFrame"],3,1,6],["cc.BoxCollider",["node","_size"],3,1,5],["5c07bd2qlBC57ZQMODENtUU",["node"],3,1],["cc.PrefabInfo",["fileId","root"],2,1],["sp.Skeleton",["defaultAnimation","_preCacheMode","_cacheMode","_animationName","node","_N$skeletonData"],-1,1,6]],[[6,0,1,2],[2,0,2],[0,0,1,5,2,3,4,3],[0,0,6,2,3,4,2],[3,0,1,1],[4,0,1,1],[5,0,1],[7,0,1,2,3,4,5,5]],[[[{"name":"prop_006i","rect":[3,667,49,48],"offset":[0,0],"originalSize":[49,48],"rotated":1,"capInsets":[0,0,0,0]}],[1],0,[0],[1],[0]],[[[1,"prop6"],[2,"prop6",2,[-5],[[4,-2,1],[5,-3,[5,47,48]],[6,-4]],[0,"dfeSbMOYhD1KnbqsTLoqtC",-1],[5,47,48]],[3,"fluxay",1,[[7,"prop_001i",1,1,"prop_001i",-6,0]],[0,"2fEv/2QwZPYYXVVCDMvWr7",1],[5,76.39,76.88]]],0,[0,2,1,0,0,1,0,0,1,0,0,1,0,-1,2,0,0,2,0,3,1,6],[0,0],[4,5],[1,2]]]]