[1,["12d9e6856","66hxSXia5LDJsbfHictopF"],["node","_textureSetter","root","data","_spriteFrame"],[["cc.Node",["_name","_components","_prefab","_children","_parent","_contentSize","_trs"],2,9,4,2,1,5,7],"cc.SpriteFrame",["cc.Prefab",["_name"],2],["a91eflkUmlHFK31B+j3oPQW",["node"],3,1],["cc.PrefabInfo",["fileId","root"],2,1],["cc.Sprite",["node","_spriteFrame"],3,1,6]],[[4,0,1,2],[2,0,2],[0,0,3,1,2,2],[0,0,4,1,2,5,6,2],[3,0,1],[5,0,1,1]],[[[{"name":"biubiu_004g","rect":[3,506,89,91],"offset":[0,0],"originalSize":[89,91],"rotated":1,"capInsets":[0,0,0,0]}],[1],0,[0],[1],[0]],[[[1,"bullet4Strike"],[2,"bullet4Strike",[-3],[[4,-2]],[0,"01h1HGtMVHsbPRCNIsbBd9",-1]],[3,"New Sprite",1,[[5,-4,0]],[0,"27yZ3wPqlPxoPKgUMHQ7QJ",1],[5,72,75],[-6.4,1,0,0,0,0,1,1,1,1]]],0,[0,2,1,0,0,1,0,-1,2,0,0,2,0,3,1,4],[0],[4],[1]]]]