[1,["12d9e6856","9d79Tzj9FA96d5zUUeHpYs"],["node","_textureSetter","root","spriteNode","data","_spriteFrame"],[["cc.Node",["_name","_components","_prefab","_contentSize","_children","_parent"],2,9,4,5,2,1],"cc.SpriteFrame",["cc.Prefab",["_name"],2],["ab684CB0vVLEKw8NZ+RRLXB",["node","spriteNode"],3,1,1],["cc.PrefabInfo",["fileId","root"],2,1],["cc.Sprite",["node","_spriteFrame"],3,1,6]],[[4,0,1,2],[2,0,2],[0,0,4,1,2,3,2],[0,0,5,1,2,3,2],[3,0,1,1],[5,0,1,1]],[[[{"name":"biubiu_010g","rect":[401,229,104,102],"offset":[0,0],"originalSize":[104,102],"capInsets":[0,0,0,0]}],[1],0,[0],[1],[0]],[[[1,"bullet10Strike"],[2,"bullet10Strike",[-4],[[4,-3,-2]],[0,"d2sVXVcsdLF4SfDsAHXHxk",-1],[5,104,102]],[3,"New Sprite",1,[[5,-5,0]],[0,"fbVfuf35dNXKQ7ZnsRl6U4",1],[5,104,102]]],0,[0,2,1,0,3,2,0,0,1,0,-1,2,0,0,2,0,4,1,5],[0],[5],[1]]]]