[1,["7a/QZLET9IDreTiBfRn2PD","47dLUrIm5DBYJasdeeBZU+","4b4LBMr+xJdr2mfV1JugkQ"],["node","root","ske","data","_N$skeletonData"],[["cc.Prefab",["_name"],2],["cc.Node",["_name","_groupIndex","_children","_components","_prefab"],1,2,9,4],["cc.Node",["_name","_groupIndex","_parent","_components","_prefab","_contentSize","_trs"],1,1,2,4,5,7],["cc.CircleCollider",["_radius","node"],2,1],["cc.BoxCollider",["node","_size"],3,1,5],["2fd84qgTxlNla8RAGPr2aOb",["node"],3,1],["1ab695SfTxHj46gL5xG1BMg",["node","ske"],3,1,1],["cc.PrefabInfo",["fileId","root"],2,1],["sp.Skeleton",["defaultAnimation","_preCacheMode","_cacheMode","_animationName","_N$enableBatch","node","_materials"],-2,1,3],["sp.SkeletonData",["_name","_atlasText","textureNames","_skeletonJson","textures"],-1,3]],[[7,0,1,2],[0,0,2],[1,0,1,2,3,4,3],[2,0,1,2,3,4,5,6,3],[3,0,1,2],[4,0,1,1],[5,0,1],[6,0,1,1],[8,0,1,2,3,4,5,6,6],[9,0,1,2,3,4,5]],[[[[1,"enemy4"],[2,"enemy4",1,[-7],[[4,25,-2],[5,-3,[5,40,35]],[6,-4],[7,-6,-5]],[0,"8f90PNcZdMUp0MuK5Satni",-1]],[3,"ske",1,1,[-8],[0,"68kkzSKEhDQaHBumupDF2m",1],[5,46.8,62.8],[0,-28,0,0,0,0,1,1,1,1]],[8,"walk",1,1,"walk",true,2,[0]]],0,[0,1,1,0,0,1,0,0,1,0,0,1,0,2,3,0,0,1,0,-1,2,0,-1,3,0,3,1,8],[0,3],[-1,4],[0,1]],[[[9,"enemy_004","\r\nenemy_004.png\r\nsize: 256,64\r\nformat: RGBA8888\r\nfilter: Linear,Linear\r\nrepeat: none\r\n004body\r\n  rotate: false\r\n  xy: 70, 19\r\n  size: 33, 20\r\n  orig: 33, 20\r\n  offset: 0, 0\r\n  index: -1\r\n004hand1\r\n  rotate: true\r\n  xy: 197, 42\r\n  size: 20, 27\r\n  orig: 20, 27\r\n  offset: 0, 0\r\n  index: -1\r\n004hand2\r\n  rotate: false\r\n  xy: 2, 2\r\n  size: 20, 26\r\n  orig: 20, 26\r\n  offset: 0, 0\r\n  index: -1\r\n004hand3\r\n  rotate: true\r\n  xy: 153, 20\r\n  size: 18, 21\r\n  orig: 18, 21\r\n  offset: 0, 0\r\n  index: -1\r\n004hand4\r\n  rotate: true\r\n  xy: 226, 42\r\n  size: 20, 27\r\n  orig: 20, 27\r\n  offset: 0, 0\r\n  index: -1\r\n004hand5\r\n  rotate: false\r\n  xy: 24, 2\r\n  size: 20, 26\r\n  orig: 20, 26\r\n  offset: 0, 0\r\n  index: -1\r\n004hand6\r\n  rotate: true\r\n  xy: 176, 20\r\n  size: 18, 21\r\n  orig: 18, 21\r\n  offset: 0, 0\r\n  index: -1\r\n004hat\r\n  rotate: false\r\n  xy: 37, 31\r\n  size: 31, 31\r\n  orig: 31, 31\r\n  offset: 0, 0\r\n  index: -1\r\n004leg\r\n  rotate: false\r\n  xy: 82, 9\r\n  size: 9, 8\r\n  orig: 9, 8\r\n  offset: 0, 0\r\n  index: -1\r\n004shadow1\r\n  rotate: false\r\n  xy: 2, 30\r\n  size: 33, 32\r\n  orig: 33, 32\r\n  offset: 0, 0\r\n  index: -1\r\n004shadow2\r\n  rotate: true\r\n  xy: 106, 40\r\n  size: 22, 29\r\n  orig: 22, 29\r\n  offset: 0, 0\r\n  index: -1\r\n004shadow3\r\n  rotate: false\r\n  xy: 46, 2\r\n  size: 22, 27\r\n  orig: 22, 27\r\n  offset: 0, 0\r\n  index: -1\r\n004shadow4\r\n  rotate: true\r\n  xy: 105, 18\r\n  size: 20, 22\r\n  orig: 20, 22\r\n  offset: 0, 0\r\n  index: -1\r\n004shadow5\r\n  rotate: true\r\n  xy: 137, 40\r\n  size: 22, 29\r\n  orig: 22, 29\r\n  offset: 0, 0\r\n  index: -1\r\n004shadow6\r\n  rotate: true\r\n  xy: 168, 40\r\n  size: 22, 27\r\n  orig: 22, 27\r\n  offset: 0, 0\r\n  index: -1\r\n004shadow7\r\n  rotate: true\r\n  xy: 129, 18\r\n  size: 20, 22\r\n  orig: 20, 22\r\n  offset: 0, 0\r\n  index: -1\r\n004shadow8\r\n  rotate: false\r\n  xy: 70, 41\r\n  size: 34, 21\r\n  orig: 34, 21\r\n  offset: 0, 0\r\n  index: -1\r\n004shadow9\r\n  rotate: false\r\n  xy: 70, 7\r\n  size: 10, 10\r\n  orig: 10, 10\r\n  offset: 0, 0\r\n  index: -1\r\n",["enemy_004.png"],{"skeleton":{"hash":"1WSBb4pEjUJXMdGcZAPFRp1ZMfg","spine":"3.6.53","width":46.8,"height":62.8,"images":"../images/"},"bones":[{"name":"root","scaleX":0.2,"scaleY":0.2},{"name":"004body","parent":"root","y":16.58},{"name":"004body2","parent":"004body","y":36.27},{"name":"004hand3","parent":"004body2","length":99.25,"rotation":28.41,"x":0.53,"y":-1.35},{"name":"004hand2","parent":"004hand3","length":95.21,"rotation":44.7,"x":69.16,"y":-6.5},{"name":"004hand1","parent":"004hand2","length":85.54,"rotation":43.74,"x":104.32,"y":-3.72},{"name":"004hand6","parent":"004body2","length":87.78,"rotation":148.56,"x":-2.81,"y":-1.35},{"name":"004hand5","parent":"004hand6","length":95.46,"rotation":-45.56,"x":69.91,"y":13.68},{"name":"004hand4","parent":"004hand5","length":111.15,"rotation":-40.33,"x":102.68,"y":3.72},{"name":"004leg","parent":"004body","length":36.73,"rotation":-90,"x":-31.9,"y":24.43},{"name":"004leg2","parent":"004body","length":36.73,"rotation":-90,"x":37,"y":24.43},{"name":"tou","parent":"004body","x":-0.87,"y":129.14}],"slots":[{"name":"004shadow9","bone":"004leg","attachment":"004shadow9"},{"name":"004shadow10","bone":"004leg2","attachment":"004shadow9"},{"name":"004shadow8","bone":"004body","attachment":"004shadow8"},{"name":"004shadow7","bone":"004hand6","attachment":"004shadow7"},{"name":"004shadow6","bone":"004hand5","attachment":"004shadow6"},{"name":"004shadow5","bone":"004hand4","attachment":"004shadow5"},{"name":"004shadow4","bone":"004hand3","attachment":"004shadow4"},{"name":"004shadow3","bone":"004hand2","attachment":"004shadow3"},{"name":"004shadow2","bone":"004hand1","attachment":"004shadow2"},{"name":"004shadow1","bone":"tou","attachment":"004shadow1"},{"name":"004leg","bone":"004leg","attachment":"004leg"},{"name":"004leg2","bone":"004leg2","attachment":"004leg"},{"name":"004body","bone":"004body","attachment":"004body"},{"name":"004hand6","bone":"004hand6","attachment":"004hand6"},{"name":"004hand5","bone":"004hand5","attachment":"004hand5"},{"name":"004hand4","bone":"004hand4","attachment":"004hand4"},{"name":"004hand3","bone":"004hand3","attachment":"004hand3"},{"name":"004hand2","bone":"004hand2","attachment":"004hand2"},{"name":"004hand1","bone":"004hand1","attachment":"004hand1"},{"name":"004hat","bone":"tou","attachment":"004hat"}],"skins":{"default":{"004body":{"004body":{"x":-0.87,"y":43.64,"width":164,"height":99}},"004hand1":{"004hand1":{"x":71.91,"y":3.04,"rotation":-116.85,"width":102,"height":137}},"004hand2":{"004hand2":{"x":49.39,"y":16.38,"rotation":-73.11,"width":102,"height":128}},"004hand3":{"004hand3":{"x":50.51,"y":-0.36,"rotation":-28.41,"width":90,"height":103}},"004hand4":{"004hand4":{"x":73.74,"y":-1.76,"rotation":-62.67,"width":102,"height":137}},"004hand5":{"004hand5":{"x":51.06,"y":-20.72,"rotation":-102.99,"width":102,"height":128}},"004hand6":{"004hand6":{"x":46.55,"y":0.67,"rotation":-148.56,"width":90,"height":103}},"004hat":{"004hat":{"width":156,"height":154}},"004leg":{"004leg":{"x":18.29,"y":2.03,"rotation":90,"width":44,"height":40}},"004leg2":{"004leg":{"x":18.29,"y":2.03,"rotation":90,"width":44,"height":40}},"004shadow1":{"004shadow1":{"width":164,"height":162}},"004shadow10":{"004shadow9":{"x":18.29,"y":2.03,"rotation":90,"width":52,"height":48}},"004shadow2":{"004shadow2":{"x":71.91,"y":3.04,"rotation":-116.85,"width":110,"height":145}},"004shadow3":{"004shadow3":{"x":49.39,"y":16.38,"rotation":-73.11,"width":110,"height":136}},"004shadow4":{"004shadow4":{"x":50.51,"y":-0.36,"rotation":-28.41,"width":98,"height":111}},"004shadow5":{"004shadow5":{"x":73.74,"y":-1.76,"rotation":-62.67,"width":110,"height":145}},"004shadow6":{"004shadow6":{"x":51.06,"y":-20.72,"rotation":-102.99,"width":110,"height":136}},"004shadow7":{"004shadow7":{"x":46.55,"y":0.67,"rotation":-148.56,"width":98,"height":111}},"004shadow8":{"004shadow8":{"x":-0.87,"y":43.64,"width":172,"height":107}},"004shadow9":{"004shadow9":{"x":18.29,"y":2.03,"rotation":90,"width":52,"height":48}}}},"events":{"hit":{}},"animations":{"beaten":{"bones":{"004leg":{"translate":[{"time":0,"x":0,"y":4.22}]},"004leg2":{"translate":[{"time":0,"x":0,"y":1.18}]},"004body2":{"rotate":[{"time":0,"angle":0,"curve":[0.25,0,0.75,1]},{"time":0.1667,"angle":6.99,"curve":"stepped"},{"time":0.3333,"angle":6.99,"curve":"stepped"},{"time":0.4333,"angle":6.99}]},"tou":{"rotate":[{"time":0,"angle":0,"curve":"stepped"},{"time":0.1667,"angle":0,"curve":"stepped"},{"time":0.3333,"angle":0,"curve":"stepped"},{"time":0.4333,"angle":0}],"translate":[{"time":0,"x":0,"y":-28.98,"curve":[0.25,0,0.75,1]},{"time":0.1667,"x":0,"y":0,"curve":[0.25,0,0.75,1]},{"time":0.3333,"x":0,"y":-5.22,"curve":[0.25,0,0.75,1]},{"time":0.4333,"x":0,"y":0}]},"004hand6":{"rotate":[{"time":0,"angle":19.96,"curve":[0.25,0,0.75,1]},{"time":0.1667,"angle":-5.44,"curve":[0.25,0,0.75,1]},{"time":0.3333,"angle":4.52,"curve":[0.25,0,0.75,1]},{"time":0.4333,"angle":0}],"translate":[{"time":0,"x":0,"y":-14.97,"curve":[0.25,0,0.75,1]},{"time":0.1667,"x":0,"y":0,"curve":[0.25,0,0.75,1]},{"time":0.3333,"x":-0.7,"y":-5.73,"curve":[0.25,0,0.75,1]},{"time":0.4333,"x":0,"y":0}],"scale":[{"time":0,"x":1,"y":1,"curve":[0.25,0,0.75,1]},{"time":0.1667,"x":0.992,"y":1,"curve":[0.25,0,0.75,1]},{"time":0.3333,"x":1,"y":1,"curve":"stepped"},{"time":0.4333,"x":1,"y":1}]},"004hand3":{"rotate":[{"time":0,"angle":-14.08,"curve":[0.25,0,0.75,1]},{"time":0.1667,"angle":1.07,"curve":[0.25,0,0.75,1]},{"time":0.3333,"angle":-8.87,"curve":[0.25,0,0.75,1]},{"time":0.4333,"angle":-0.3}],"translate":[{"time":0,"x":0,"y":-14.97,"curve":[0.25,0,0.75,1]},{"time":0.1667,"x":0,"y":0,"curve":[0.25,0,0.75,1]},{"time":0.3333,"x":-0.7,"y":-5.73,"curve":[0.25,0,0.75,1]},{"time":0.4333,"x":0,"y":0}],"scale":[{"time":0,"x":1,"y":1,"curve":[0.25,0,0.75,1]},{"time":0.1667,"x":0.96,"y":1,"curve":[0.25,0,0.75,1]},{"time":0.3333,"x":1,"y":1,"curve":"stepped"},{"time":0.4333,"x":1,"y":1}]},"004hand4":{"scale":[{"time":0,"x":1,"y":1,"curve":[0.25,0,0.75,1]},{"time":0.1667,"x":0.904,"y":0.947,"curve":[0.25,0,0.75,1]},{"time":0.3333,"x":1.025,"y":1,"curve":[0.25,0,0.75,1]},{"time":0.4333,"x":1,"y":1}]},"004hand1":{"scale":[{"time":0,"x":1,"y":1,"curve":[0.25,0,0.75,1]},{"time":0.1667,"x":0.924,"y":0.941,"curve":[0.25,0,0.75,1]},{"time":0.3333,"x":1.026,"y":1,"curve":[0.25,0,0.75,1]},{"time":0.4333,"x":1,"y":1}]},"004hand5":{"scale":[{"time":0,"x":1.035,"y":1,"curve":[0.25,0,0.75,1]},{"time":0.1667,"x":0.888,"y":1,"curve":[0.25,0,0.75,1]},{"time":0.3333,"x":1.007,"y":1,"curve":[0.25,0,0.75,1]},{"time":0.4333,"x":1,"y":1}]},"004hand2":{"scale":[{"time":0,"x":1.026,"y":1,"curve":[0.25,0,0.75,1]},{"time":0.1667,"x":0.871,"y":1,"curve":[0.25,0,0.75,1]},{"time":0.3333,"x":1.04,"y":1,"curve":[0.25,0,0.75,1]},{"time":0.4333,"x":1,"y":1}]},"004body":{"translate":[{"time":0,"x":0,"y":-6.52,"curve":[0.25,0,0.75,1]},{"time":0.1667,"x":0,"y":-2.71,"curve":[0.25,0,0.75,1]},{"time":0.3333,"x":0,"y":-3.63,"curve":[0.25,0,0.75,1]},{"time":0.4333,"x":0,"y":0}]}}},"beaten2":{"bones":{"004leg":{"translate":[{"time":0,"x":0,"y":4.22}]},"004leg2":{"translate":[{"time":0,"x":0,"y":1.18}]},"004body2":{"rotate":[{"time":0,"angle":0}]},"tou":{"rotate":[{"time":0,"angle":0}],"translate":[{"time":0,"x":0,"y":-28.98}]},"004hand6":{"rotate":[{"time":0,"angle":19.96}],"translate":[{"time":0,"x":0,"y":-14.97}],"scale":[{"time":0,"x":1,"y":1}]},"004hand3":{"rotate":[{"time":0,"angle":-14.08}],"translate":[{"time":0,"x":0,"y":-14.97}],"scale":[{"time":0,"x":1,"y":1}]},"004hand4":{"scale":[{"time":0,"x":1,"y":1}]},"004hand1":{"scale":[{"time":0,"x":1,"y":1}]},"004hand5":{"scale":[{"time":0,"x":1.035,"y":1}]},"004hand2":{"scale":[{"time":0,"x":1.026,"y":1}]},"004body":{"translate":[{"time":0,"x":0,"y":-6.52}]}}},"dead":{"slots":{"004body":{"color":[{"time":0,"color":"ffffffff","curve":"stepped"},{"time":0.1,"color":"ffffffff"},{"time":0.2,"color":"ffffff00"}]},"004hand1":{"color":[{"time":0,"color":"ffffffff","curve":"stepped"},{"time":0.1,"color":"ffffffff"},{"time":0.2,"color":"ffffff00"}]},"004hand2":{"color":[{"time":0,"color":"ffffffff","curve":"stepped"},{"time":0.1,"color":"ffffffff"},{"time":0.2,"color":"ffffff00"}]},"004hand3":{"color":[{"time":0,"color":"ffffffff","curve":"stepped"},{"time":0.1,"color":"ffffffff"},{"time":0.2,"color":"ffffff00"}]},"004hand4":{"color":[{"time":0,"color":"ffffffff","curve":"stepped"},{"time":0.1,"color":"ffffffff"},{"time":0.2,"color":"ffffff00"}]},"004hand5":{"color":[{"time":0,"color":"ffffffff","curve":"stepped"},{"time":0.1,"color":"ffffffff"},{"time":0.2,"color":"ffffff00"}]},"004hand6":{"color":[{"time":0,"color":"ffffffff","curve":"stepped"},{"time":0.1,"color":"ffffffff"},{"time":0.2,"color":"ffffff00"}]},"004hat":{"color":[{"time":0,"color":"ffffffff","curve":"stepped"},{"time":0.1,"color":"ffffffff"},{"time":0.2,"color":"ffffff00"}]},"004leg":{"color":[{"time":0,"color":"ffffffff","curve":"stepped"},{"time":0.1,"color":"ffffffff"},{"time":0.2,"color":"ffffff00"}]},"004leg2":{"color":[{"time":0,"color":"ffffffff","curve":"stepped"},{"time":0.1,"color":"ffffffff"},{"time":0.2,"color":"ffffff00"}]},"004shadow1":{"color":[{"time":0,"color":"ffffffff","curve":"stepped"},{"time":0.1,"color":"ffffffff"},{"time":0.2,"color":"ffffff00"}]},"004shadow2":{"color":[{"time":0,"color":"ffffffff","curve":"stepped"},{"time":0.1,"color":"ffffffff"},{"time":0.2,"color":"ffffff00"}]},"004shadow3":{"color":[{"time":0,"color":"ffffffff","curve":"stepped"},{"time":0.1,"color":"ffffffff"},{"time":0.2,"color":"ffffff00"}]},"004shadow4":{"color":[{"time":0,"color":"ffffffff","curve":"stepped"},{"time":0.1,"color":"ffffffff"},{"time":0.2,"color":"ffffff00"}]},"004shadow5":{"color":[{"time":0,"color":"ffffffff","curve":"stepped"},{"time":0.1,"color":"ffffffff"},{"time":0.2,"color":"ffffff00"}]},"004shadow6":{"color":[{"time":0,"color":"ffffffff","curve":"stepped"},{"time":0.1,"color":"ffffffff"},{"time":0.2,"color":"ffffff00"}]},"004shadow7":{"color":[{"time":0,"color":"ffffffff","curve":"stepped"},{"time":0.1,"color":"ffffffff"},{"time":0.2,"color":"ffffff00"}]},"004shadow8":{"color":[{"time":0,"color":"ffffffff","curve":"stepped"},{"time":0.1,"color":"ffffffff"},{"time":0.2,"color":"ffffff00"}]},"004shadow9":{"color":[{"time":0,"color":"ffffffff","curve":"stepped"},{"time":0.1,"color":"ffffffff"},{"time":0.2,"color":"ffffff00"}]},"004shadow10":{"color":[{"time":0,"color":"ffffffff","curve":"stepped"},{"time":0.1,"color":"ffffffff"},{"time":0.2,"color":"ffffff00"}]}},"bones":{"004body":{"rotate":[{"time":0,"angle":0,"curve":"stepped"},{"time":0.1667,"angle":0}],"translate":[{"time":0,"x":0,"y":0},{"time":0.1667,"x":0,"y":-28.71}],"scale":[{"time":0,"x":1,"y":1,"curve":"stepped"},{"time":0.1667,"x":1,"y":1}]},"004leg2":{"rotate":[{"time":0,"angle":0},{"time":0.1667,"angle":226.27}],"translate":[{"time":0,"x":0,"y":0},{"time":0.1667,"x":326.67,"y":-25.58}],"scale":[{"time":0,"x":1,"y":1,"curve":"stepped"},{"time":0.1667,"x":1,"y":1}]},"004leg":{"rotate":[{"time":0,"angle":0},{"time":0.1667,"angle":228.66}],"translate":[{"time":0,"x":0,"y":0},{"time":0.1667,"x":-251.07,"y":-43.6}],"scale":[{"time":0,"x":1,"y":1,"curve":"stepped"},{"time":0.1667,"x":1,"y":1}]},"004hand4":{"rotate":[{"time":0,"angle":0},{"time":0.1667,"angle":-97.02}],"translate":[{"time":0,"x":0,"y":0},{"time":0.1667,"x":135.25,"y":-141.67}],"scale":[{"time":0,"x":1,"y":1,"curve":"stepped"},{"time":0.1667,"x":1,"y":1}]},"004hand5":{"rotate":[{"time":0,"angle":0,"curve":"stepped"},{"time":0.1667,"angle":0}],"translate":[{"time":0,"x":0,"y":0},{"time":0.1667,"x":147.04,"y":-13.79}],"scale":[{"time":0,"x":1,"y":1,"curve":"stepped"},{"time":0.1667,"x":1,"y":1}]},"004hand6":{"rotate":[{"time":0,"angle":0,"curve":"stepped"},{"time":0.1667,"angle":0}],"translate":[{"time":0,"x":0,"y":0},{"time":0.1667,"x":-121.75,"y":-513.32}],"scale":[{"time":0,"x":1,"y":1,"curve":"stepped"},{"time":0.1667,"x":1,"y":1}]},"004hand1":{"rotate":[{"time":0,"angle":0},{"time":0.1667,"angle":-155.7}],"translate":[{"time":0,"x":0,"y":0},{"time":0.1667,"x":219.05,"y":181.65}],"scale":[{"time":0,"x":1,"y":1,"curve":"stepped"},{"time":0.1667,"x":1,"y":1}]},"004hand2":{"rotate":[{"time":0,"angle":0,"curve":"stepped"},{"time":0.1667,"angle":0}],"translate":[{"time":0,"x":0,"y":0},{"time":0.1667,"x":53.44,"y":-133.83}],"scale":[{"time":0,"x":1,"y":1,"curve":"stepped"},{"time":0.1667,"x":1,"y":1}]},"004hand3":{"rotate":[{"time":0,"angle":0,"curve":"stepped"},{"time":0.1667,"angle":0}],"translate":[{"time":0,"x":0,"y":0},{"time":0.1667,"x":165.73,"y":-467.59}],"scale":[{"time":0,"x":1,"y":1,"curve":"stepped"},{"time":0.1667,"x":1,"y":1}]},"tou":{"rotate":[{"time":0,"angle":0},{"time":0.1667,"angle":-143.26}],"translate":[{"time":0,"x":0,"y":0},{"time":0.1667,"x":27.03,"y":-338.37}],"scale":[{"time":0,"x":1,"y":1,"curve":"stepped"},{"time":0.1667,"x":1,"y":1}]}}},"stand":{"bones":{"004leg":{"translate":[{"time":0,"x":0,"y":4.22}]},"004leg2":{"translate":[{"time":0,"x":0,"y":1.18}]},"004body":{"translate":[{"time":0,"x":0,"y":-7.91,"curve":[0.25,0,0.75,1]},{"time":0.2,"x":0,"y":-10.21,"curve":[0.25,0,0.75,1]},{"time":0.2667,"x":0,"y":0},{"time":0.3,"x":0,"y":-7.91}]},"004hand6":{"rotate":[{"time":0,"angle":0},{"time":0.1333,"angle":9.93},{"time":0.2,"angle":-3.87},{"time":0.3,"angle":0}]},"004hand3":{"rotate":[{"time":0,"angle":0},{"time":0.1333,"angle":-11.38},{"time":0.2,"angle":6.12},{"time":0.3,"angle":0}]},"004hand5":{"rotate":[{"time":0.1667,"angle":0.85},{"time":0.2667,"angle":0}]},"004hand4":{"rotate":[{"time":0.1667,"angle":1.71},{"time":0.3,"angle":0}]},"004hand2":{"rotate":[{"time":0,"angle":-0.59},{"time":0.2667,"angle":0},{"time":0.3,"angle":-0.59}]},"004hand1":{"rotate":[{"time":0,"angle":-2.1},{"time":0.2667,"angle":0},{"time":0.3,"angle":-2.1}]},"004body2":{"translate":[{"time":0,"x":0,"y":-1.99},{"time":0.2333,"x":0,"y":0},{"time":0.3,"x":0,"y":-1.99}]},"tou":{"translate":[{"time":0,"x":0,"y":0,"curve":"stepped"},{"time":0.0667,"x":0,"y":0},{"time":0.2,"x":0,"y":-1.63,"curve":[0.25,0,0.75,1]},{"time":0.3,"x":0,"y":0}]}}},"strike":{"bones":{"004leg":{"translate":[{"time":0,"x":0,"y":4.22}]},"004leg2":{"translate":[{"time":0,"x":0,"y":1.18}]},"004body":{"translate":[{"time":0,"x":0,"y":-7.91,"curve":[0.25,0,0.75,1]},{"time":0.2,"x":0,"y":-10.21,"curve":[0.25,0,0.75,1]},{"time":0.2667,"x":0,"y":0},{"time":0.3,"x":0,"y":-7.91}]},"004hand6":{"rotate":[{"time":0,"angle":0},{"time":0.1333,"angle":9.93},{"time":0.2,"angle":-3.87},{"time":0.3,"angle":0}]},"004hand3":{"rotate":[{"time":0,"angle":0},{"time":0.1333,"angle":-11.38},{"time":0.2,"angle":6.12},{"time":0.3,"angle":0}]},"004hand5":{"rotate":[{"time":0.1667,"angle":0.85},{"time":0.2667,"angle":0}]},"004hand4":{"rotate":[{"time":0.1667,"angle":1.71},{"time":0.3,"angle":0}]},"004hand2":{"rotate":[{"time":0,"angle":-0.59},{"time":0.2667,"angle":0},{"time":0.3,"angle":-0.59}]},"004hand1":{"rotate":[{"time":0,"angle":-2.1},{"time":0.2667,"angle":0},{"time":0.3,"angle":-2.1}]},"004body2":{"translate":[{"time":0,"x":0,"y":-1.99},{"time":0.2333,"x":0,"y":0},{"time":0.3,"x":0,"y":-1.99}]},"tou":{"translate":[{"time":0,"x":0,"y":0,"curve":"stepped"},{"time":0.0667,"x":0,"y":0},{"time":0.2,"x":0,"y":-1.63,"curve":[0.25,0,0.75,1]},{"time":0.3,"x":0,"y":0}]}},"events":[{"time":0.2,"name":"hit"}]},"walk":{"bones":{"004leg":{"translate":[{"time":0,"x":0,"y":11.15},{"time":0.2667,"x":0,"y":7.25},{"time":0.5333,"x":0,"y":-2.65,"curve":"stepped"},{"time":0.6,"x":0,"y":-2.65},{"time":0.7333,"x":0,"y":2.3},{"time":0.8,"x":0,"y":3.29},{"time":0.9333,"x":0,"y":11.15,"curve":"stepped"},{"time":1,"x":0,"y":11.15}]},"004body2":{"rotate":[{"time":0,"angle":6.99},{"time":0.1,"angle":8.1,"curve":"stepped"},{"time":0.1667,"angle":8.1},{"time":0.5,"angle":-3.56},{"time":0.6333,"angle":-4.85},{"time":1,"angle":6.99}],"scale":[{"time":0.1,"x":1,"y":1,"curve":"stepped"},{"time":0.1667,"x":1,"y":1}]},"tou":{"translate":[{"time":0,"x":-11.31,"y":0},{"time":0.1,"x":-8.85,"y":0},{"time":0.3,"x":-0.36,"y":0.34},{"time":0.3667,"x":1.74,"y":0.45},{"time":0.5333,"x":8.42,"y":1.04},{"time":0.6,"x":10.5,"y":1.17},{"time":0.8333,"x":1.22,"y":1.01},{"time":0.9,"x":0.17,"y":1},{"time":1,"x":-11.31,"y":0}],"shear":[{"time":0,"x":4.75,"y":0},{"time":0.3,"x":1.11,"y":0},{"time":0.3667,"x":1.9,"y":0},{"time":0.5333,"x":-2.6,"y":0},{"time":0.6,"x":-4.58,"y":0},{"time":0.8333,"x":0.4,"y":0},{"time":0.9,"x":0.19,"y":0},{"time":1,"x":4.75,"y":0}]},"004hand6":{"rotate":[{"time":0,"angle":0,"curve":"stepped"},{"time":0.1,"angle":0},{"time":0.1667,"angle":3.36},{"time":0.2667,"angle":-0.26},{"time":0.3333,"angle":-1.77},{"time":0.5333,"angle":1.8,"curve":"stepped"},{"time":0.6,"angle":1.8},{"time":0.8,"angle":-0.26},{"time":0.8667,"angle":-1.77},{"time":1,"angle":0}],"scale":[{"time":0,"x":1,"y":1,"curve":"stepped"},{"time":0.1,"x":1,"y":1},{"time":0.2667,"x":0.975,"y":1,"curve":"stepped"},{"time":0.3333,"x":0.975,"y":1},{"time":0.5333,"x":1.089,"y":1,"curve":"stepped"},{"time":0.6,"x":1.089,"y":1},{"time":0.8,"x":0.975,"y":1,"curve":"stepped"},{"time":0.8667,"x":0.975,"y":1},{"time":1,"x":1,"y":1}]},"004hand4":{"scale":[{"time":0,"x":0.942,"y":1,"curve":"stepped"},{"time":0.1,"x":0.942,"y":1},{"time":0.2667,"x":0.986,"y":1,"curve":"stepped"},{"time":0.3333,"x":0.986,"y":1},{"time":0.5333,"x":0.976,"y":1,"curve":"stepped"},{"time":0.6,"x":0.976,"y":1},{"time":0.8,"x":0.959,"y":1.009},{"time":0.8667,"x":0.966,"y":1.009},{"time":1,"x":0.942,"y":1}]},"004hand3":{"rotate":[{"time":0,"angle":0.74,"curve":"stepped"},{"time":0.1,"angle":0.74},{"time":0.2667,"angle":-1.4},{"time":0.3333,"angle":-1.56},{"time":0.5,"angle":1.3,"curve":"stepped"},{"time":0.6,"angle":1.3},{"time":0.7,"angle":-5.37},{"time":0.8,"angle":-1.43,"curve":"stepped"},{"time":0.8667,"angle":-1.43},{"time":1,"angle":0.74}],"scale":[{"time":0,"x":1.1,"y":1,"curve":"stepped"},{"time":0.1,"x":1.1,"y":1},{"time":0.2667,"x":0.988,"y":1,"curve":"stepped"},{"time":0.3333,"x":0.988,"y":1},{"time":0.5,"x":0.983,"y":1,"curve":"stepped"},{"time":0.6,"x":0.983,"y":1},{"time":0.8,"x":0.98,"y":1,"curve":"stepped"},{"time":0.8667,"x":0.98,"y":1},{"time":1,"x":1.1,"y":1}]},"004hand1":{"scale":[{"time":0,"x":1.021,"y":1,"curve":"stepped"},{"time":0.1,"x":1.021,"y":1},{"time":0.2667,"x":0.98,"y":0.98,"curve":"stepped"},{"time":0.3333,"x":0.98,"y":0.98},{"time":0.5,"x":0.953,"y":1,"curve":"stepped"},{"time":0.6,"x":0.953,"y":1},{"time":0.8,"x":0.944,"y":0.968,"curve":"stepped"},{"time":0.8667,"x":0.944,"y":0.968},{"time":1,"x":1.021,"y":1}]},"004body":{"rotate":[{"time":0,"angle":4.75,"curve":"stepped"},{"time":0.1,"angle":4.75},{"time":0.3,"angle":-1.6,"curve":"stepped"},{"time":0.3667,"angle":-1.6},{"time":0.5333,"angle":-8.13,"curve":"stepped"},{"time":0.6,"angle":-8.13},{"time":0.8333,"angle":0.15,"curve":"stepped"},{"time":0.9,"angle":0.15},{"time":1,"angle":4.75}],"shear":[{"time":0,"x":-4.75,"y":0,"curve":"stepped"},{"time":0.1,"x":-4.75,"y":0},{"time":0.3,"x":-1.11,"y":0},{"time":0.3667,"x":-1.9,"y":0},{"time":0.5333,"x":3.6,"y":0},{"time":0.6,"x":4.58,"y":0},{"time":0.8333,"x":-0.4,"y":0},{"time":0.9,"x":-0.19,"y":0},{"time":1,"x":-4.75,"y":0}]},"004leg2":{"translate":[{"time":0,"x":0,"y":0,"curve":"stepped"},{"time":0.0667,"x":0,"y":0},{"time":0.2667,"x":0,"y":6.93},{"time":0.3333,"x":0,"y":8.91},{"time":0.6,"x":0,"y":25.74,"curve":"stepped"},{"time":0.6667,"x":0,"y":25.74},{"time":0.8333,"x":0,"y":11.88},{"time":1,"x":0,"y":0}]}}},"walk_bak":{"bones":{"004leg":{"translate":[{"time":0,"x":0,"y":4.22},{"time":0.1667,"x":0,"y":7.25},{"time":0.2333,"x":0,"y":8.26},{"time":0.6,"x":0,"y":1.18},{"time":0.6667,"x":0,"y":-0.34},{"time":0.9667,"x":0,"y":3.71},{"time":1,"x":0,"y":4.22}]},"004leg2":{"translate":[{"time":0,"x":0,"y":1.18},{"time":0.0667,"x":0,"y":0.17},{"time":0.5,"x":0,"y":7.25},{"time":0.5667,"x":0,"y":8.26},{"time":1,"x":0,"y":1.82}]},"004body2":{"rotate":[{"time":0,"angle":6.99},{"time":0.1,"angle":8.1,"curve":"stepped"},{"time":0.1667,"angle":8.1},{"time":0.5,"angle":-3.56},{"time":0.6333,"angle":-4.85},{"time":1,"angle":6.99}],"scale":[{"time":0.1,"x":1,"y":1,"curve":"stepped"},{"time":0.1667,"x":1,"y":1}]},"tou":{"rotate":[{"time":0,"angle":0,"curve":[0.25,0,0.75,1]},{"time":0.3667,"angle":-1.55,"curve":[0.25,0,0.75,1]},{"time":0.7,"angle":0.47,"curve":[0.25,0,0.75,1]},{"time":1,"angle":0}],"translate":[{"time":0,"x":0,"y":0},{"time":0.1333,"x":-2.03,"y":0},{"time":0.3,"x":-5.24,"y":0},{"time":0.5667,"x":1.01,"y":0},{"time":0.7333,"x":5.82,"y":0},{"time":1,"x":0,"y":0}]},"004hand6":{"rotate":[{"time":0,"angle":0,"curve":"stepped"},{"time":0.1,"angle":0},{"time":0.1667,"angle":2.52,"curve":"stepped"},{"time":0.3,"angle":2.52},{"time":0.5,"angle":0},{"time":0.6667,"angle":-2.47},{"time":1,"angle":0}],"scale":[{"time":0,"x":1,"y":1,"curve":"stepped"},{"time":0.1,"x":1,"y":1},{"time":0.1667,"x":0.975,"y":1},{"time":0.5,"x":1,"y":1},{"time":0.6667,"x":0.975,"y":1},{"time":1,"x":1,"y":1}]},"004hand4":{"scale":[{"time":0,"x":1,"y":1},{"time":0.1667,"x":0.944,"y":0.968},{"time":0.5,"x":1,"y":1},{"time":0.6667,"x":0.98,"y":0.98},{"time":1,"x":1,"y":1}]},"004hand3":{"rotate":[{"time":0,"angle":-0.3},{"time":0.1333,"angle":0.74},{"time":0.2333,"angle":4.06},{"time":0.5,"angle":1.3,"curve":"stepped"},{"time":0.6,"angle":1.3},{"time":0.6667,"angle":-1.43},{"time":0.7667,"angle":-3.58},{"time":1,"angle":0}],"scale":[{"time":0,"x":1,"y":1},{"time":0.1667,"x":0.98,"y":1},{"time":0.5,"x":1,"y":1,"curve":"stepped"},{"time":0.6,"x":1,"y":1},{"time":0.6667,"x":0.98,"y":1},{"time":1,"x":1,"y":1}]},"004hand1":{"scale":[{"time":0.1,"x":1,"y":1},{"time":0.1667,"x":0.98,"y":0.98},{"time":0.5,"x":1,"y":1},{"time":0.6667,"x":0.944,"y":0.968},{"time":1,"x":1,"y":1}]}}}}},[0]]],0,0,[0],[-1],[2]]]]