[1,["ecpdLyjvZBwrvm+cedCcQy","23Wc2J2dlK+bOxYAdQznJT","12d9e6856"],["node","root","data","_spriteFrame","_textureSetter"],["cc.SpriteFrame",["cc.Prefab",["_name"],2],["cc.Node",["_name","_groupIndex","_components","_prefab","_contentSize","_anchorPoint","_trs"],1,9,4,5,5,7],["cc.Sprite",["_sizeMode","node","_materials","_spriteFrame"],2,1,3,6],["cc.BoxCollider",["tag","node","_offset","_size"],2,1,5,5],["f1a9acz1GRFM6HjLvTeZdOh",["node"],3,1],["cc.PrefabInfo",["fileId","root"],2,1]],[[1,0,2],[2,0,1,2,3,4,5,6,3],[3,0,1,2,3,2],[4,0,1,2,3,2],[5,0,1],[6,0,1,2]],[[[[0,"bullet9"],[1,"bullet9",2,[[2,0,-2,[0],1],[3,7,-3,[0,0,61.7],[5,15,67.3]],[4,-4]],[5,"d8eApu9uNAj4SlbXyoHHR1",-1],[5,30,101],[0,0.5,0],[209,149,0,0,0,0,1,1,1,1]]],0,[0,1,1,0,0,1,0,0,1,0,0,1,0,2,1,4],[0,0],[-1,3],[0,1]],[[{"name":"biubiu_009a","rect":[3,345,30,101],"offset":[0,0],"originalSize":[30,101],"rotated":1,"capInsets":[0,0,0,0]}],[0],0,[0],[4],[2]]]]