[1,["12d9e6856","24l7waf25PJKuEyzZI3r3X"],["node","_textureSetter","root","spriteNode","data","_spriteFrame"],[["cc.Node",["_name","_components","_prefab","_children","_parent","_contentSize"],2,9,4,2,1,5],"cc.SpriteFrame",["cc.Prefab",["_name"],2],["ab684CB0vVLEKw8NZ+RRLXB",["node","spriteNode"],3,1,1],["cc.PrefabInfo",["fileId","root"],2,1],["cc.Sprite",["node","_spriteFrame"],3,1,6]],[[4,0,1,2],[2,0,2],[0,0,3,1,2,2],[0,0,4,1,2,5,2],[3,0,1,1],[5,0,1,1]],[[[{"name":"biubiu_005g","rect":[3,203,159,136],"offset":[0,0],"originalSize":[159,136],"capInsets":[0,0,0,0]}],[1],0,[0],[1],[0]],[[[1,"bullet5Strike"],[2,"bullet5Strike",[-4],[[4,-3,-2]],[0,"0f3+PT9btOyIehUuoJVadT",-1]],[3,"New Sprite",1,[[5,-5,0]],[0,"01DZstmV5DiqGkmcTdW1Rd",1],[5,159,136]]],0,[0,2,1,0,3,2,0,0,1,0,-1,2,0,0,2,0,4,1,5],[0],[5],[1]]]]