[1,["ecpdLyjvZBwrvm+cedCcQy","a2MjXRFdtLlYQ5ouAFv/+R","f5DJnGXR1CiI3Rwn5LKH9x","a4e0ViIrFFUKJNEJgFz/UZ"],["node","_spriteFrame","root","boxAnimNode","data","_textureSetter"],[["cc.Node",["_name","_opacity","_components","_prefab","_contentSize","_parent","_children","_color","_trs"],1,9,4,5,1,2,5,7],["cc.PrefabInfo",["fileId","root","asset"],2,1,1],["cc.Sprite",["_sizeMode","node","_materials","_spriteFrame"],2,1,3,6],"cc.SpriteFrame",["cc.Prefab",["_name"],2],["85833XjFplGLLaPRg0j+R8p",["node","boxAnimNode"],3,1,1],["cc.BlockInputEvents",["node"],3,1]],[[1,0,1,2,2],[4,0,2],[0,0,6,2,3,4,2],[0,0,1,5,2,3,7,4,3],[0,0,5,2,3,4,8,2],[5,0,1,1],[1,1,2,1],[2,0,1,2,3,2],[2,1,2,3,1],[6,0,1]],[[[[1,"MangheEff"],[2,"MangheEff",[-4,-5],[[5,-3,-2]],[6,-1,0],[5,5000,5000]],[3,"backBg",175,1,[[7,0,-6,[0],1],[9,-7]],[0,"ccwp5wOEdCr7rFD+bRauju",1,0],[4,4278190080],[5,5000,5000]],[4,"mh",1,[[8,-8,[2],3]],[0,"fbGd83FOlDbI4Kd/sjgCXj",1,0],[5,116,134],[2.318,0,0,0,0,0,1,0.1,0.1,1]]],0,[0,2,1,0,3,3,0,0,1,0,-1,2,0,-2,3,0,0,2,0,0,2,0,0,3,0,4,1,8],[0,0,0,0],[-1,1,-1,1],[0,1,0,2]],[[{"name":"mh","rect":[0,0,116,134],"offset":[0,0],"originalSize":[116,134],"capInsets":[0,0,0,0]}],[3],0,[0],[5],[3]]]]