{"paths":{"0":["frame_fy005",1],"1":["sound/msc_rol001",4],"2":["sound/msc_openDoor",4],"3":["sound/msc_rol002",4],"4":["sound/msc_g003",4],"5":["sound/msc_g001",4],"6":["sound/msc_g004",4],"7":["sound/msc_en001",4],"8":["sound/msc_fly",4],"9":["sound/msc_g008",4],"10":["sound/msc_en003",4],"11":["sound/msc_g002",4],"12":["sound/msc_g007",4],"13":["sound/msc_g005",4],"14":["sound/bgm",4],"15":["sound/msc_g010",4],"16":["sound/msc_g009",4],"17":["sound/msc_en002",4],"18":["sound/msc_rol003",4],"19":["sound/ui_click",4],"20":["sound/msc_g006",4],"21":["prefab/entities/prop/prop11",3],"22":["prefab/entities/bullet/bullet8",3],"23":["prefab/entities/bullet/bullet10",3],"24":["prefab/entities/bullet/bullet3",3],"28":["prefab/entities/prop/prop9",3],"31":["prefab/entities/enemy/enemy5",3],"33":["prefab/entities/prop/lightning",3],"36":["prefab/entities/bullet/propBullet2",3],"39":["prefab/entities/bullet/enemyBullet3",3],"41":["prefab/entities/bullet/bullet9",3],"43":["prefab/entities/bullet/bullet9Strike",3],"45":["prefab/entities/bullet/propBullet1",3],"47":["prefab/entities/enemy/enemy2",3],"51":["prefab/entities/prop/prop5",3],"53":["prefab/entities/enemy/enemy4",3],"55":["prefab/separationLayer",3],"56":["prefab/entities/prop/prop1",3],"58":["prefab/entities/bullet/bullet2",3],"59":["prefab/entities/bullet/fire7",3],"60":["prefab/entities/prop/prop3",3],"61":["prefab/entities/bullet/bullet6Strike",3],"62":["data/gold_up_full",0],"63":["prefab/entities/bullet/bullet7",3],"64":["prefab/entities/bullet/enemyBullet2",3],"65":["prefab/entities/explosive/explosive9",3],"66":["prefab/entities/prop/prop13",3],"67":["prefab/entities/bullet/propBullet4",3],"68":["prefab/exchange",3],"69":["prefab/entities/bullet/bullet108",3],"70":["prefab/HomeScene",3],"71":["prefab/props",3],"72":["prefab/entities/prop/prop10",3],"73":["prefab/entities/enemy/enemy6",3],"76":["prefab/entities/prop/takeProp",3],"78":["prefab/entities/bullet/bullet4Strike",3],"79":["prefab/entities/bullet/enemyBullet1",3],"81":["prefab/entities/prop/prop2",3],"82":["prefab/entities/bullet/bullet1",3],"83":["prefab/entities/bullet/bullet7Strike",3],"84":["prefab/entities/prop/propState",3],"85":["prefab/entities/enemy/enemy3",3],"87":["prefab/entities/prop/prop6",3],"88":["prefab/entities/prop/prop12",3],"89":["prefab/entities/bullet/propBullet6",3],"90":["data/enemy_full",0],"91":["prefab/entities/bullet/propBullet3",3],"92":["prefab/entities/bullet/bullet8Strike",3],"95":["prefab/entities/bullet/bullet3Strike",3],"96":["frame_fy005",2,1],"97":["prefab/entities/bullet/propBullet5",3],"98":["prefab/guideSke",3],"99":["data/level_full",0],"100":["prefab/entities/bullet/bullet1Strike",3],"104":["prefab/entities/bullet/bullet10Strike",3],"105":["prefab/settings",3],"106":["data/prop_full",0],"108":["prefab/tips",3],"109":["prefab/color",3],"110":["prefab/roleSupply",3],"113":["prefab/GameScene",3],"117":["data/enemy_up_full",0],"118":["prefab/entities/prop/prop4",3],"119":["prefab/recommend",3],"120":["prefab/entities/blood/blood",3],"121":["prefab/takeJackpot",3],"122":["data/weapon_full",0],"124":["data/weapon_up_full",0],"126":["prefab/entities/prop/guns",3],"130":["prefab/entities/bullet/bullet4",3],"131":["prefab/textTips",3],"133":["prefab/entities/bullet/bullet2Strike",3],"136":["prefab/entities/bullet/bullet5",3],"138":["prefab/recommendProps",3],"139":["prefab/entities/bullet/bullet5Strike",3],"141":["prefab/entities/enemy/enemy8",3],"143":["data/startem_full",0],"145":["prefab/entities/bullet/bullet6",3],"146":["prefab/entities/bullet/bullet108Strike",3],"147":["prefab/guideCircle",3],"149":["data/bullet_up_full",0],"150":["prefab/entities/enemy/enemy7",3],"151":["prefab/entities/enemy/enemy1",3]},"types":["cc.JsonAsset","cc.Texture2D","cc.SpriteFrame","cc.Prefab","cc.AudioClip"],"uuids":["0cFO82AitCFYK0w+nw0t84","0ehoryK01Ko4R1NIJnzPJ7","210ZbLxodATa2kIUwLLCeB","26vggSrDZDP4qq9UqrdLjJ","2cv4RKhzZE0oJTJMk7hILK","44MFoLmKdIKJ0FzoFokAcG","4bb49UJdZMloRYNpg1fcj6","52pm+RGGRLWKXeXuNVWaeA","553G0GSxNPK4uA2QlP7ehV","70DQ4YqmtAQZlpOkRkCrmx","79t3KZgq9MfJ2+kKWCkdjN","84gvX0yNNK0KeyGOiG8lH0","8dnvWqzxdMvYLC+61/AWvL","a0fBZ/LoJAEqPeoZopN4S8","a24YDAfZ5Grbc/GbuiCj2d","bb1gSljbRNdJuH3FpcTbcJ","beCfLmSixPA4x9HVHHmhKy","c8vsf4M1pOJIQgTVY96Eh3","d1/nQfUehGtre8PFyDafT4","e39/wb0QVBhpkdpCthGsyS","eeAuMs3CZJgrKIFCM/WReM","05DpjqJqxKiI2eF3h718Xw","05jo5Qzw1ME6JJF6pd4keN","05xDEVrKRMDKfQW9w3sO47","06033Qsj1OvbHoLbF/RMRL","07aVsTnuhMW57PxTUFSB4K","08lYlVLr5Jr5+cicM23fXS","0dZ3asnfVO84ghdENjmAPX","10h0MPJv1Ne4hEusEGUZ6L","11F8YSDGpNjYyT+HMppWAe","12d9e6856","15tfD70qxD9a8bIh4iSW3J","17JwCShOJD+4lXvML2i7o6","18xmyT9FJKbpgDTAvsDtLS","195c5522b","1azdR56WZFob0tfWqE1327","1bo2fvCstMOI3+kMTpN4IZ","1bca3c7ac","1dPXpXxGhGmLd6gZ2YlRBX","1eI4ZVWohEgKq+7Ha1/O+0","1fffupZ1JLLb/6SoB0Eu1D","1frJOagY5JZZFw02sjLDga","20k4advaVFsahGn8IMNBRj","22RWk1NHJBSLD1gci3nuD3","265bVUzRBFkpP/Ak3CGcpB","27TJHNlcNFEZfKBpyXjnCw","28KR3ZqshPLbR5fpCYDL6Q","28M/YwQk9LrITU5f+533Pc","2b6pGRO2dAJ4/gijTeD4Vm","2dy+nyj9xDe6sqJHpZ1NKT","39qp0zV3BA/4HZR0o7h6pG","3dunbrfWNBMLCiueXknTIF","407HVJuDVLrq13VWAL6kco","45AI5FOn1IkrA8ukZGvc2V","4b4LBMr+xJdr2mfV1JugkQ","50woaCHb1JLYtDAnMFtyg+","52NAR9xHZK1pvhzDWq8H8Q","52eD2Ep/5E8qa8LSAoujTl","53Mw9k0PtMMq4od5gB9TJs","55nmBKtf1O4J8pW4N3prLK","58CtTXe0tKJJweSnVGTjFh","59ncjckkNGR7hridz+QGAE","5bScFSGDNAgpNOE6phRFtR","5bpLTOQpNJToHeRWT2ByaP","5cYV2WauRLzK40JEC3eURl","5dSHqJsPJB/rektZCT2xiN","5dybyStPxHkY9bbo6I81bz","5d5OwDxS1LsIO7yzbEF7Zg","66nU0n7b9MRaLTZRILLgLf","671LddZHJP8YDIk1VU8kEA","68LxIzkVVO+pekCH1uyBwX","69sC3cK2hLAJKtwjOy7V+W","69s3p3djNKNo1njxb/YiNX","6dFtciraxB1bBoF9jtnTIs","6eBWFz0oVHPLIGQKf/9Thu","6eLPgroTdEka18Us0ewHdl","6e/a3UXulD67jeWhl0HJa/","71VhFCTINJM6/Ky3oX9nBT","72aSU+YuhDa47vOK2qJJiA","726N9maItNYb9XDGfHaUFp","75nR+dAO5MHZRNG0eOPgVG","76WmqiNLhPurPDuXI6l5EV","77e8vXX1FKjb4vPLuXWKRM","7aVvLvYTBOt7vFbEHILNAs","7dri1xGtdPL4xCaUJdOAr4","7dr15Yuo5AOI3oCE+angVO","81/H9h0ABNHa721c5iGTbP","82Q4l/MztHSo7XgxKz5nog","824uVKaylEV6ui3Nmhzb4R","8a4kz+Z39FVa2yiSvd+/mt","90b4NLanpPAYCUP1pD8nED","93cVK1vsJBLbIORHw6SaF0","94awsPtMxA+KNjdp+r6VuO","94jEzOGrNLb6SLzByRjeK9","96qsKW1P9NAK5U0QtnKjUH","96uDL5qhRCMJ8A/tq7T98d","98cRC/qGZNZoy9kxsX+Arh","98+hj9vVlGmq+fHibxTk+e","9eNBk03GtKjaWNzMw5uWza","a1IYFLkqZOk6kEYzoPQ5m0","a3uxCrCm1A3Iub+9cu8YhX","a471VPKHpE/6o9Wv97z/rE","a5oLav7UpFubJn2o+48KML","a6FcMzisFIfKn5pbZ4Kq3n","a7TPvjrB1HbIBRaBEuHog+","a8CftVGe9M+pB2YyVXUTa5","a91HdpBwtLSronJuTvaT60","aby8SD84VAvYgEd/rGIh5X","acehn2t69ElZ/KmjQ2y6Xh","b0V/5yMo9GnKhrLWZa76gb","b11sYbywxOlq0yRK4aHjr6","b4P/PCArtIdIH38t6mlw8Y","b5dVIAYkBBIbqi7ngS4odc","b6UtrEM0BMKrprMvlqx9y4","b73UyJ8iBFkrNKej6m4/FD","bfmniDEkpC4rdg8wxr/b1A","c2GsjmV6pOc4GAOWnCzY37","c2peVPxM9GDo7w3H7mAdn3","c3R9bapZhPAaE+PwX9f7LI","c6lkmaJbBGAaUdnmndxh8W","c7Ct1zu9FJJaAgoOL8LrQ/","c8i6PRdh5IRofZOuD6RZC9","ccjLraRNNCOoWmyVvIQm7s","d1S7EpSZdGlrWt/BdKh4G/","d4o5UD0yBLmKGO617HER3U","d6dMCDrlJLeId+eMySdLZ1","d61n7Utg1JZ4bmTlg/6cco","d9AEN8ZrtFrKY62f2S+n2T","d9CoolaAZGQZOXgeiIZ4dZ","dcDOFR2DVMJpIA+cp6oH2E","dcwSM9a1JPAYhaI/cC056n","ddZQ4sjblCHr9RLCuppve6","deDEpqaixBmoKUicFDlUIr","e0yyKWZE9GSr+m4cCcyzKz","e1mgpt87lGnJEDBoeYR1WS","e54O9U+i1NIoPpY5BzDEob","e6VcJK2m5B9JxGy9LrSNEJ","e8Ueib+qJEhL6mXAHdnwbi","ecfRFNlIFMIpJyFsqdiR4+","f0FHWEYl9HH64gAFFHXs8L","f2BHrvtzJI9LN9My7TGB9D","f6MQtp0k1I+pomRbe2P212","f6jh/33rlJxYm3Ck0HONC1","f7WOFCno5D2bxACVxVc4s1","f8o38vmlpKSL01Gvihnov5","f8upGuiNdLTY4GmRTpIhz3","f9cKHws3ZBKJIm0a9jDDRW","fa6vWWSPNCVZ1E/EAEuaYp","fbEmGv4dJIuofB4AmD5Od2","fdpAljZhxFk7XKAe82m5YV","ffeaRypmlO1YrUQvcG/Ra9","ffz/0dIh9NtobmTyj9hpM/","00LfrKvwBCupefNC/4rEgM","02delMVqdBD70a/HSD99FK","035qlyPHVLQpIIYp9C2l/2","04rCoG+5ZK3Y5foeOsvR/s","04u99R8fhHApa6yC3lhatk","05LabXna5Iv4YDAOZwDKt7","06+x/Y0ZZHuJa/fWNLjgfy","08xX5FIqxKaqBj+zOrFtip","0fQTr19sxJBLHyhmva63gq","11KpZgT+pPfJouISmYjcFT","11bETXQw1AlY7NhX2VwwBO","12YFXmgiVFEI6zCRCZxBfZ","14/jmFEh1AmKSxlIDuVlWU","15SxhMEjFEtZVj5SqK4z/x","1dWhRlG8tOo7b3+Dksps0t","1fhkO6Kx9A/JwTdvUTG4xh","21H+HhELdJUbFaJugSAEcS","211HLN5phOCJ8Guhj+7IF9","22ZCPHtY9D/JYPSuDHtJ8U","23Wc2J2dlK+bOxYAdQznJT","24l7waf25PJKuEyzZI3r3X","24pFGJi0JCPJwdEFFGbaWg","248PvKTTRLgaPQJOCGYLzY","27CV2OT6RAKZLatTr7gzQe","29FYIk+N1GYaeWH/q1NxQO","2b4eOAbAhFTZNoveBk5WzD","2c6jAdFnxCdqIjfjgZ41q7","2e1eppIFRBVZ4qia2z0rXw","300PJq1kVAiowi9GNnLKuo","31ZfP+WvdCMpicAx5zeNeK","32f/l+HltOla3AM6HO0y5Y","34BoBWQP9D368mGF3JUK40","34FX4PAHhLM7agZPDHQvkR","34MjhIe39DKJWd8QTT+ZyK","3ae7efMv1CLq2ilvUY/tQi","3dkKsFNLNF0Y5uc/wwvyMl","3ejBXPVyhMILE8sBmbyMjD","3epmhDGSRM14MwWgHsR/VH","41S7C8hIxEILAkY+K055Su","44BO9y6HtPdaOL/7cwgLfO","44e5tJ5eNC1qaJ931F+z50","47dLUrIm5DBYJasdeeBZU+","47kF2LCmxLZoKVpsGUijek","48SZBf9QpBspXLeqnXXkq0","480eJCpIFOjpyFOn+bEEbL","4fiMyP7aNBSY4poVfXNfK+","50VAR9LgFJ7bzjMj+uQT36","50WptGcv5LxoxQeVTztPNp","53dXTL1A5DxJLje9AbdXob","536wz+1XRMhYytJIki2RPd","559h7TguRLL6gvUWvv4YjO","56ArZaKCpFwKrKsng8onon","56mgur96tH/qdYnNh89gLz","57gmE1+utMI4o2lBLIk9sY","573b5DRf1AvIWHApdtpc+Y","58PLCsbVtM85R1UWUDEVtc","591s0XOLlBHqhn3rgwYKfi","5aZ3Tc7rJOUbm69iW3IFeI","5aoDxFwAxL7ak+xTV9z4vo","5cbDBbHCpD/JQc594fZYJI","5d8IPVaANMYYJyBwDFgcsc","5fxous/GhG14O2PEIsRoHQ","63WcWVhgdAHbUhgvyIMhCC","64XJHISbFG6LnkX3foTs5t","66hxSXia5LDJsbfHictopF","66460GSNpBZb1PzbPVOJ3a","67iFBnLB5BC61bps/2pXE3","69q3Rgk3JE5a1tAstj9jyH","6bC90DWF9Cn7rPi/ral/c/","6dDaCZqvtNiJyiLuJaaUAM","6db9dI37FHjqfnSya0F2tp","6eXlkY+DNDjoo0PW28iX8/","70Cvc+f3dJDLgvGCC3RWv9","71ABAvQQVJ/JTx/gEtwfDi","713ZUsa1lNwLLkW976xJSR","73rs8vBYhPl4pSezkgs83Q","74qbng75lERaPb9I8BJ194","74/8CB3nBJMaa76Y1iiPuy","77jtq25YlAyYtWBwn9DLd4","771hAtxjJIfrVHhakNsa+V","78TkG1Un9EmqlQ7RMRHG6s","7aulpsgoRK3r9ONjaNcA3P","7a/QZLET9IDreTiBfRn2PD","7ctamhsthGYbvtFjsuFo41","7eN3daBLVPNZBQp8QefghX","7eSw/ak81MDLyVJqmO4BfN","7fB4ezgWpJUoSCvuOsYWJu","7f6kOzh19JX4Z0SBBMJvxy","80efaBamJOZ54DRL5lxL8b","813Na/ZTBC46oKgU/ik0sk","813Ur+bvpHTriPCMwt7kdw","8bpndRZldJ7aukYV0XIkx4","8cZTOO6k1Nr7dsj8o7hXHF","8c20Sso/ZEn7NUfNSM+EBh","8erX2jXcFBE5hFlbiX/hCW","8fRBvJmZlOepAE5qfVNpVq","8fS8BagshD8aKOQ1Hv2GE+","8fbUX/o0tKJ4hDG137Tgt8","92O+kC48JGDr8iK5wSnaZp","95BUqG1UJGIpEGAI0LcYWV","95vJwfrQBIx6pXKZna8iA3","96Jne5UuNPaoKLS8K9DQR0","96jij824xFib1rpU2vN8QV","97ePwS9wxBGZXC3YRznh91","98oGFUOCNPIaI4aRb6K7GR","98316Rw8dHJaXTQ7hw8B92","99MJxhFjBJWK4+NGhZe4Ex","99RlS/1T9DIr1gc+L84LKH","99/I4KY25F2ZfI7A0/dkE1","9d79Tzj9FA96d5zUUeHpYs","a0K3PwrSxOfrK7zk+Pt6CA","a1ekteJIpAVqlHJtlrbp3v","a2MjXRFdtLlYQ5ouAFv/+R","a5PAIgBNJGe7z2uQZYWcAo","a5ZUGrUIdP0Y5djHtsnwlI","a7ysQg19JI6ZX2lDsnF+OI","a8qxXx5o9Aipd0D7dCzPYy","a9QOz0gfZJWaKChsHjn+AQ","a9ZUOYSQZJB4HuLRpvV3Bg","aanqyYOERNAJdYguYHWjlM","ab3Mkmsa1Lnpmm6EG6/PwN","ac4ZECsZJJCpeRmeWskELi","ad4Q5ApQhDMYVCRS22Qk72","aeDmXL8ZhAqJJ5zSfgy/8f","b0MlX78ERBnIVKap9fA7uy","b2D/e01flIUaDBvqH/A6Ei","b22eLRw4VLsbOU2JaA8eb3","b3XG2XydFGma2K+5mwe1Rq","b59BHdcg9Io6awz5WLPn6q","b98yVMLKNIaYL0EorYYZxL","bahK2tbYZKS7zljJYE8RsQ","bbPhaYvhxPS7cNomZnAOv7","bbc60xKAdNoLy5BhMTlogb","bcpJ2oDW9JNp3ZTEBdfVaC","beD2kJkyRM/4RBp02xZP15","bf/EEF115D1brSui3iQFmz","c0LGLAUj9JWZMhiWencQQN","c0SAEoKstKao6y9uHVTIHi","c2CSFhhlVJJr6a9g45QvyO","c4JvTLkxhHtYY6HuGfPJyN","c5PjReU8ZKiY7/cQ2DEQQ0","c6ob2arFtLoLbGjTNwHoD9","cabpFv/AFDzKg9a0/6N/vz","cbHpIphJ9I0KPqMdthj53b","cfPr7ONtpN8am3eGr+gDum","cf8t9NV5RHT6cLNm5/McA3","cf/Ucsm6lKw6zPyCzB/6l8","d3qA9633pGBr8caab4ZoQ+","d4GUGw4j5BLr+u79uchnR0","d5lZI1iI5JqqCZxXbuS6ak","d6qfWZAVFEO5IeCAnStogm","d8bHhg7mtM8JJ1IyYXH2PD","dbNqewXNtPjqNyDXP0ctJ4","dbZUHcTFpHDoduBG1nPSds","dfFS8McuRB1ogpTwkQRD5r","df+u67gidLro5X9h+HYDwd","e3PhvI8jhA45VwNuAvSale","e4fwLEXJtA8YZoJWnGtwTD","e44GfsVhpPfoXvX9eVyn5u","e6EQnQcX9Op4O96WuDiX5B","e8No9//CNCcoVRH4i1GHvs","e8fCZ0/+xIIY7ZRmOwDRG8","e9KA9AYF1LkbjjIKFDLLdB","e9ZjP84IBON4QkfgO46mZV","e9bn+OIHhKdJW7VucOdRog","e9y0QoR5ZFjYWJky+NcFk/","e97GVMl6JHh5Ml5qEDdSGa","eaG9NsmhtMkYcZfe7tkqTD","ecK6bFf3lOnIsK13TmkSmo","ecpdLyjvZBwrvm+cedCcQy","edfkg6kZJLxpl4BdzBDSSv","efLqjobrFNhaUjbpTgDue7","f0BIwQ8D5Ml7nTNQbh1YlS","f4DX3hOWlPhI2JYGzCVIys","f4xtvqadRHApp6MthCfP1B","f6Ra/rSOpEG53OWrI6bLqe","f6f19p4YNB4rmN5BuEFw/1","f8/Eu0WuVBm7YiHJiLNW7Z","faLR91wbdJo78O4y3A6ROV","fbg7MH41tHlYbdPTfH5kTg","fc7/6cxEpFDJ0ijM1lzhyz","feEUzr+wNB9qF4yRlnfmor","ff1Eounf9BgrdXzmaTPSm1"],"scenes":{},"redirect":[153,0,186,0,234,0,321,0],"deps":["internal"],"packs":{"012dba81c":[206,85,289],"01345b294":[210,76],"0159f2197":[179,56],"0175774b1":[45,203],"021d13ee4":[53,193],"02386de8c":[41,171],"023b00f40":[51,297],"02412eab2":[172,139],"0276097d6":[72,296],"028e35b94":[181,100],"0368876a0":[251,136],"03cdc5eab":[155,156,161,163,174,177,182,190,194,195,207,211,215,70,222,232,233,236,243,247,250,263,268,278,279,292,300,316,317,319,320,330],"0405ec320":[287,309],"04870e1b0":[275,145],"04ad5b428":[63,328],"04bc4a782":[154,239],"05230ade0":[31,291],"0526334ae":[21,306],"05354090e":[23,237],"059b29d61":[83,288],"06892afa5":[59,311],"06c232690":[79,333],"07515e8dc":[58,235],"08058f791":[162,118],"0824e03a0":[204,67],"083cc3a10":[167,168,184,192,218,220,241,244,285,290,313],"0845b2318":[270,108],"08cb0d580":[164,88],"08f05dba2":[82,329],"08fbb28f9":[159,105],"0924020d8":[229,150],"093a0a86c":[25,26,0,27,29,30,32,34,35,37,38,40,42,44,46,48,49,50,52,54,57,74,75,77,80,86,93,94,101,102,103,107,111,112,114,115,116,123,125,127,128,129,132,134,135,137,140,142,144,148],"09a24e971":[158,169,173,178,187,199,201,202,214,221,225,228,231,238,240,242,245,248,253,257,260,267,273,276,277,113,286,295,298,299,301,310,325,334],"0a216bae9":[47,293],"0a312aebd":[69,308],"0a64178dd":[191,61],"0ab771063":[170,200,205,209,212,217,71,224,254,265,269,280,294,302,332],"0ac5cfee6":[22,305],"0ad889a7f":[252,110],"0b641f250":[60,314],"0b8c08a2b":[64,283],"0ba403d60":[249,95],"0beecbd0a":[198,91],"0c035d6b0":[274,120],"0c339d10f":[176,318,324],"0c4189173":[230,87],"0cf55b44f":[216,78],"0cf66270e":[261,104],"0d95ea728":[130,315],"0d9ca82fb":[271,281],"0da32bb1e":[65,262],"0dc4909ee":[166,180,68,219,259,312,322],"0de4475ce":[28,272],"0dea48ca1":[66,227],"0ded840fc":[81,326],"0e72a72ee":[24,165],"0ebbcba1a":[226,151],"0edd22d26":[196,73],"0f14c7996":[36,266],"0f5346b61":[160,188,208,84,255,258,284,331],"0f6343de4":[175,141],"0f97159d2":[223,304,323],"0ffdf30c4":[39,256]},"name":"resources","importBase":"import","nativeBase":"native","debug":false,"isZip":false,"encrypted":false,"versions":{"import":[152,"64ade","012dba81c","2427a","01345b294","df6af","0159f2197","4c72d","0175774b1","bedab","021d13ee4","785bd","02386de8c","36905","023b00f40","bc982","02412eab2","82859","0276097d6","1da6c","028e35b94","82b41","0368876a0","96ccc","03cdc5eab","24fa5","0405ec320","9f47e","04870e1b0","7bb28","04ad5b428","8ea78","04bc4a782","7564c","05230ade0","5ff3a","0526334ae","09a12",157,"437a0","05354090e","9f443","059b29d61","6451f","06892afa5","37f01","06c232690","21061","07515e8dc","ea8aa","08058f791","4560c","0824e03a0","b6f0a","083cc3a10","18119","0845b2318","f6a0e","08cb0d580","f0a94","08f05dba2","fd464","08fbb28f9","9ef45","0924020d8","e6231","093a0a86c","afb64","09a24e971","5545d","0a216bae9","3a6bf","0a312aebd","c78cb","0a64178dd","3193c","0ab771063","ed2a0","0ac5cfee6","9ad14","0ad889a7f","c5ff2","0b641f250","6cf31","0b8c08a2b","931cc","0ba403d60","271d6","0beecbd0a","813e8","0c035d6b0","c12dc","0c339d10f","a9ccb","0c4189173","b3a28","0cf55b44f","09fbf","0cf66270e","74036","0d95ea728","80163","0d9ca82fb","c5913","0da32bb1e","af9b2","0dc4909ee","3cd09","0de4475ce","3fdac","0dea48ca1","fc052","0ded840fc","515bf","0e72a72ee","37a26",1,"59e1b","0ebbcba1a","2ad1c","0edd22d26","0eb2f","0f14c7996","9f1e9","0f5346b61","33efd","0f6343de4","9e06b","0f97159d2","9f6e7","0ffdf30c4","6ab12",33,"c9a56",2,"c3f5f",43,"279d5",3,"0a6e0",4,"90d2f",183,"f6ab2",185,"2a7a3",189,"cac52",5,"0469c",6,"dd522",197,"b3bf7",55,"447a8",7,"6fc7f",8,"c6480",62,"d589f",213,"e97ee",9,"b8f9e",10,"2507f",11,"4bf16",89,"07fd5",12,"47f3d",246,"c52ed",90,"45578",92,"8a81d",96,"0c043",97,"8ddc1",98,"385ca",13,"eac68",99,"d3046",264,"43d76",14,"19823",106,"9fee4",109,"43183",282,"20958",15,"6d337",16,"6424c",117,"c72de",119,"d4bd2",121,"f1916",17,"087ca",122,"2f6ef",18,"6e82a",124,"23fad",126,"d71fa",303,"99816",131,"65ad9",307,"223d6",133,"d3682",19,"a8e45",138,"8af37",20,"7c4fd",327,"da780",143,"05551",146,"48671",147,"65f01",149,"6bee8"],"native":[25,"07646",26,"a5b1b",0,"eba45",27,"4171d",1,"2b938",29,"140da",30,"d85fe",32,"5dd54",34,"a8a58",35,"da265",37,"10d1c",38,"35d62",40,"62efe",42,"1112a",2,"9f737",3,"b8178",44,"8e32f",46,"958f9",48,"3096f",4,"e5ce8",49,"59907",50,"461c7",52,"e9fd7",5,"37bc6",6,"31d9f",54,"d0b78",57,"7d2ed",7,"76024",8,"5e237",74,"6d3cf",75,"87276",9,"f6802",77,"c06a9",80,"241c1",10,"7b8e1",86,"17bce",11,"f2156",12,"e9cbc",93,"a142e",94,"aab5b",13,"230d6",14,"d094b",101,"71894",102,"ad9e8",103,"0a18b",107,"88b33",111,"83fcc",112,"61d06",114,"a4215",15,"113a8",16,"87960",115,"d8b66",116,"7b805",17,"e94fa",123,"32242",18,"47a32",125,"62153",127,"b6a51",128,"b4d00",129,"238c6",132,"aaa11",134,"ed4c2",19,"b9f22",135,"a902c",137,"90cf4",20,"276f5",140,"48437",142,"3a604",144,"cf225",148,"1127b"]}}