[1,["ecpdLyjvZBwrvm+cedCcQy","c2lFa5mrRE6IEPazfRhPLN","edbQc1Me1FpZcZGZQjWa/z","13PRkxmyhJzq9sudXD0Vlr","b2P8Mm0iRBDa1KXUMdnhrv","02delMVqdBD70a/HSD99FK","83YjLkSwhG96FPggBsRDIn","c1XHorWfZM57WBpgh2OulP","17ExZl4SVK0bR7tKUzKqUw","81yEy4C3tGxJYo1KMuXeVB","2cExVqW2xMwrOBFDF+VbCH","21lGYSl/RMhqtcDXrvwcyc","8c20Sso/ZEn7NUfNSM+EBh","a2MjXRFdtLlYQ5ouAFv/+R"],["node","_spriteFrame","_textureSetter","root","btnlabel","title","desc","bgImg","data"],[["cc.Widget",["_alignFlags","_left","_top","_bottom","_right","_originalWidth","_originalHeight","_isAbsBottom","_isAbsLeft","_isAbsTop","node"],-7,1],"cc.SpriteFrame",["cc.Node",["_name","_opacity","_components","_prefab","_contentSize","_parent","_trs","_children"],1,9,4,5,1,7,2],["cc.Label",["_fontSize","_N$horizontalAlign","_N$verticalAlign","_lineHeight","_N$overflow","_string","node","_materials"],-3,1,3],["cc.Node",["_name","_parent","_components","_prefab","_contentSize","_trs","_color"],2,1,12,4,5,7,5],["cc.PrefabInfo",["fileId","root","asset"],2,1,1],["cc.Sprite",["_sizeMode","node","_materials","_spriteFrame"],2,1,3,6],["cc.Prefab",["_name"],2],["1c90eBBAuFFAqaPDoWzIXWe",["node","bgImg","desc","title","btnlabel"],3,1,1,1,1,1],["cc.Button",["node","clickEvents"],3,1,9],["cc.ClickEvent",["_componentId","handler","target"],1,1]],[[5,0,1,2,2],[0,0,1,2,10,4],[6,0,1,2,3,2],[2,0,5,2,3,4,6,2],[9,0,1,1],[10,0,1,2,3],[2,0,1,5,2,3,4,6,3],[4,0,1,2,3,6,4,5,2],[0,0,1,4,2,10,5],[6,1,2,3,1],[7,0,2],[2,0,7,2,3,4,6,2],[2,0,5,7,2,3,4,2],[2,0,1,5,2,3,4,3],[4,0,1,2,3,4,5,2],[0,0,5,6,10,4],[0,0,1,2,3,8,9,7,6,10,9],[0,0,1,4,2,3,5,6,10,8],[0,0,1,4,2,3,7,10,7],[0,0,1,4,2,3,7,5,10,8],[8,0,1,2,3,4,1],[5,1,2,1],[3,0,1,2,6,7,4],[3,0,3,4,6,7,4],[3,5,0,3,1,2,4,6,7,7]],[[[{"name":"bg","rect":[0,0,583,500],"offset":[0,0],"originalSize":[583,500],"capInsets":[0,0,0,0]}],[1],0,[0],[2],[1]],[[{"name":"SpotNativeAD","rect":[0,0,51,26],"offset":[0,0],"originalSize":[51,26],"capInsets":[0,0,0,0]}],[1],0,[0],[2],[2]],[[{"name":"touch","rect":[4,3,347,110],"offset":[0.5,0.5],"originalSize":[354,117],"capInsets":[0,0,0,0]}],[1],0,[0],[2],[3]],[[{"name":"close","rect":[0,0,64,64],"offset":[0,0],"originalSize":[64,64],"capInsets":[0,0,0,0]}],[1],0,[0],[2],[4]],[[{"name":"default_sprite_splash","rect":[0,0,2,2],"offset":[0,0],"originalSize":[2,2],"capInsets":[0,0,0,0]}],[1],0,[0],[2],[5]],[[{"name":"native_insters_layerBg","rect":[0,0,100,100],"offset":[0,0],"originalSize":[100,100],"capInsets":[0,0,0,0]}],[1],0,[0],[2],[6]],[[[10,"nativeinterAD"],[11,"nativeinterAD",[-8,-9],[[15,45,720,1280,-2],[20,-7,-6,-5,-4,-3]],[21,-1,0],[5,640,1335],[320,667.5,0,0,0,0,1,1,1,1]],[12,"sprite",1,[-11,-12,-13,-14,-15,-16,-17,-18,-19],[[16,18,0.08327916666666667,0.265625,0.265625,false,false,false,600,-10]],[0,"5aZwT/k2RJFbxHHNAuJk3U",1,0],[5,600,600]],[13,"layerBg",160,1,[[2,0,-20,[0],1],[17,45,-860,-860,-640,-640,100,100,-21],[4,-22,[[5,"64089lZ8+ROI5H4Ic4SEp4C","downLoadBtn",1]]]],[0,"8d7gzGsFtIkY1w0qE3yomW",1,0],[5,2360,2615]],[3,"touch",2,[[2,0,-23,[6],7],[18,9,190,189.384,508.659,0.31662265625,false,-24],[4,-25,[[5,"1c90eBBAuFFAqaPDoWzIXWe","downLoadBtn",1]]]],[0,"3fAlIv1PlNvq6cisDZJvnB",1,0],[5,220,80],[0,-248.659,0,0,0,0,1,1,1,1]],[3,"adimg",2,[[2,0,-26,[11],12],[1,9,46.593999999999994,93.202,-27]],[0,"30VCEk0mVGAJxc34jeC8H9",1,0],[5,506,330],[-0.4060000000000059,41.798,0,0,0,0,1,1,1,1]],[6,"close",0,2,[[2,0,-28,[15],16],[1,9,536.873,30.637999999999977,-29],[4,-30,[[5,"1c90eBBAuFFAqaPDoWzIXWe","closeBtn",1]]]],[0,"adh9T5aMtHxIIL0pKnuBsR",1,0],[5,28,28],[250.87300000000005,255.36200000000002,0,0,0,0,1,1,1,1]],[3,"bg",2,[[9,-31,[2],3],[1,9,8.093999999999976,7.336999999999982,-32]],[0,"4aKShF88FNRa8Zopqv1k9P",1,0],[5,583,500],[-0.4060000000000059,42.66300000000001,0,0,0,0,1,1,1,1]],[6,"closeimg",200,2,[[2,0,-33,[4],5],[8,9,533.251,59.95500000000001,26.724999999999966,-34]],[0,"f1HoftQiVMpovaKtiocYsG",1,0],[5,35,35],[250.75099999999998,255.77500000000003,0,0,0,0,1,1,1,1]],[3,"SpotNativeAD",2,[[9,-35,[8],9],[19,9,512.4259999999999,44.274,473.726,0.3849109375,false,51,-36]],[0,"62vTr47GZGbL4gasKzKnm6",1,0],[5,51,26],[237.92599999999993,-186.726,0,0,0,0,1,1,1,1]],[7,"title",2,[[-37,[8,9,300.548,299.452,23.22999999999999,-38]],1,4],[0,"221XY0rCBIrIGVKasfQati",1,0],[4,4278190080],[5,0,50.4],[0.5480000000000018,251.57,0,0,0,0,1,1,1,1]],[7,"desc",2,[[-39,[1,9,49.593999999999994,409.94300000000004,-40]],1,4],[0,"b2l1vrYj5NsrkjorwxQQpH",1,0],[4,4278190080],[5,500,80],[-0.4060000000000059,-149.94300000000004,0,0,0,0,1,1,1,1]],[14,"btnlabel",2,[[-41,[1,9,229.594,527.905,-42]],1,4],[0,"27WVSNfqJAB5cs3KKZXwl4",1,0],[5,140,42.84],[-0.4060000000000059,-249.325,0,0,0,0,1,1,1,1]],[22,30,1,1,10,[10]],[23,25,35,2,11,[13]],[24,"点击安装",35,34.7,1,1,2,12,[14]]],0,[0,3,1,0,0,1,0,4,15,0,5,13,0,6,14,0,7,5,0,0,1,0,-1,3,0,-2,2,0,0,2,0,-1,7,0,-2,8,0,-3,4,0,-4,9,0,-5,10,0,-6,5,0,-7,11,0,-8,12,0,-9,6,0,0,3,0,0,3,0,0,3,0,0,4,0,0,4,0,0,4,0,0,5,0,0,5,0,0,6,0,0,6,0,0,6,0,0,7,0,0,7,0,0,8,0,0,8,0,0,9,0,0,9,0,-1,13,0,0,10,0,-1,14,0,0,11,0,-1,15,0,0,12,0,8,1,42],[0,0,0,0,0,0,0,0,0,0,0,0,0,0,0,0,0],[-1,1,-1,1,-1,1,-1,1,-1,1,-1,-1,1,-1,-1,-1,1],[0,7,0,8,0,9,0,10,0,11,0,0,12,0,0,0,13]]]]