[1,["bbVIuSMUlPFa/UVqi16tVT"],0,[["sp.SkeletonData",["_name","_atlasText","textureNames","_skeletonJson","textures"],-1,3]],[[0,0,1,2,3,4,5]],[[0,"eff_skill_icestorm","\r\neff_skill_icestorm.png\r\nsize: 512, 64\r\nformat: RGBA8888\r\nfilter: Linear,Linear\r\nrepeat: none\r\nbreak01\r\n  rotate: false\r\n  xy: 2, 2\r\n  size: 62, 41\r\n  orig: 62, 41\r\n  offset: 0, 0\r\n  index: -1\r\nbreak02\r\n  rotate: false\r\n  xy: 66, 2\r\n  size: 62, 41\r\n  orig: 62, 41\r\n  offset: 0, 0\r\n  index: -1\r\nbreak03\r\n  rotate: false\r\n  xy: 130, 2\r\n  size: 62, 41\r\n  orig: 62, 41\r\n  offset: 0, 0\r\n  index: -1\r\nbreak04\r\n  rotate: false\r\n  xy: 194, 2\r\n  size: 62, 41\r\n  orig: 62, 41\r\n  offset: 0, 0\r\n  index: -1\r\nice\r\n  rotate: false\r\n  xy: 258, 15\r\n  size: 28, 28\r\n  orig: 28, 28\r\n  offset: 0, 0\r\n  index: -1\r\nicesteam\r\n  rotate: false\r\n  xy: 288, 25\r\n  size: 18, 18\r\n  orig: 18, 18\r\n  offset: 0, 0\r\n  index: -1\r\n",["eff_skill_icestorm.png"],{"skeleton":{"hash":"4jd8qEj+IgVYhkkAjUHjMTFJbpw","spine":"2.1.27","width":62,"height":42.36,"images":""},"bones":[{"name":"root"},{"name":"break","parent":"root"},{"name":"ice","parent":"root","x":-5,"y":7},{"name":"steam01","parent":"root","x":-3.76,"y":5.36},{"name":"steam02","parent":"root","x":3.7,"y":3.13,"scaleX":1.333,"scaleY":1.333},{"name":"steam03","parent":"root","x":-1.34,"y":1.52,"scaleX":0.56,"scaleY":0.56}],"slots":[{"name":"ice","bone":"ice","attachment":"ice"},{"name":"break01","bone":"break","color":"ffffff00","attachment":"break04"},{"name":"icesteam","bone":"steam01","color":"ffffff00","attachment":"icesteam"},{"name":"icesteam2","bone":"steam02","color":"ffffff00","attachment":"icesteam"},{"name":"icesteam3","bone":"steam03","color":"ffffff00","attachment":"icesteam"}],"skins":{"default":{"break01":{"break01":{"x":9,"y":13,"width":62,"height":41},"break02":{"x":9,"y":13,"width":62,"height":41},"break03":{"x":9,"y":13,"width":62,"height":41},"break04":{"x":9,"y":13,"width":62,"height":41}},"ice":{"ice":{"width":28,"height":28}},"icesteam":{"icesteam":{"width":18,"height":18}},"icesteam2":{"icesteam":{"width":18,"height":18}},"icesteam3":{"icesteam":{"width":18,"height":18}}}},"animations":{"animation":{"slots":{"break01":{"attachment":[{"time":0,"name":"break04"},{"time":0.2666,"name":"break01"},{"time":0.3,"name":"break01"},{"time":0.3666,"name":"break02"},{"time":0.4333,"name":"break03"},{"time":0.5,"name":"break04"},{"time":0.6,"name":"break04"},{"time":0.6666,"name":"break04"}],"color":[{"time":0,"color":"ffffff00","curve":"stepped"},{"time":0.2666,"color":"ffffff00"},{"time":0.3,"color":"ffffffff","curve":"stepped"},{"time":0.5333,"color":"ffffffff","curve":"stepped"},{"time":0.5666,"color":"ffffff00","curve":"stepped"},{"time":0.6666,"color":"ffffff00"}]},"ice":{"attachment":[{"time":0,"name":"ice"},{"time":0.2666,"name":"ice"},{"time":0.6,"name":"ice"},{"time":0.6666,"name":"ice"}],"color":[{"time":0,"color":"ffffffff","curve":"stepped"},{"time":0.2666,"color":"ffffffff"},{"time":0.3,"color":"ffffff00","curve":"stepped"},{"time":0.6666,"color":"ffffff00"}]},"icesteam":{"attachment":[{"time":0,"name":"icesteam"},{"time":0.2666,"name":"icesteam"},{"time":0.6,"name":"icesteam"},{"time":0.6666,"name":"icesteam"}],"color":[{"time":0,"color":"ffffff00","curve":"stepped"},{"time":0.2666,"color":"ffffff00"},{"time":0.3,"color":"ffffffff"},{"time":0.6,"color":"ffffff00","curve":"stepped"},{"time":0.6666,"color":"ffffff00"}]},"icesteam2":{"attachment":[{"time":0,"name":"icesteam"},{"time":0.2666,"name":"icesteam"},{"time":0.6,"name":"icesteam"},{"time":0.6666,"name":"icesteam"}],"color":[{"time":0,"color":"ffffff00","curve":"stepped"},{"time":0.2666,"color":"ffffff00"},{"time":0.3,"color":"ffffffff"},{"time":0.6,"color":"ffffff00","curve":"stepped"},{"time":0.6666,"color":"ffffff00"}]},"icesteam3":{"attachment":[{"time":0,"name":"icesteam"},{"time":0.2666,"name":"icesteam"},{"time":0.6,"name":"icesteam"},{"time":0.6666,"name":"icesteam"}],"color":[{"time":0,"color":"ffffff00","curve":"stepped"},{"time":0.2666,"color":"ffffff00"},{"time":0.3,"color":"ffffffff"},{"time":0.6,"color":"ffffff00","curve":"stepped"},{"time":0.6666,"color":"ffffff00"}]}},"bones":{"root":{"rotate":[{"time":0,"angle":0,"curve":"stepped"},{"time":0.2666,"angle":0,"curve":"stepped"},{"time":0.6,"angle":0,"curve":"stepped"},{"time":0.6666,"angle":0}],"translate":[{"time":0,"x":0,"y":0,"curve":"stepped"},{"time":0.2666,"x":0,"y":0,"curve":"stepped"},{"time":0.6,"x":0,"y":0,"curve":"stepped"},{"time":0.6666,"x":0,"y":0}],"scale":[{"time":0,"x":1,"y":1,"curve":"stepped"},{"time":0.2666,"x":1,"y":1,"curve":"stepped"},{"time":0.6,"x":1,"y":1,"curve":"stepped"},{"time":0.6666,"x":1,"y":1}]},"break":{"rotate":[{"time":0,"angle":0,"curve":"stepped"},{"time":0.2666,"angle":0,"curve":"stepped"},{"time":0.6,"angle":0,"curve":"stepped"},{"time":0.6666,"angle":0}],"translate":[{"time":0,"x":0,"y":0,"curve":"stepped"},{"time":0.2666,"x":0,"y":0,"curve":"stepped"},{"time":0.6,"x":0,"y":0,"curve":"stepped"},{"time":0.6666,"x":0,"y":0}],"scale":[{"time":0,"x":1,"y":1,"curve":"stepped"},{"time":0.2666,"x":1,"y":1,"curve":"stepped"},{"time":0.6,"x":1,"y":1,"curve":"stepped"},{"time":0.6666,"x":1,"y":1}]},"ice":{"rotate":[{"time":0,"angle":0,"curve":"stepped"},{"time":0.2666,"angle":0,"curve":"stepped"},{"time":0.6,"angle":0,"curve":"stepped"},{"time":0.6666,"angle":0}],"translate":[{"time":0,"x":-144.42,"y":144.02},{"time":0.2666,"x":0,"y":0,"curve":"stepped"},{"time":0.6,"x":0,"y":0,"curve":"stepped"},{"time":0.6666,"x":0,"y":0}],"scale":[{"time":0,"x":1,"y":1,"curve":"stepped"},{"time":0.2666,"x":1,"y":1,"curve":"stepped"},{"time":0.6,"x":1,"y":1,"curve":"stepped"},{"time":0.6666,"x":1,"y":1}]},"steam01":{"rotate":[{"time":0,"angle":0,"curve":"stepped"},{"time":0.2666,"angle":0,"curve":"stepped"},{"time":0.6,"angle":0,"curve":"stepped"},{"time":0.6666,"angle":0}],"translate":[{"time":0,"x":0,"y":0,"curve":"stepped"},{"time":0.2666,"x":0,"y":0},{"time":0.6,"x":3.54,"y":6.07,"curve":"stepped"},{"time":0.6666,"x":3.54,"y":6.07}],"scale":[{"time":0,"x":1,"y":1,"curve":"stepped"},{"time":0.2666,"x":1,"y":1},{"time":0.6,"x":1.437,"y":1.437,"curve":"stepped"},{"time":0.6666,"x":1.437,"y":1.437}]},"steam02":{"rotate":[{"time":0,"angle":0,"curve":"stepped"},{"time":0.2666,"angle":0,"curve":"stepped"},{"time":0.6,"angle":0,"curve":"stepped"},{"time":0.6666,"angle":0}],"translate":[{"time":0,"x":0,"y":0,"curve":"stepped"},{"time":0.2666,"x":0,"y":0,"curve":[0.016,0.6,0.75,1]},{"time":0.6666,"x":4.55,"y":1.51}],"scale":[{"time":0,"x":1,"y":1,"curve":"stepped"},{"time":0.2666,"x":1,"y":1},{"time":0.6,"x":1.198,"y":1.198,"curve":"stepped"},{"time":0.6666,"x":1.198,"y":1.198}]},"steam03":{"rotate":[{"time":0,"angle":0,"curve":"stepped"},{"time":0.2666,"angle":0,"curve":"stepped"},{"time":0.6,"angle":0,"curve":"stepped"},{"time":0.6666,"angle":0}],"translate":[{"time":0,"x":0,"y":0,"curve":"stepped"},{"time":0.2666,"x":0,"y":0},{"time":0.6,"x":-2.53,"y":0.75,"curve":"stepped"},{"time":0.6666,"x":-2.53,"y":0.75}],"scale":[{"time":0,"x":1,"y":1,"curve":"stepped"},{"time":0.2666,"x":1,"y":1},{"time":0.6,"x":1.716,"y":1.716,"curve":"stepped"},{"time":0.6666,"x":1.716,"y":1.716}]}},"drawOrder":[{"time":0},{"time":0.2666},{"time":0.6},{"time":0.6666}]}}},[0]]],0,0,[0],[-1],[0]]