[1,["2fyaFDiURAlpKDl5ocO9UK"],0,[["sp.SkeletonData",["_name","_atlasText","textureNames","_skeletonJson","textures"],-1,3]],[[0,0,1,2,3,4,5]],[[0,"win","\nwin.png\nsize: 511,673\nformat: RGBA8888\nfilter: Linear,Linear\nrepeat: none\nshengli/daguang\n  rotate: false\n  xy: 1, 404\n  size: 221, 146\n  orig: 221, 146\n  offset: 0, 0\n  index: -1\nshengli/guangyun\n  rotate: false\n  xy: 1, 159\n  size: 244, 243\n  orig: 244, 243\n  offset: 0, 0\n  index: -1\nshengli/bu\n  rotate: false\n  xy: 247, 367\n  size: 222, 197\n  orig: 222, 197\n  offset: 0, 0\n  index: -1\nshengli/huangguan\n  rotate: false\n  xy: 241, 566\n  size: 167, 105\n  orig: 167, 105\n  offset: 0, 0\n  index: -1\nshengli/1\n  rotate: false\n  xy: 410, 67\n  size: 53, 61\n  orig: 53, 61\n  offset: 0, 0\n  index: -1\nshengli/2\n  rotate: false\n  xy: 476, 1\n  size: 33, 93\n  orig: 33, 93\n  offset: 0, 0\n  index: -1\nshengli/3\n  rotate: false\n  xy: 471, 367\n  size: 37, 93\n  orig: 37, 93\n  offset: 0, 0\n  index: -1\nshengli/4\n  rotate: false\n  xy: 410, 566\n  size: 49, 64\n  orig: 49, 64\n  offset: 0, 0\n  index: -1\nshengli/guangdian\n  rotate: false\n  xy: 410, 1\n  size: 64, 64\n  orig: 64, 64\n  offset: 0, 0\n  index: -1\nshengli/zuochibang\n  rotate: false\n  xy: 247, 159\n  size: 228, 206\n  orig: 228, 206\n  offset: 0, 0\n  index: -1\nshengli/jianjia\n  rotate: false\n  xy: 1, 1\n  size: 407, 156\n  orig: 407, 156\n  offset: 0, 0\n  index: -1\nshengli/shengli\n  rotate: false\n  xy: 1, 552\n  size: 238, 98\n  orig: 238, 98\n  offset: 0, 0\n  index: -1\n",["win.png"],{"skeleton":{"width":632.51,"height":430.26,"fps":24,"hash":" ","name":"Armatureshengli"},"bones":[{"y":-198.9689,"name":"root"},{"x":-140.7642,"y":462.7248,"name":"guangdian","parent":"root"},{"x":3.7,"y":304.7689,"name":"huangguan","parent":"root"},{"x":6.5278,"y":293.6054,"scaleX":1.9543,"scaleY":1.9543,"name":"guangyun","parent":"root"},{"x":-345.0726,"y":263.2797,"name":"yumao","parent":"root"},{"x":10.5187,"y":222.7847,"scaleX":1.6315,"scaleY":1.6315,"name":"daguang","parent":"root"},{"x":3.7,"y":195.2189,"name":"shengli","parent":"root"},{"x":8.7155,"y":192.1774,"name":"jianjia","parent":"root"},{"x":-77.8,"y":240.0689,"name":"zuochibang","parent":"root"},{"x":4.6,"y":249.9189,"name":"bu","parent":"root"},{"x":-90.6,"y":209.5689,"name":"zuochibang4","parent":"root"},{"x":101.0897,"y":209.5689,"scaleX":-1,"name":"zuochibang41","parent":"root"},{"x":154.7072,"y":267.535,"name":"guangdian1","parent":"root"},{"x":3.8464,"y":311.2427,"scaleX":0.8596,"scaleY":0.8596,"name":"guangdian11","parent":"root"},{"x":64.5796,"y":257.7525,"scaleX":0.5735,"scaleY":0.5735,"name":"guangdian111","parent":"root"},{"x":122.4078,"y":321.4113,"scaleX":0.5735,"scaleY":0.5735,"name":"guangdian1111","parent":"root"},{"x":-192.1139,"y":321.4113,"scaleX":0.5735,"scaleY":0.5735,"name":"guangdian11111","parent":"root"},{"length":77,"x":-39.6,"y":-41.25,"rotation":179.1129,"name":"zuochibang1","parent":"zuochibang4"},{"length":77,"x":-39.6,"y":-41.25,"rotation":179.1129,"name":"zuochibang11","parent":"zuochibang41"},{"x":-54.7601,"y":-5.1494,"name":"1","parent":"huangguan"},{"length":63,"x":58.0165,"y":-26.455,"rotation":-18.961,"name":"zuochibang2","parent":"zuochibang1"},{"length":63,"x":58.0165,"y":-26.455,"rotation":-18.961,"name":"zuochibang21","parent":"zuochibang11"},{"length":77,"x":27.8024,"y":-42.8561,"rotation":-8.7565,"name":"zuochibang3","parent":"zuochibang2"},{"length":77,"x":27.8024,"y":-42.8561,"rotation":-8.7565,"name":"zuochibang31","parent":"zuochibang21"}],"slots":[{"name":"daguang","bone":"daguang","attachment":"shengli/daguang"},{"name":"guangyun","bone":"guangyun","blend":"additive","attachment":"shengli/guangyun"},{"name":"bu","bone":"bu","attachment":"shengli/bu"},{"name":"huangguan","bone":"huangguan","attachment":"shengli/huangguan"},{"name":"1","bone":"1","attachment":"shengli/1"},{"name":"guangdian","bone":"guangdian","attachment":"shengli/guangdian"},{"name":"zuochibang1","bone":"zuochibang41","attachment":"shengli/zuochibang"},{"name":"zuochibang","bone":"zuochibang4","attachment":"shengli/zuochibang"},{"name":"jianjia","bone":"jianjia","attachment":"shengli/jianjia"},{"name":"shengli","bone":"shengli","attachment":"shengli/shengli"},{"name":"guangdian1","bone":"guangdian1","attachment":"shengli/guangdian"},{"name":"guangdian11","bone":"guangdian11","blend":"additive","attachment":"shengli/guangdian"},{"name":"guangdian111","bone":"guangdian111","blend":"additive","attachment":"shengli/guangdian"},{"name":"guangdian1111","bone":"guangdian1111","blend":"additive","attachment":"shengli/guangdian"},{"name":"guangdian11111","bone":"guangdian11111","blend":"additive","attachment":"shengli/guangdian"}],"skins":{"default":{"1":{"shengli/1":{"name":"shengli/1","width":53,"height":61,"x":-2.7,"y":9.38},"shengli/3":{"name":"shengli/3","width":37,"height":93,"x":67.3,"y":30.38},"shengli/4":{"name":"shengli/4","width":49,"height":64,"x":113.3,"y":8.88},"shengli/2":{"name":"shengli/2","width":33,"height":93,"x":39.3,"y":30.38}},"guangdian11111":{"shengli/guangdian":{"name":"shengli/guangdian","width":64,"height":64,"x":-1.2,"y":2.03}},"zuochibang":{"shengli/zuochibang":{"name":"shengli/zuochibang","width":228,"height":206,"hull":14,"type":"mesh","triangles":[1,15,0,15,14,0,14,11,0,0,11,13,11,12,13,2,15,1,2,5,15,14,9,11,5,7,15,5,6,7,4,5,2,3,4,2,7,8,9,9,10,11,9,7,14,15,7,14],"uvs":[1,0.58374,0.91557,0.19272,0.2318,0,0.00022,0,0.00022,0.23956,0.12588,0.34053,0.02544,0.37476,0.19759,0.6216,0.12281,0.67039,0.45833,0.83422,0.41601,0.88471,0.61952,0.92427,0.59649,1,1,1,0.62061,0.61107,0.56228,0.48219],"edges":[0,2,2,4,4,6,6,8,8,10,10,12,12,14,14,16,16,18,18,20,20,22,22,24,24,26,26,0,14,28,10,30],"vertices":[1,10,28.66,-20.08,1,1,10,8.67,60.29,1,3,22,64.08,-36.48,0.84,20,85.58,-88.67,0.13,10,-147.59,98.56,0.03,3,22,110.2,-10.78,0.88,20,135.08,-70.28,0.1,10,-200.39,98.07,0.02,3,22,86.17,32.33,0.76,20,117.89,-24.02,0.22,10,-199.93,48.72,0.02,3,22,51.02,36.55,0.33,20,83.79,-14.5,0.66,10,-171.09,28.19,0.01,3,22,67.59,53.85,0.35,20,102.8,0.08,0.63,10,-193.92,20.93,0.02,4,22,8.55,79.17,0.093087,20,48.31,34.09,0.508993,17,114.78,-9.91,0.374464,10,-154.21,-29.56,0.023456,4,22,18.54,96.25,0.12218,20,60.78,49.44,0.468093,17,131.57,0.56,0.373428,10,-171.16,-39.77,0.036299,4,17,54.26,32.4,0.682605,20,-22.67,54.45,0.206949,22,-64.7,88.48,0.060042,10,-94.36,-72.81,0.050404,4,17,63.65,43.04,0.619231,20,-17.25,67.56,0.235718,22,-61.34,102.27,0.080782,10,-103.91,-83.3,0.064269,4,17,17.07,50.04,0.591346,20,-63.58,59.04,0.199962,10,-57.44,-91.02,0.12837,22,-105.83,86.8,0.080322,4,17,21.92,65.77,0.519885,20,-64.1,75.49,0.231801,10,-62.54,-106.67,0.147058,22,-108.85,102.98,0.101256,4,22,-189.2,58.19,0.04,17,-70.04,63.49,0.22,20,-150.34,43.46,0.07,10,29.45,-105.82,0.67,4,22,-74.64,30.31,0.0252,17,18.41,-14.47,0.838392,20,-41.36,-1.53,0.096033,10,-57.78,-26.5,0.040375,3,22,-50.1,13.61,0.21,20,-19.64,-21.78,0.69,10,-71.33,-0.08,0.1]}},"daguang":{"shengli/daguang":{"name":"shengli/daguang","width":221,"height":146,"x":-4.05,"y":69.54}},"shengli":{"shengli/shengli":{"name":"shengli/shengli","width":238,"height":98,"x":0.3,"y":-3.72}},"bu":{"shengli/bu":{"name":"shengli/bu","width":222,"height":197,"hull":11,"type":"mesh","triangles":[0,15,10,10,15,9,13,6,7,9,15,8,15,13,8,13,7,8,14,11,12,12,13,15,14,12,15,0,14,15,12,6,13,12,5,6,4,5,12,11,4,12,0,1,14,14,2,11,11,3,4,1,2,14,2,3,11],"uvs":[0,0,0,0.32766,0,0.60635,0,1,0.26869,0.93452,0.4955,1,0.72207,0.95127,1.00023,1,1.00023,0.63274,1.00023,0.34772,1.00023,0,0.16599,0.75701,0.51261,0.95016,0.8473,0.73645,0.12568,0.3593,0.87162,0.323],"edges":[0,2,2,4,4,6,6,8,8,10,10,12,12,14,14,16,16,18,18,20,20,0,22,24,24,26,22,28,26,30],"vertices":[-112.6,13.58,-112.6,-50.97,-112.6,-105.87,-112.6,-183.42,-52.95,-170.52,-2.6,-183.42,47.7,-173.82,109.45,-183.42,109.45,-111.07,109.45,-54.92,109.45,13.58,-75.75,-135.55,1.2,-173.6,75.5,-131.5,-84.7,-57.2,80.9,-50.05]}},"guangdian11":{"shengli/guangdian":{"name":"shengli/guangdian","width":64,"height":64,"x":-1.2,"y":2.03}},"guangyun":{"shengli/guangyun":{"name":"shengli/guangyun","width":244,"height":243,"x":0.05,"y":-0.06}},"zuochibang1":{"shengli/zuochibang":{"name":"shengli/zuochibang","width":228,"height":206,"hull":14,"type":"mesh","triangles":[1,15,0,15,14,0,14,11,0,0,11,13,11,12,13,2,15,1,2,5,15,14,9,11,5,7,15,5,6,7,4,5,2,3,4,2,7,8,9,9,10,11,9,7,14,15,7,14],"uvs":[1,0.58374,0.91557,0.19272,0.2318,0,0.00022,0,0.00022,0.23956,0.12588,0.34053,0.02544,0.37476,0.19759,0.6216,0.12281,0.67039,0.45833,0.83422,0.41601,0.88471,0.61952,0.92427,0.59649,1,1,1,0.62061,0.61107,0.56228,0.48219],"edges":[0,2,2,4,4,6,6,8,8,10,10,12,12,14,14,16,16,18,18,20,20,22,22,24,24,26,26,0,14,28,10,30],"vertices":[1,11,28.66,-20.08,1,1,11,8.67,60.29,1,3,23,64.08,-36.48,0.84,21,85.58,-88.67,0.13,11,-147.59,98.56,0.03,3,23,110.2,-10.78,0.88,21,135.08,-70.28,0.1,11,-200.39,98.07,0.02,3,23,86.17,32.33,0.76,21,117.89,-24.02,0.22,11,-199.93,48.72,0.02,3,23,51.02,36.55,0.33,21,83.79,-14.5,0.66,11,-171.09,28.19,0.01,3,23,67.59,53.85,0.35,21,102.8,0.08,0.63,11,-193.92,20.93,0.02,4,23,8.55,79.17,0.093087,21,48.31,34.09,0.508993,18,114.78,-9.91,0.374464,11,-154.21,-29.56,0.023456,4,23,18.54,96.25,0.12218,21,60.78,49.44,0.468093,18,131.57,0.56,0.373428,11,-171.16,-39.77,0.036299,4,18,54.26,32.4,0.682605,21,-22.67,54.45,0.206949,23,-64.7,88.48,0.060042,11,-94.36,-72.81,0.050404,4,18,63.65,43.04,0.619231,21,-17.25,67.56,0.235718,23,-61.34,102.27,0.080782,11,-103.91,-83.3,0.064269,4,18,17.07,50.04,0.591346,21,-63.58,59.04,0.199962,11,-57.44,-91.02,0.12837,23,-105.83,86.8,0.080322,4,18,21.92,65.77,0.519885,21,-64.1,75.49,0.231801,11,-62.54,-106.67,0.147058,23,-108.85,102.98,0.101256,4,23,-189.2,58.19,0.04,18,-70.04,63.49,0.22,21,-150.34,43.46,0.07,11,29.45,-105.82,0.67,4,23,-74.64,30.31,0.0252,18,18.41,-14.47,0.838392,21,-41.36,-1.53,0.096033,11,-57.78,-26.5,0.040375,3,23,-50.1,13.61,0.21,21,-19.64,-21.78,0.69,11,-71.33,-0.08,0.1]}},"jianjia":{"shengli/jianjia":{"name":"shengli/jianjia","width":407,"height":156,"x":-3.22,"y":51.97}},"guangdian1111":{"shengli/guangdian":{"name":"shengli/guangdian","width":64,"height":64,"x":-1.2,"y":2.03}},"guangdian1":{"shengli/guangdian":{"name":"shengli/guangdian","width":64,"height":64,"x":-1.2,"y":2.03}},"huangguan":{"shengli/huangguan":{"name":"shengli/huangguan","width":167,"height":105,"x":0.8,"y":19.23}},"guangdian111":{"shengli/guangdian":{"name":"shengli/guangdian","width":64,"height":64,"x":-1.2,"y":2.03}},"guangdian":{"shengli/guangdian":{"name":"shengli/guangdian","width":64,"height":64,"x":-1.2,"y":2.03}}}},"animations":{"action":{"bones":{"root":{"translate":[{"time":0,"curve":[0.5,0,0.5,1]},{"time":0.5417,"y":-4.83,"curve":[0.5,0,0.5,1]},{"time":1.0834}]},"huangguan":{"translate":[{"time":0,"curve":[0.5,0,0.5,1]},{"time":0.2917,"y":-4.56,"curve":[0.5,0,0.5,1]},{"time":0.7917,"y":2.58,"curve":[0.5,0,0.5,1]},{"time":1.0834}],"scale":[{"time":0,"x":1,"y":1},{"time":0.2917,"x":0.96,"y":0.96},{"time":0.7917,"x":1.02,"y":1.02},{"time":1.0834,"x":1,"y":1}]},"guangdian":{"translate":[{"time":0,"x":47.28,"y":-179.55},{"time":0.4167,"x":47.28,"y":-73.86}],"scale":[{"time":0,"x":0.68,"y":0.68},{"time":0.1667,"x":1.22,"y":0.91},{"time":0.3334,"x":1.12,"y":2.23},{"time":0.4167,"x":1.57,"y":1.78}]},"guangyun":{"scale":[{"time":0,"x":1,"y":1},{"time":0.5417,"x":0.92,"y":0.92},{"time":1.0834,"x":1,"y":1}]},"daguang":{"scale":[{"time":0,"x":1,"y":1},{"time":0.5417,"x":1.07,"y":1.07},{"time":1.0834,"x":1,"y":1}]},"guangdian1":{"translate":[{"time":0,"curve":"stepped"},{"time":0.375,"x":-87.51,"y":-14.66},{"time":0.875,"x":-76.89,"y":114.07}],"scale":[{"time":0,"curve":"stepped","x":1,"y":1},{"time":0.375,"x":0.68,"y":0.68},{"time":0.5417,"x":1.22,"y":0.91},{"time":0.7084,"x":1.12,"y":2.23},{"time":0.8751,"x":1.57,"y":1.78}]},"guangdian11":{"translate":[{"time":0,"curve":"stepped"},{"time":0.5,"x":-38.16,"y":-102.56},{"time":0.9167,"x":-36.46,"y":16.58}],"scale":[{"time":0,"curve":"stepped","x":1,"y":1},{"time":0.5,"x":0.55,"y":0.55},{"time":0.6667,"x":1.22,"y":0.91},{"time":0.8334,"x":0.49,"y":0.97},{"time":0.9167,"x":0.76,"y":0.86}]},"guangdian111":{"translate":[{"time":0,"curve":"stepped"},{"time":0.2917,"x":-40.57,"y":-3.97},{"time":0.7084,"x":-39.4,"y":103.29}],"scale":[{"time":0,"curve":"stepped","x":1,"y":1},{"time":0.2917,"x":0.55,"y":0.55},{"time":0.4584,"x":1.11,"y":2.66},{"time":0.6251,"x":0.81,"y":1.83},{"time":0.7084,"x":1.57,"y":1.78}]},"guangdian1111":{"translate":[{"time":0,"curve":"stepped"},{"time":0.6667,"x":36.5,"y":-44.85},{"time":1.0834,"x":38.6,"y":34.87}],"scale":[{"time":0,"curve":"stepped","x":1,"y":1},{"time":0.6667,"x":0.55,"y":0.55},{"time":0.8334,"x":1.11,"y":2.66},{"time":1.0001,"x":0.81,"y":1.83},{"time":1.0834,"x":1.57,"y":1.78}]},"guangdian11111":{"translate":[{"time":0,"x":48.29,"y":-74.15},{"time":0.3333,"x":41.83,"y":-41.95},{"time":0.5,"x":38.6,"y":43.12}],"scale":[{"time":0,"x":0.55,"y":0.55},{"time":0.1667,"x":1.11,"y":2.66},{"time":0.375,"x":0.81,"y":1.83},{"time":0.5,"x":1.57,"y":1.78}]}},"slots":{"1":{"attachment":[{"time":0,"name":"shengli/1"},{"time":0.125,"name":"shengli/2"},{"time":0.25,"name":"shengli/3"},{"time":0.375,"name":"shengli/4"},{"time":0.5,"name":"shengli/1"}],"color":[{"time":0,"color":"FFFFFF00"},{"time":0.125,"color":"FFFFFFFF"},{"time":0.375,"color":"FFFFFFFF"},{"time":0.5,"color":"FFFFFF00"}]},"daguang":{"color":[{"time":0,"color":"FFFFFFFF"},{"time":0.5417,"color":"FFFFFFBA"},{"time":1.0834,"color":"FFFFFFFF"}]},"guangyun":{"color":[{"time":0,"color":"FFFFFFFF"},{"time":0.5417,"color":"FFFFFF45"},{"time":1.0834,"color":"FFFFFFFF"}]},"guangdian":{"color":[{"time":0,"color":"FFFFFF00"},{"time":0.125,"color":"FFFFFFFF"},{"time":0.3333,"color":"FFFFFFFF"},{"time":0.4166,"color":"FFFFFF00"}]},"guangdian1":{"attachment":[{"time":0,"name":""},{"time":0.375,"name":"shengli/guangdian"}],"color":[{"time":0,"curve":"stepped","color":"FFFFFFFF"},{"time":0.375,"color":"FFFFFF00"},{"time":0.5,"color":"FFFFFFFF"},{"time":0.7083,"color":"FFFFFFFF"},{"time":0.875,"color":"FFFFFF00"}]},"guangdian11":{"attachment":[{"time":0,"name":""},{"time":0.5,"name":"shengli/guangdian"}],"color":[{"time":0,"curve":"stepped","color":"FFFFFFFF"},{"time":0.5,"color":"FFFFFF00"},{"time":0.625,"color":"FFFFFFFF"},{"time":0.8333,"color":"FFFFFFFF"},{"time":0.9166,"color":"FFFFFF00"}]},"guangdian111":{"attachment":[{"time":0,"name":""},{"time":0.2917,"name":"shengli/guangdian"}],"color":[{"time":0,"curve":"stepped","color":"FFFFFFFF"},{"time":0.2917,"color":"FFFFFF00"},{"time":0.4167,"color":"FFFFFFFF"},{"time":0.625,"color":"FFFFFF47"},{"time":0.7083,"color":"FFFFFF00"}]},"guangdian1111":{"attachment":[{"time":0,"name":""},{"time":0.6667,"name":"shengli/guangdian"}],"color":[{"time":0,"curve":"stepped","color":"FFFFFFFF"},{"time":0.6667,"color":"FFFFFF00"},{"time":0.7917,"color":"FFFFFFFF"},{"time":1,"color":"FFFFFF47"},{"time":1.0833,"color":"FFFFFF00"}]},"guangdian11111":{"color":[{"time":0,"color":"FFFFFF00"},{"time":0.1667,"color":"FFFFFFFF"},{"time":0.375,"color":"FFFFFF47"},{"time":0.5,"color":"FFFFFF00"}]}},"deform":{"default":{"zuochibang":{"shengli/zuochibang":[{"time":0,"offset":31,"curve":[0.5,0,0.5,1],"vertices":[0]},{"time":0.3333,"offset":6,"curve":[0.5,0,0.5,1],"vertices":[-1.17,2.12,-1.17,2.12,0.77,1.45,-0.15,2,-1.23,2.62,0.65,-3.25,0.65,-3.25,1.3,-1.95,1.96,-3.11,2.29,-4.39]},{"time":0.5416,"offset":6,"curve":[0.5,0,0.5,1],"vertices":[-1.9,3.45,-1.9,3.45,1.55,4.55,-2.15,5.85,-2,4.25,0,0,0,0,0,0,0,0,-0.6,-2.25,0,0,0,-1.95]},{"time":1.0833,"offset":31,"vertices":[0]}]},"bu":{"shengli/bu":[{"time":0,"offset":31,"vertices":[0]},{"time":0.3333,"offset":24,"vertices":[2.35,1.25]},{"time":0.75,"offset":12,"vertices":[-1.6,-0.2,-1.6,-0.2,0,0,0,0,0,0,0,0,-0.45,3]},{"time":1.0833,"offset":31,"vertices":[0]}]},"zuochibang1":{"shengli/zuochibang":[{"time":0,"offset":31,"curve":[0.5,0,0.5,1],"vertices":[0]},{"time":0.25,"offset":6,"vertices":[-1.14,1.72,-0.66,1.89,0.21,1.61,-0.11,1.38,0.92,2.44,0.55,-3.7,-0.75,-1.45,0,0,0,0,-0.25,-0.95,0,0,3,-0.91,-0.32,0.61]},{"time":0.5417,"offset":6,"curve":[0.5,0,0.5,1],"vertices":[-2.7,4.05,-1.55,4.45,0.5,3.8,-0.25,3.25,-4.9,9.3,0,0,0,0,0,0,0,0,-0.6,-2.25,0,0,0,1.4,-0.75,1.45]},{"time":1.0834,"offset":31,"vertices":[0]}]}}}}}},[0]]],0,0,[0],[-1],[0]]