[1,["f8o38vmlpKSL01Gvihnov5"],0,[["sp.SkeletonData",["_name","_atlasText","textureNames","_skeletonJson","textures"],-1,3]],[[0,0,1,2,3,4,5]],[[0,"guns","\r\nguns.png\r\nsize: 1024,512\r\nformat: RGBA8888\r\nfilter: Linear,Linear\r\nrepeat: none\r\n001\r\n  rotate: false\r\n  xy: 403, 160\r\n  size: 133, 68\r\n  orig: 133, 68\r\n  offset: 0, 0\r\n  index: -1\r\n002\r\n  rotate: false\r\n  xy: 403, 230\r\n  size: 176, 78\r\n  orig: 176, 78\r\n  offset: 0, 0\r\n  index: -1\r\n003\r\n  rotate: true\r\n  xy: 92, 116\r\n  size: 185, 105\r\n  orig: 185, 105\r\n  offset: 0, 0\r\n  index: -1\r\n004\r\n  rotate: false\r\n  xy: 207, 223\r\n  size: 194, 88\r\n  orig: 194, 88\r\n  offset: 0, 0\r\n  index: -1\r\n005\r\n  rotate: false\r\n  xy: 207, 403\r\n  size: 190, 104\r\n  orig: 190, 104\r\n  offset: 0, 0\r\n  index: -1\r\n006\r\n  rotate: false\r\n  xy: 778, 419\r\n  size: 196, 88\r\n  orig: 196, 88\r\n  offset: 0, 0\r\n  index: -1\r\n007\r\n  rotate: false\r\n  xy: 778, 348\r\n  size: 201, 69\r\n  orig: 201, 69\r\n  offset: 0, 0\r\n  index: -1\r\n008\r\n  rotate: true\r\n  xy: 2, 95\r\n  size: 206, 88\r\n  orig: 206, 88\r\n  offset: 0, 0\r\n  index: -1\r\n009\r\n  rotate: false\r\n  xy: 2, 406\r\n  size: 203, 101\r\n  orig: 203, 101\r\n  offset: 0, 0\r\n  index: -1\r\n010\r\n  rotate: false\r\n  xy: 581, 234\r\n  size: 180, 76\r\n  orig: 180, 76\r\n  offset: 0, 0\r\n  index: -1\r\n011\r\n  rotate: false\r\n  xy: 415, 310\r\n  size: 157, 91\r\n  orig: 157, 91\r\n  offset: 0, 0\r\n  index: -1\r\nglwo\r\n  rotate: false\r\n  xy: 976, 429\r\n  size: 29, 78\r\n  orig: 29, 78\r\n  offset: 0, 0\r\n  index: -1\r\ngun_001\r\n  rotate: false\r\n  xy: 395, 90\r\n  size: 133, 68\r\n  orig: 133, 68\r\n  offset: 0, 0\r\n  index: -1\r\ngun_002\r\n  rotate: false\r\n  xy: 199, 53\r\n  size: 176, 78\r\n  orig: 176, 78\r\n  offset: 0, 0\r\n  index: -1\r\ngun_003\r\n  rotate: false\r\n  xy: 591, 402\r\n  size: 185, 105\r\n  orig: 185, 105\r\n  offset: 0, 0\r\n  index: -1\r\ngun_004\r\n  rotate: false\r\n  xy: 199, 133\r\n  size: 194, 88\r\n  orig: 194, 88\r\n  offset: 0, 0\r\n  index: -1\r\ngun_005\r\n  rotate: false\r\n  xy: 399, 403\r\n  size: 190, 104\r\n  orig: 190, 104\r\n  offset: 0, 0\r\n  index: -1\r\ngun_006\r\n  rotate: false\r\n  xy: 574, 312\r\n  size: 196, 88\r\n  orig: 196, 88\r\n  offset: 0, 0\r\n  index: -1\r\ngun_007\r\n  rotate: false\r\n  xy: 772, 277\r\n  size: 201, 69\r\n  orig: 201, 69\r\n  offset: 0, 0\r\n  index: -1\r\ngun_008\r\n  rotate: false\r\n  xy: 207, 313\r\n  size: 206, 88\r\n  orig: 206, 88\r\n  offset: 0, 0\r\n  index: -1\r\ngun_009\r\n  rotate: false\r\n  xy: 2, 303\r\n  size: 203, 101\r\n  orig: 203, 101\r\n  offset: 0, 0\r\n  index: -1\r\ngun_010\r\n  rotate: false\r\n  xy: 763, 199\r\n  size: 180, 76\r\n  orig: 180, 76\r\n  offset: 0, 0\r\n  index: -1\r\ngun_011\r\n  rotate: false\r\n  xy: 2, 2\r\n  size: 157, 91\r\n  orig: 157, 91\r\n  offset: 0, 0\r\n  index: -1\r\n",["guns.png"],{"skeleton":{"hash":"g3EA0B2ViSkZHR+O3L/gXayoFoQ","spine":"3.6.53","width":133,"height":68,"images":"../扫光/images/"},"bones":[{"name":"root"},{"name":"glow","parent":"root"}],"slots":[{"name":"gun_002","bone":"root","attachment":"gunNr"},{"name":"002","bone":"root","attachment":"mask"},{"name":"gun_2","bone":"root","blend":"additive"},{"name":"gun_3","bone":"root","blend":"additive"},{"name":"glwo","bone":"glow","color":"ffffff89","blend":"additive"},{"name":"2","bone":"root"}],"skins":{"default":{"glwo":{"glwo":{"scaleX":1.5,"scaleY":1.386,"rotation":30,"width":29,"height":78}}},"001":{"2":{"02":{"name":"001","width":133,"height":68}},"002":{"mask":{"name":"002","type":"clipping","end":"002","vertexCount":87,"color":"ce3a3aff","vertices":[-60.43,-9.63,-51.25,3.16,-48.96,3.57,-48.71,5.8,-50.45,7.23,-51.19,8.47,-50.88,15.41,-50.08,16.34,-50.14,19.94,-49.27,21.24,-49.4,22.6,-52.37,23.97,-52.12,26.01,-48.47,26.26,-45.37,26.38,-43.07,23.41,-38.86,27.56,-33.28,27.72,-32.73,26.62,-17.54,26.74,11.68,26.4,12.08,27.48,21.64,27.32,23.12,26.4,25.28,26.28,25.64,25.68,27.76,25.44,28.04,19.48,27.48,16.88,26.08,16.72,25.72,15.68,23.84,15.36,23.76,6.74,22.6,6.58,22.64,3.86,21.16,3.66,21.08,0.54,21.8,-0.1,21.96,-1.42,23.4,-1.74,24.76,-3.38,58.6,-3.77,58.66,-6.47,25.06,-6.47,23.68,-7.55,23.56,-8.57,22.12,-8.45,21.22,-10.25,20.2,-12.35,15.76,-12.53,14.2,-11.27,12.22,-13.13,8.2,-13.31,8.14,-11.99,-0.8,-11.57,-3.38,-7.61,-3.74,-1.55,-2.36,0.97,-2.36,2.95,-4.82,3.55,-5.86,4.76,-12.84,5.11,-14.4,3.94,-14.32,-0.97,-18.73,-5.96,-19.55,-6.31,-21.38,-5.57,-22.05,-4.75,-29.69,-4.68,-31.72,-6.37,-33.23,-10.14,-34.79,-10.72,-37.23,-13.16,-38.85,-15.3,-40.07,-17.68,-40.71,-21.28,-40.01,-23.6,-40.3,-25.22,-42.22,-26.44,-44.88,-26.5,-47.49,-26.56,-55.73,-22.61,-58.22,-20.81,-59.56,-18.38,-59.79,-15.71,-59.56,-13.04,-60.14,-10.66]}},"gun_002":{"gunNr":{"name":"gun_001","width":133,"height":68}},"gun_2":{"gunAdd":{"name":"gun_001","width":133,"height":68}},"gun_3":{"gunAdd":{"name":"gun_001","width":133,"height":68}}},"002":{"2":{"02":{"name":"002","width":176,"height":78}},"002":{"mask":{"name":"002","type":"clipping","end":"002","vertexCount":68,"color":"ce3a3aff","vertices":[-65.49,10.16,-60.7,14.91,-50.66,20.9,-41.04,26.63,-36.23,27.19,-28.83,31.63,-24.02,29.59,-21.62,24.78,-10.7,24.78,-8.46,25.71,7.73,25.71,10.39,27.31,10.62,29.21,56.22,29.68,60.97,33.3,67.39,33.56,69.33,31.32,71.32,25.4,79.53,25.78,81.78,24.33,82.68,22.68,82.74,11.92,81.48,8.77,81.12,5.08,78.69,-0.41,76.62,-1.85,76.8,-4.37,74.55,-11.39,69.51,-12.83,67.62,-13.01,67.62,-18.59,66.9,-20.39,63.75,-21.83,59.7,-20.84,51.78,-21.38,49.17,-19.67,48.18,-21.11,42.51,-21.29,38.01,-18.56,32.86,-15.26,25.6,-10.37,18.87,-8.39,16.23,-6.68,6.86,-6.54,4.22,-8.79,-18.84,-8.71,-23.49,-6.01,-26.04,-7.06,-28.14,-10.36,-30.99,-12.46,-46.89,-12.31,-49.44,-15.46,-52.29,-19.51,-53.64,-23.11,-53.49,-28.21,-53.79,-31.36,-57.09,-32.71,-71.17,-33.18,-76.5,-31.98,-80.24,-28.74,-82.18,-25.1,-82.52,-21.32,-79.6,-15.47,-75.64,-10.14,-70.31,-5.32,-64.63,-1.36,-62.69,0.74,-64.48,4.27]}},"gun_002":{"gunNr":{"name":"gun_002","width":176,"height":78}},"gun_2":{"gunAdd":{"name":"gun_002","width":176,"height":78}},"gun_3":{"gunAdd":{"name":"gun_002","width":176,"height":78}}},"003":{"2":{"02":{"name":"003","width":185,"height":105}},"002":{"mask":{"name":"03","type":"clipping","end":"002","vertexCount":71,"color":"ce3a3aff","vertices":[-87.78,1.22,-86.98,33.14,-83.25,40.33,-74.48,44.85,-65.7,43.25,-63.84,36.34,-66.76,29.69,-71.07,29.91,-71.19,7.23,-54.15,24.99,-54.99,28.59,-53.55,32.55,-49.35,34.47,-45.03,33.15,-43.83,30.15,-29.41,30.1,-27.66,27.68,-24.46,27.19,-23.49,25.93,-16.41,25.74,-20.19,34.86,-25.14,37.47,-27.66,40.29,-26.98,43.78,-24.85,46.2,-21.07,47.08,-17.67,46.3,-15.54,43.78,-15.25,41.45,-10.69,33.01,-8.46,29.04,-5.74,33.4,-1.2,32.92,0.32,31.75,1.49,29.41,45.14,22.38,45.96,18.43,63.64,18.16,66.22,18.84,67.04,20.88,81.2,21.13,81.2,18.03,85.92,17.62,86.06,-7.08,82.55,-7.35,81.33,-10.86,66.48,-10.86,66.21,-7.49,45.96,-6.95,44.34,-10.59,36.11,-10.73,33.68,-7.35,9.24,-7.08,9.11,-10.86,3.57,-16.13,0.74,-15.59,-11.01,-17.21,-10.87,-26.93,-13.52,-31.78,-16.71,-34.82,-51.22,-35.28,-54.41,-32.24,-55.17,-15.98,-61.7,-15.52,-64.59,-14,-68.85,-13.7,-74.02,-12.63,-76.82,-9.71,-80.5,-8.57,-84.69,-4,-84.69,1.21]}},"gun_002":{"gunNr":{"name":"gun_003","width":185,"height":105}},"gun_2":{"gunAdd":{"name":"gun_003","width":185,"height":105}},"gun_3":{"gunAdd":{"name":"gun_003","width":185,"height":105}}},"004":{"2":{"02":{"name":"004","width":194,"height":88}},"002":{"mask":{"name":"04","type":"clipping","end":"002","vertexCount":77,"color":"ce3a3aff","vertices":[-89.71,-4.11,-63.72,4.18,-52.08,6.87,-46.25,5.08,-39.76,10.68,-32.81,11.8,-29.23,20.53,-25.64,24.57,-8.4,25.01,-6.93,22.48,-2.42,22.62,-2.65,24.54,-5.19,24.78,-5.29,28.96,-3.69,30.56,21.52,30.05,22.58,29.19,22.65,27.02,27.13,26.82,27.53,23.32,65.78,23.5,74.09,33.33,78.76,32.7,80.02,30.69,77.62,23.5,79.76,20.98,83.8,21.24,88.08,20.98,90.1,18.72,89.84,-0.94,89.21,-2.96,86.57,-6.11,84.3,-7.11,82.91,-9.51,82.79,-15.3,78.88,-16.94,75.86,-15.3,73.59,-12.53,61.62,-11.15,58.72,-12.15,53.81,-12.15,53.43,-6.99,48.77,-6.61,48.52,-18.58,46,-21.73,37.81,-21.86,37.68,-14.55,33.77,-13.41,32.5,-16.83,29.67,-18.55,-3.29,-18.31,-5.61,-16.92,-7.35,-14.63,-9.62,-9.77,-9.57,1.5,-11.96,-1.18,-11.94,-7.06,-12.64,-9.09,-17.16,-11.11,-29.77,-10.28,-32.63,-11,-35.01,-13.73,-39.53,-14.8,-41.91,-12.66,-44.41,-12.54,-47.62,-15.99,-52.86,-15.52,-56.91,-18.37,-63.7,-28.1,-66.41,-33.06,-73.73,-36.24,-77.86,-36.01,-79.63,-34,-78.56,-29.16,-81.51,-19.01,-87.41,-10.05,-89.54,-7.69]}},"gun_002":{"gunNr":{"name":"gun_004","width":194,"height":88}},"gun_2":{"gunAdd":{"name":"gun_004","width":194,"height":88}},"gun_3":{"gunAdd":{"name":"gun_004","width":194,"height":88}}},"005":{"2":{"02":{"name":"005","width":190,"height":104}},"002":{"mask":{"name":"05","type":"clipping","end":"002","vertexCount":52,"color":"ce3a3aff","vertices":[-32.85,-46.03,-46.02,-39.09,-47.68,-40.05,-57.58,-35.32,-57.52,-33.66,-82.05,-21.22,-86.16,-21.31,-89.87,-13.88,-89.1,-3.9,-87.82,0.97,-84.11,7.24,-79.12,9.16,-79.63,14.53,-84.37,15.69,-84.37,29.64,-67.86,42.18,-60.43,42.18,-56.34,39.11,-56.46,35.53,-61.46,31.81,-59.66,28.23,-56.98,30.28,-30.61,30.53,-27.41,27.33,-24.59,27.59,-26,30.02,-19.98,35.27,-8.05,35.46,-5.99,38.7,-2.02,39.43,0.19,37.08,40.02,31.79,45.91,24.7,66.5,24.41,68.37,27,75.72,26.57,82.34,22.25,83.64,16.49,83.78,13.04,88.53,8.86,76.73,-1.08,60.17,4.4,14.23,4.54,8.04,-5.54,3,-4.39,-2.62,-12.31,-3.77,-21.09,-16.44,-41.11,-20.47,-41.11,-23.79,-42.55,-25.62,-41.65,-28.82,-45.57]}},"gun_002":{"gunNr":{"name":"gun_005","width":190,"height":104}},"gun_2":{"gunAdd":{"name":"gun_005","width":190,"height":104}},"gun_3":{"gunAdd":{"name":"gun_005","width":190,"height":104}}},"006":{"2":{"02":{"name":"006","width":196,"height":88}},"002":{"mask":{"name":"06","type":"clipping","end":"002","vertexCount":85,"color":"ce3a3aff","vertices":[-57.57,-4.1,-74.8,-22.06,-82.85,-19,-83.86,-12.84,-91.48,-10.15,-92.48,-7.8,-92.04,-1.08,-86.1,-1.19,-80.28,0.49,-76.02,3.74,-73.11,8.44,-71.54,14.04,-71.99,18.52,-73.12,21.25,-74.61,22.31,-74.17,25.04,-62.29,25.92,-53.84,33.93,-48.48,34.63,-43.9,33.22,-39.68,33.4,-35.28,28.38,-36.33,26.89,-36.3,25.64,-15.19,25.45,-14.35,29.21,4.56,38.14,27.76,38.4,27.96,35.15,33.68,35.15,34.26,37.88,40.68,37.5,90.6,27.93,91.23,15.97,85.92,15.14,84.26,19.3,81.45,19.5,79.79,15.97,72.61,15.86,72.19,13.47,62.83,13.68,56.91,18.26,43.39,18.15,44.01,15.34,52.54,10.98,51.91,7.54,43.91,6.82,43.91,-0.46,61.38,-0.36,63.56,3.18,72.4,3.38,72.71,0.58,79.37,1.2,80.51,-1.4,82.59,-2.34,84.57,-0.78,84.88,0.99,90.39,1.62,90.38,-10.23,45.27,-22.62,43.73,-22.21,43.24,-13.55,35.37,-13.88,35.37,-20.22,33.3,-21.81,10.36,-21.81,9.02,-19.86,8.53,-17.3,3.91,-18.01,-4.97,-21.97,-4.49,-24.85,-15.86,-28.57,-18.16,-32.94,-22.53,-31.79,-29.2,-38.23,-58.41,-28.11,-74.79,-22.07,-57.95,-4.5,-51.07,-9,-35.54,-15.04,-31.64,-8.14,-34.14,-5.94,-39.14,-0.94,-46.74,2.16,-52.94,3.36]}},"gun_002":{"gunNr":{"name":"gun_006","width":196,"height":88}},"gun_2":{"gunAdd":{"name":"gun_006","width":196,"height":88}},"gun_3":{"gunAdd":{"name":"gun_006","width":196,"height":88}}},"007":{"2":{"02":{"name":"007","width":201,"height":69}},"002":{"mask":{"name":"07","type":"clipping","end":"002","vertexCount":82,"color":"ce3a3aff","vertices":[-66.29,-7.28,-60.71,-6.6,-57.58,-3.06,-44.8,-3.34,-46.7,-7.28,-54.45,-15.98,-44.39,-19.66,-39.63,-16.26,-29.57,-15.98,-29.43,-18.16,-27.25,-18.57,-28.07,-24.96,-24.81,-28.09,0.35,-23.46,2.26,-19.93,2.67,-14.22,3.75,-4.02,27.83,-3.81,29.55,-0.54,46.89,-1.38,49.47,0.69,50.24,3.35,68.93,3.32,69.06,0.38,75.49,0.51,76.86,2.49,79.77,2.52,79.96,-0.1,93.31,0.28,93.87,12.59,80.52,13.53,78.97,11.84,69.71,11.93,68.96,8.88,40.29,8.82,36.47,13.65,29.76,14.11,29.11,12.55,26.97,12.55,26.71,13.72,18.32,13.72,18.06,12.35,16.05,12.35,14.68,14.69,6.1,15.08,14.81,25.29,14.88,27.63,9.42,27.89,8.51,26.98,5.78,26.72,6.01,27.99,-3.47,28.82,-5.9,26.84,-19.27,27.03,-20.74,25.88,-43.37,26.02,-44.01,25.12,-39.59,15.83,-40.27,14.2,-47.34,14.15,-47.59,12.97,-53.48,13.09,-56.27,15.63,-70.59,15.82,-70.9,14.77,-73.94,14.58,-75.06,15.94,-80.89,15.87,-83.85,13.74,-84.21,3.78,-84.82,-17.28,-82.12,-19.8,-79.72,-20.16,-79.48,-21.24,-64.6,-22.14,-47.19,-26.91,-44.79,-24.53,-44.66,-19.59,-54.44,-16.01,-67.29,-12.15,-67.99,-10.77,-67.45,-8.05]}},"gun_002":{"gunNr":{"name":"gun_007","width":201,"height":69}},"gun_2":{"gunAdd":{"name":"gun_007","width":201,"height":69}},"gun_3":{"gunAdd":{"name":"gun_007","width":201,"height":69}}},"008":{"2":{"02":{"name":"008","width":206,"height":88}},"002":{"mask":{"name":"08","type":"clipping","end":"002","vertexCount":60,"color":"ce3a3aff","vertices":[-96.56,-2.31,-93.88,-4.42,-85.04,-3.84,-79.86,2.3,-73.91,5.18,-67,5.37,-60.85,2.49,-56.05,-2.12,-53.17,-8.26,-53.17,-15.75,-45.68,-15.56,-35.32,-4.61,-18.23,-4.8,-17.27,-8.45,-21.49,-13.25,-24.95,-18.82,-24.95,-25.35,-23.99,-29,-18.42,-33.8,-11.89,-33.6,-7.09,-29.76,-1.14,-29.96,9.42,-32.07,19.98,-32.26,26.32,-25.54,26.32,-12.48,31.69,-15.17,57.92,-15.08,60.93,-12.5,63.08,-8.63,71.04,-8.63,71.68,-14.22,79.02,-14.58,95.64,-19.05,96.7,-13.94,86.27,-6.91,85.84,7.36,82.43,10.34,88.61,13.75,88.82,24.83,93.72,31.43,93.29,35.69,89.25,37.82,81.37,31.64,54.32,31.22,42.6,34.84,7.46,35.69,4.69,38.24,-6.18,37.82,-9.16,34.41,-12.78,34.41,-12.57,28.66,-20.23,28.23,-26.84,33.56,-38.98,33.35,-42.17,32.07,-75.09,32.68,-77.49,33.24,-91.73,33.24,-95.82,28.59]}},"gun_002":{"gunNr":{"name":"gun_008","width":206,"height":88}},"gun_2":{"gunAdd":{"name":"gun_008","width":206,"height":88}},"gun_3":{"gunAdd":{"name":"gun_008","width":206,"height":88}}},"009":{"2":{"02":{"name":"009","width":203,"height":101}},"002":{"mask":{"name":"09","type":"clipping","end":"002","vertexCount":104,"color":"ce3a3aff","vertices":[-5.83,-28.07,-7.22,-24.66,-2.88,-14.89,-5.98,-14.27,-7.14,-15.71,-12.25,-15.58,-16.76,-11.01,-27.41,-10.45,-29.08,-12.01,-36.18,-12.01,-38.51,-9.23,-42.29,-7.68,-43.51,-5.9,-56.61,-5.79,-60.16,-7.35,-61.71,-10.79,-75.25,-10.56,-77.16,-13.99,-81.84,-11.81,-84.35,-13.45,-92.31,-13.66,-94.38,-11.16,-94.6,15.44,-92.63,18.05,-89.26,19.58,-84.57,19.14,-81.08,15.87,-39.33,15.87,-39.22,20.13,-32.79,20.78,-32.79,23.5,-7.94,23.72,-7.72,21.22,2.17,21.06,2.52,25.94,1.21,26.54,1.39,30.29,0.17,31.5,0.43,36.11,7.04,35.94,7.4,36.9,11.56,36.9,13.06,38.42,14.85,39.4,15.75,40.22,23.32,39.94,25.11,38.19,25.46,36.82,28.67,36.89,30.01,38.16,34.53,38.45,35.11,40.77,38.82,44.89,52.45,44.77,55.53,42.63,57.67,39.38,61.27,30.91,64.23,24.13,64.52,23.14,66.02,23.14,66.78,23.89,73.33,23.78,74.99,21.85,76.13,18.78,78.47,19,80.86,22.2,85.14,24.59,89.75,26.13,92.26,25.22,93.23,23.39,92.85,-17.99,90.48,-20.08,86.52,-18.27,81.46,-16.18,78.93,-12.77,76.07,-12.82,72.83,-17.66,66.5,-17.5,64.59,-17.29,62.34,-22.39,59.41,-26.97,56.79,-30.34,55.06,-31.99,52.44,-32.07,51,-32.22,50.84,-40.07,47.76,-43.3,42.04,-43.94,37.48,-41.18,36.21,-37.58,36.48,-32.06,38.51,-24.62,39.5,-19.79,28.06,-19.32,21.71,-11.73,20.83,-11.78,20.62,-17.08,18.91,-18.44,10.1,-18.72,8.01,-19.02,7.3,-23.41,10.87,-27.95,10.36,-31.11,7.45,-31.57]}},"gun_002":{"gunNr":{"name":"gun_009","width":203,"height":101}},"gun_2":{"gunAdd":{"name":"gun_009","width":203,"height":101}},"gun_3":{"gunAdd":{"name":"gun_009","width":203,"height":101}}},"010":{"2":{"02":{"name":"010","width":180,"height":76}},"002":{"mask":{"name":"10","type":"clipping","end":"002","vertexCount":73,"color":"ce3a3aff","vertices":[-84.97,-13.55,-82.85,-8.17,-80.06,-5.19,-66.29,0.8,-64.33,0.48,-60.74,2.22,-58.41,4.74,-59.09,9.3,-57.83,11.24,-51.62,14.74,-49.49,13.67,-39.11,13.67,-43.09,16.38,-46.87,20.85,-45.51,24.14,-44.15,26.57,-41.44,26.67,-37.46,27.64,-37.27,30.35,-26.89,30.26,-25.53,27.44,-11.95,27.25,-10.59,25.5,-10.69,23.56,5.61,23.56,5.61,25.31,12.31,25.63,14.28,27.48,15.5,27.05,16.1,20.97,20.91,28.79,25.87,29.51,82.97,25.2,83.57,11.89,81.88,8.86,81.76,5.96,73.53,6.08,68.57,12.01,48.6,11.52,48.48,9.23,50.78,3.66,50.78,0.39,47.88,-5.42,49.09,-8.44,70.14,-8.8,74.01,-3.72,81.15,-3.12,83.81,-9.89,83.21,-21.51,19.15,-26.57,15.89,-16.92,14.62,-16.97,14.38,-21.26,12.06,-22.54,11.02,-24.74,-2.9,-24.68,-6.13,-21.21,-7.44,-19.5,-9.27,-19.39,-20.1,-29.65,-33.18,-30.67,-39.64,-26.72,-40.86,-15.02,-46.68,-13.67,-49.98,-11.64,-48.93,-4.93,-54.71,-10.87,-59.49,-18.07,-59.66,-24.34,-61.74,-27.9,-66.87,-29.04,-72.6,-27.47,-79.51,-20.8]}},"gun_002":{"gunNr":{"name":"gun_010","width":180,"height":76}},"gun_2":{"gunAdd":{"name":"gun_010","width":180,"height":76}},"gun_3":{"gunAdd":{"name":"gun_010","width":180,"height":76}}},"011":{"2":{"02":{"name":"011","width":157,"height":91}},"002":{"mask":{"name":"11","type":"clipping","end":"002","vertexCount":59,"color":"ce3a3aff","vertices":[-69.04,16.01,-70.42,15.01,-73.16,11.41,-71.51,-1.85,-69.7,-16.82,-69.13,-24.74,-63.94,-31.22,-59.62,-31.22,-55.59,-25.46,-25.78,-23.58,-22.04,-27.18,-13.83,-25.74,-12.97,-22.72,-14.7,-20.13,-9.37,-14.8,0.28,-14.37,3.74,-12.78,3.45,-25.02,6.97,-33.4,24.72,-32.83,26.85,-28.71,27.98,-11.24,35.08,-11.1,33.95,-33.96,37.64,-38.65,44.31,-38.93,48.43,-34.25,49,-13.52,56.07,-13.23,63.8,-15.49,72.01,-14.78,72.49,19.14,69.99,20.92,67.37,21.04,66.62,39.9,64.2,39.99,63.62,33.69,60.51,33.3,55.86,28.16,54.11,30.87,43.54,26.32,41.31,22.05,32.28,21.66,28.89,22.82,26.17,22.82,25.2,21.08,5.22,21.66,5.71,26.12,-5.87,24.14,-10.19,19.25,-13.46,19.34,-40.03,15.08,-44.49,16.03,-50.86,15.55,-52.09,12.32,-53.23,8.43,-56.18,8.62,-57.89,12.13,-58.46,16.05]}},"gun_002":{"gunNr":{"name":"gun_011","width":157,"height":91}},"gun_2":{"gunAdd":{"name":"gun_011","width":157,"height":91}},"gun_3":{"gunAdd":{"name":"gun_011","width":157,"height":91}}}},"animations":{"gun":{"slots":{"2":{"color":[{"time":0,"color":"ffffff00"}]},"glwo":{"attachment":[{"time":0,"name":"glwo"}]},"gun_2":{"color":[{"time":0,"color":"ffffff00"}]},"gun_3":{"color":[{"time":0,"color":"ffffff00"}]}},"bones":{"glow":{"translate":[{"time":0,"x":-124.42,"y":0}]}}},"gun_002":{"slots":{"2":{"color":[{"time":0,"color":"ffffff00","curve":"stepped"},{"time":0.5,"color":"ffffff00","curve":"stepped"},{"time":0.6333,"color":"ffffff00"},{"time":0.7667,"color":"ffffff7f"},{"time":0.9,"color":"ffffff00","curve":"stepped"},{"time":1,"color":"ffffff00"}],"attachment":[{"time":0.5,"name":"02"}]},"glwo":{"attachment":[{"time":0,"name":"glwo"}]},"gun_2":{"color":[{"time":0,"color":"ffffff00","curve":"stepped"},{"time":0.5,"color":"ffffff00","curve":[0.25,0,0.75,1]},{"time":0.7667,"color":"ffffffff","curve":[0.25,0,0.75,1]},{"time":1,"color":"ffffff00"}],"attachment":[{"time":0.5,"name":"gunAdd"}]},"gun_3":{"color":[{"time":0,"color":"ffffff00","curve":"stepped"},{"time":0.5,"color":"ffffff00","curve":[0.25,0,0.75,1]},{"time":0.7667,"color":"ffffffff","curve":[0.25,0,0.75,1]},{"time":1,"color":"ffffff00"}],"attachment":[{"time":0.5,"name":"gunAdd"}]}},"bones":{"glow":{"translate":[{"time":0,"x":-124.42,"y":0,"curve":[0.25,0,0.75,1]},{"time":0.5,"x":130.81,"y":0,"curve":"stepped"},{"time":3,"x":130.81,"y":0}]}}}}},[0]]],0,0,[0],[-1],[0]]