[1,["ecpdLyjvZBwrvm+cedCcQy","d4dkCnKNdBR6bni8R2gWIm","e7mxc0TFpFZKrPetNdpxUR","526riivPNPpLUS0DhEXGCe","79H87L6jdMQp/rJZh/BFY3","a2MjXRFdtLlYQ5ouAFv/+R","f4jBJobypN45YzS37deL1V","2f1LY3RudKyomM1Iytl+5a","0etlm1+s9Mu73arMoJUgXV","59cFSZ8JtK/J/AS73aJ6Hk","7a/QZLET9IDreTiBfRn2PD","06tIgRMhtDvayxXKavYTML"],["node","_spriteFrame","_parent","root","_textureSetter","pfCont","pfItem","human","data","_N$skeletonData"],[["cc.Node",["_name","_active","_opacity","_prefab","_contentSize","_trs","_components","_parent","_children","_color","_anchorPoint"],0,4,5,7,9,1,2,5,5],["cc.Sprite",["_sizeMode","_type","node","_materials","_spriteFrame"],1,1,3,6],["cc.PrefabInfo",["fileId","root","asset"],2,1,1],["cc.Button",["_N$transition","node","clickEvents"],2,1,9],["cc.Widget",["_alignFlags","_left","_right","_top","_bottom","_originalWidth","_originalHeight","node"],-4,1],["cc.Layout",["_resize","_N$layoutType","_N$spacingX","_N$paddingLeft","_N$paddingTop","_N$spacingY","node","_layoutSize"],-3,1,5],["cc.Label",["_string","_fontSize","_lineHeight","_N$horizontalAlign","_N$verticalAlign","_N$overflow","node","_materials"],-3,1,3],"cc.SpriteFrame",["cc.Prefab",["_name"],2],["283984lU9JF+pv8VorO8cMl",["node","pfItem","pfCont"],3,1,1,1],["cb86eIO4C5C/ZiaWRzTU/5Y",["node"],3,1],["cc.LabelOutline",["_width","node","_color"],2,1,5],["24c55LjjBdPzIH8mvf0o6Ux",["key","node"],2,1],["sp.Skeleton",["defaultSkin","defaultAnimation","_preCacheMode","_animationName","node","_materials","_N$skeletonData"],-1,1,3,6],["01c7ag8EVVNWLx+rmCjKtzP",["node","human"],3,1,1],["cc.ClickEvent",["_componentId","handler","target"],1,1],["cc.ScrollView",["horizontal","brake","bounceDuration","_N$horizontalScrollBar","_N$verticalScrollBar","node","_N$content"],-2,1,1],["cc.Mask",["_N$alphaThreshold","node","_materials"],2,1,3]],[[2,0,1,2,2],[0,0,7,6,3,4,5,2],[1,1,0,2,3,4,3],[0,0,7,8,6,3,9,4,5,2],[1,2,3,4,1],[0,0,1,7,6,3,4,5,3],[1,0,2,3,2],[6,0,1,2,3,4,6,7,6],[0,0,7,8,6,3,4,5,2],[2,0,1,2],[11,0,1,2,2],[12,0,1,2],[15,0,1,2,3],[8,0,2],[0,0,8,6,3,4,5,2],[0,0,1,8,6,3,4,5,3],[0,0,8,6,3,4,10,5,2],[0,0,8,3,4,5,2],[0,0,2,7,6,3,9,4,5,3],[0,0,8,6,3,9,4,5,2],[0,0,7,6,3,9,4,2],[0,0,7,6,3,9,4,5,2],[0,0,7,8,3,4,5,2],[0,0,7,6,3,4,10,5,2],[4,0,7,2],[4,0,1,2,3,4,5,6,7,8],[9,0,1,2,1],[10,0,1],[2,1,2,1],[1,0,2,3,4,2],[5,0,1,2,6,7,4],[5,0,1,3,4,2,5,6,7,7],[6,0,1,2,3,4,5,6,7,7],[13,0,1,2,3,4,5,6,5],[14,0,1,1],[3,1,2,1],[3,0,1,2],[3,0,1,2,2],[16,0,1,2,3,4,5,6,6],[17,0,1,2,2]],[[[{"name":"dagou","rect":[0,0,29,27],"offset":[0,0],"originalSize":[29,27],"capInsets":[0,0,0,0]}],[7],0,[0],[4],[4]],[[[13,"bookUI"],[14,"bookUI",[-7,-8,-9,-10,-11,-12,-13],[[24,45,-2],[26,-5,-4,-3],[27,-6]],[28,-1,0],[5,640,1335],[320,667.5,0,0,0,0,1,1,1,1]],[15,"pfItem",false,[-15,-16,-17,-18],[[2,1,0,-14,[42],43]],[0,"147e2bxX9K6aqB9vBqugVK",1,0],[5,220,360],[-120,-208,0,0,0,0,1,1,1,1]],[3,"needCont",2,[-20,-21,-22,-23],[[30,1,1,3,-19,[5,209,50]]],[0,"b9+/9V4+5I85XbEzFio+F8",1,0],[4,4281605398],[5,209,50],[0,-27.057,0,0,0,0,1,1,1,1]],[16,"content",[2],[[31,1,3,20,28,20,30,-24,[5,500,388]]],[0,"2fDV5S/kJCh4Z2m2Xq9ckj",1,0],[5,500,388],[0,0.5,1],[0,348.274,0,0,0,0,1,1,1,1]],[1,"title",1,[[7,"套装图鉴",30,30,1,1,-25,[10]],[10,3,-26,[4,4278190080]],[11,"bookUITitle",-27]],[0,"e2NHJhYjhCJqIIZMpul4Mm",1,0],[5,126,43.8],[0,309.224,0,0,0,0,1,1,1,1]],[17,"Hero",[-29],[9,"e9EdGelvlDa7bZrbFl9fua",-28],[5,219.05,271.51],[0,-17.888,0,0,0,0,1,0.7,0.7,1]],[1,"body",6,[[33,"default","zhanli",0,"zhanli",-30,[14],15],[34,-32,-31]],[9,"bd3u4gRXFLeKLlrD7DlByV",6],[5,219.05,271.51],[0,-70,0,0,0,0,1,1,1,1]],[3,"proCont",2,[-34,-35],[[2,1,0,-33,[20],21]],[0,"16MriIeYJB4IyfDVjiuQDK",1,0],[4,4281605398],[5,200,100],[0,-118.638,0,0,0,0,1,1,1,1]],[3,"needItem",3,[-37,-38],[[2,1,0,-36,[25],26]],[0,"55d1KCi9dD7LWHFTsJm6sY",1,0],[4,4281605398],[5,50,50],[-79.5,0,0,0,0,0,1,1,1,1]],[3,"needItem",3,[-40,-41],[[2,1,0,-39,[30],31]],[0,"7fh+cSfLJEDZ1s/vGsWLH8",1,0],[4,4281605398],[5,50,50],[-26.5,0,0,0,0,0,1,1,1,1]],[3,"needItem",3,[-43,-44],[[2,1,0,-42,[35],36]],[0,"1bY71hnTpMHYCPIP67MohG",1,0],[4,4281605398],[5,50,50],[26.5,0,0,0,0,0,1,1,1,1]],[3,"needItem",3,[-46,-47],[[2,1,0,-45,[40],41]],[0,"0eg5Bb8hZGQ5Eb+HCFauyp",1,0],[4,4281605398],[5,50,50],[79.5,0,0,0,0,0,1,1,1,1]],[18,"bg",157,1,[[29,0,-48,[0],1],[35,-49,[[12,"283984lU9JF+pv8VorO8cMl","close",1]]]],[0,"eeAOBqlIVNmKZXce/H+t1x",1,0],[4,4278190080],[5,2000,2000],[0,5.639,0,0,0,0,1,1,1,1]],[1,"kbg",1,[[2,1,0,-50,[2],3],[25,40,46.649,43.351,310.906,339.09399999999994,100,200,-51]],[0,"4dm4Jw3VxLk7PYSgYvAQqb",1,0],[5,550,850],[1.649000000000001,-68.15,0,0,0,0,1,1,1,1]],[1,"icon_info",1,[[4,-52,[6],7],[36,3,-53]],[0,"44fFO7Pr1PGKOfo1AWAgNl",1,0],[5,55,59],[173.443,313.446,0,0,0,0,1,1,1,0]],[1,"closeBtn",1,[[4,-54,[8],9],[37,3,-55,[[12,"283984lU9JF+pv8VorO8cMl","close",1]]]],[0,"b6no4BaPVBebD0BwQLwdwt",1,0],[5,55,59],[236.517,314.331,0,0,0,0,1,1,1,0]],[19,"pifuScorllView",[-57],[[38,false,0.75,0.23,null,null,-56,4]],[0,"d6Wqw/IC1JlbXoVEyzYTfa",1,0],[4,4281212187],[5,500,690],[0,9.333,0,0,0,0,1,1,1,1]],[8,"view",17,[4],[[39,0,-58,[44]]],[0,"32WDq0DTlEi4MRtLdxdVtC",1,0],[5,500,690],[0,-10.126,0,0,0,0,1,1,1,1]],[8,"title",2,[-60],[[4,-59,[12],13]],[0,"b8hWH7XuxOaKk3EEVFys1R",1,0],[5,183,44],[-1.649,180.45,0,0,0,0,1,0.8,0.8,1.3]],[20,"wz",19,[[7,"名字",23,25,1,1,-61,[11]],[10,3,-62,[4,4278190080]]],[0,"9cd//dXodJsbq7QlpyDllZ",1,0],[4,4294947673],[5,52,37.5]],[3,"heroCont",2,[6],[[2,1,0,-63,[16],17]],[0,"90QTl8Mr1Hpo6e59RjOnlr",1,0],[4,4281605398],[5,150,150],[0,80.786,0,0,0,0,1,1,1,1]],[21,"title",8,[[7,"套装属性",15,15,1,1,-64,[18]],[11,"bookUIItemTitle",-65]],[0,"05qPE5fpZLTKWrAL6157PO",1,0],[4,4278238719],[5,60,18.9],[0,48.159,0,0,0,0,1,1,1,1]],[1,"kbgg",1,[[2,1,0,-66,[4],5]],[0,"9a7cOw+RdNOJNAknsPMz69",1,0],[5,500,700],[0,-85.95,0,0,0,0,1,1,1,1]],[22,"pifuCont",1,[17],[0,"442B3Ws1BFRZ8gZJrfdf6C",1,0],[5,500,690],[0,-85.502,0,0,0,0,1,1,1,1]],[23,"prowz",8,[[32,"???????",20,20,1,1,3,-67,[19]]],[0,"a8Lk/xafdHq6UAiAUcizwe",1,0],[5,150,25.2],[0,0.5,1],[0,25.787,0,0,0,0,1,1,1,1]],[1,"img",9,[[6,0,-68,[22]]],[0,"8bBIWvUk5L+pS9ZfxS1KBK",1,0],[5,30,30],[0,-1.7763568394002505e-14,0,0,0,0,1,1,1,1]],[5,"dagou",false,9,[[4,-69,[23],24]],[0,"3fsOt4Vm1LGbQ4V7fAOhNi",1,0],[5,29,27],[13,-10,0,0,0,0,1,1,1,1]],[1,"img",10,[[6,0,-70,[27]]],[0,"37XjtE/M5HsYQxTtYZU3gg",1,0],[5,30,30],[0,-1.7763568394002505e-14,0,0,0,0,1,1,1,1]],[5,"dagou",false,10,[[4,-71,[28],29]],[0,"e2wVWL26VGZ7XtdcL1Yr0e",1,0],[5,29,27],[13,-10,0,0,0,0,1,1,1,1]],[1,"img",11,[[6,0,-72,[32]]],[0,"e4y4KNDOtNWqglKu13LAsb",1,0],[5,30,30],[0,-1.7763568394002505e-14,0,0,0,0,1,1,1,1]],[5,"dagou",false,11,[[4,-73,[33],34]],[0,"33hMAMPhBDFaZwCfXYMlZ+",1,0],[5,29,27],[13,-10,0,0,0,0,1,1,1,1]],[1,"img",12,[[6,0,-74,[37]]],[0,"cfOVDFYeNKNIRsqbIQsIt6",1,0],[5,30,30],[0,-1.7763568394002505e-14,0,0,0,0,1,1,1,1]],[5,"dagou",false,12,[[4,-75,[38],39]],[0,"1fcfCOzg9LCqLPA9ZISO6g",1,0],[5,29,27],[13,-10,0,0,0,0,1,1,1,1]]],0,[0,3,1,0,0,1,0,5,4,0,6,2,0,0,1,0,0,1,0,-1,13,0,-2,14,0,-3,23,0,-4,15,0,-5,16,0,-6,5,0,-7,24,0,0,2,0,-1,19,0,-2,21,0,-3,8,0,-4,3,0,0,3,0,-1,9,0,-2,10,0,-3,11,0,-4,12,0,0,4,0,0,5,0,0,5,0,0,5,0,3,6,0,-1,7,0,0,7,0,7,7,0,0,7,0,0,8,0,-1,22,0,-2,25,0,0,9,0,-1,26,0,-2,27,0,0,10,0,-1,28,0,-2,29,0,0,11,0,-1,30,0,-2,31,0,0,12,0,-1,32,0,-2,33,0,0,13,0,0,13,0,0,14,0,0,14,0,0,15,0,0,15,0,0,16,0,0,16,0,0,17,0,-1,18,0,0,18,0,0,19,0,-1,20,0,0,20,0,0,20,0,0,21,0,0,22,0,0,22,0,0,23,0,0,25,0,0,26,0,0,27,0,0,28,0,0,29,0,0,30,0,0,31,0,0,32,0,0,33,0,8,1,2,2,4,4,2,18,6,2,21,17,2,24,75],[0,0,0,0,0,0,0,0,0,0,0,0,0,0,0,0,0,0,0,0,0,0,0,0,0,0,0,0,0,0,0,0,0,0,0,0,0,0,0,0,0,0,0,0,0],[-1,1,-1,1,-1,1,-1,1,-1,1,-1,-1,-1,1,-1,9,-1,1,-1,-1,-1,1,-1,-1,1,-1,1,-1,-1,1,-1,1,-1,-1,1,-1,1,-1,-1,1,-1,1,-1,1,-1],[0,5,0,3,0,6,0,7,0,8,0,0,0,9,10,11,0,1,0,0,0,1,0,0,2,0,1,0,0,2,0,1,0,0,2,0,1,0,0,2,0,1,0,3,0]]]]