[1,["ecpdLyjvZBwrvm+cedCcQy","79muObDflAJoVS/0cdYxl2","9aH8BhRQJOXY5SBzxSkvxY","f4jBJobypN45YzS37deL1V","526riivPNPpLUS0DhEXGCe","c71Ds7CotCC7dl4xPmse2J","6b0fybcQJDvqX1bSxiHWZW","12/49mR0BIkL2l43fwLVSn","1dg9tFws9IYq1tTsU1FFqd","03DsHuuSFMCJDN1uFf8mfb","77zOWh+j5Jn5olz0B10oZv","c84quVto1D647nhQJt8ES0","9bCZfdDdpOGL5duK9/jpGk","d4xwBQdJdJVpajcCyQIv5f","8coLJdpy1AmoGfh5k3QdfB","516v9SArFGQrkkpzjML8Zz","c3+3XFrsNMWZaEYIa0BTQ6","43DQZP9VhDnpmZ9Y0y9OqY","f4z7m/PRdJGLJWhlfyEqt4","6bgXx08QpFO5nj8JnWUSVK","4ey5mh7/VNs7K9gj59l5a0"],["node","_spriteFrame","_parent","checkMark","_N$target","_textureSetter","root","fm_pro","need_gold_lab","suc_per_lab","lose_lab","up_per_lab","lv_lab","data"],[["cc.Node",["_name","_active","_prefab","_contentSize","_trs","_components","_parent","_children","_color","_anchorPoint"],1,4,5,7,9,1,2,5,5],"cc.SpriteFrame",["cc.Sprite",["_type","_isTrimmedMode","_sizeMode","node","_materials","_spriteFrame"],0,1,3,6],["cc.Node",["_name","_active","_parent","_components","_prefab","_contentSize","_children","_color","_trs"],1,1,2,4,5,2,5,7],["cc.PrefabInfo",["fileId","root","asset"],2,1,1],["cc.Toggle",["_N$transition","_N$isChecked","node","_N$normalColor","_N$target","checkMark","checkEvents"],1,1,5,1,1,9],["cc.ClickEvent",["_componentId","handler","customEventData","target"],0,1],["cc.Label",["_string","_N$horizontalAlign","_N$verticalAlign","_fontSize","_lineHeight","node","_materials"],-2,1,3],["cc.Prefab",["_name"],2],["cc.Node",["_name","_parent","_components","_prefab","_contentSize","_anchorPoint","_trs"],2,1,12,4,5,5,7],["cc.Widget",["_alignFlags","_left","_right","_top","_bottom","_originalWidth","_originalHeight","node"],-4,1],["5f4e0tc1ydNM7qr89EJS9qc",["node","lv_lab","up_per_lab","lose_lab","suc_per_lab","need_gold_lab","fm_pro","pro_icon"],3,1,1,1,1,1,1,1,2],["cc.ToggleContainer",["node"],3,1],["cc.Layout",["_N$layoutType","_N$spacingY","node","_layoutSize"],1,1,5],["cc.Button",["zoomScale","_N$transition","node","clickEvents"],1,1,9],["cc.LabelOutline",["_width","node","_color"],2,1,5]],[[4,0,1,2,2],[7,0,3,4,1,2,5,6,6],[0,0,6,5,2,3,4,2],[2,3,4,5,1],[15,0,1,2,2],[2,0,2,3,4,5,3],[0,0,7,5,2,3,4,2],[0,0,6,7,5,2,3,4,2],[0,0,6,5,2,3,2],[6,0,1,2,3,4],[2,0,1,3,4,5,3],[2,0,1,3,4,3],[0,0,1,6,5,2,3,3],[3,0,2,3,4,5,2],[3,0,1,2,3,4,5,3],[5,0,1,2,3,4,5,6,3],[0,0,6,7,5,2,8,3,4,2],[10,0,1,2,3,4,5,6,7,8],[8,0,2],[0,0,7,5,2,3,9,4,2],[0,0,7,2,3,4,2],[0,0,6,7,2,4,2],[0,0,7,2,4,2],[0,0,1,6,5,2,3,4,3],[0,0,6,5,2,8,3,4,2],[3,0,2,6,3,4,7,5,8,2],[9,0,1,2,3,4,5,6,2],[11,0,1,2,3,4,5,6,7,1],[4,1,2,1],[12,0,1],[13,0,1,2,3,3],[5,0,2,3,4,5,6,2],[6,0,1,3,3],[14,0,1,2,3,3],[7,0,1,2,5,6,4]],[[[{"name":"fmdown","rect":[0,0,46,46],"offset":[0,0],"originalSize":[46,46],"capInsets":[0,0,0,0]}],[1],0,[0],[5],[5]],[[{"name":"fmlv","rect":[0,0,46,45],"offset":[0,0],"originalSize":[46,45],"capInsets":[0,0,0,0]}],[1],0,[0],[5],[6]],[[{"name":"fmup","rect":[0,0,41,48],"offset":[0,0],"originalSize":[41,48],"capInsets":[0,0,0,0]}],[1],0,[0],[5],[7]],[[{"name":"fmsuc","rect":[0,0,47,47],"offset":[0,0],"originalSize":[47,47],"capInsets":[0,0,0,0]}],[1],0,[0],[5],[8]],[[[18,"menu_1"],[6,"menu_1",[-16,-17,-18],[[17,45,-640,640,142.5,142.5,100,100,-2],[27,-15,-14,-13,-12,-11,-10,-9,[-3,-4,-5,-6,-7,-8]]],[28,-1,0],[5,640,1050],[-320,667.5,0,0,0,0,1,1,1,1]],[19,"sel_cont",[-21,-22,-23,-24,-25,-26],[[29,-19],[30,2,40,-20,[5,100,400]]],[0,"eb5e69zUNB8aBQVYNJcR53",1,0],[5,100,400],[0,0.5,1],[230.956,270.646,0,0,0,0,1,1,1,1]],[20,"icons",[-27,-28,-29,-30,-31,-32],[0,"9bkBFOVuZI/bQINRGoU/Py",1,0],[5,24,24],[-121.533,-2.495,0,0,0,0,1,1.5,1.5,1]],[7,"toggle1",2,[-36,-37,-38],[[31,3,-35,[4,4292269782],-34,-33,[[9,"5f4e0tc1ydNM7qr89EJS9qc","selCilck","0",1]]]],[0,"81eH5cs5VK3bvyHDBZUx1q",1,0],[5,100,50],[-0.617,-25,0,0,0,0,1,1,1,0]],[7,"toggle2",2,[-42,-43,-44],[[15,3,false,-41,[4,4292269782],-40,-39,[[9,"5f4e0tc1ydNM7qr89EJS9qc","selCilck","1",1]]]],[0,"febM1aCGRKspWtmGyGxi7v",1,0],[5,100,50],[-1.013,-115,0,0,0,0,1,1,1,0]],[7,"toggle3",2,[-48,-49,-50],[[15,3,false,-47,[4,4292269782],-46,-45,[[9,"5f4e0tc1ydNM7qr89EJS9qc","selCilck","2",1]]]],[0,"16if4qdc1LEaaimjrnaOos",1,0],[5,100,50],[-1.013,-205,0,0,0,0,1,1,1,0]],[7,"toggle4",2,[-54,-55,-56],[[15,3,false,-53,[4,4292269782],-52,-51,[[9,"5f4e0tc1ydNM7qr89EJS9qc","selCilck","3",1]]]],[0,"8aJQC8kaBJ2b3rPz6vOnlr",1,0],[5,100,50],[-0.617,-295,0,0,0,0,1,1,1,0]],[7,"toggle5",2,[-60,-61,-62],[[15,3,false,-59,[4,4292269782],-58,-57,[[9,"5f4e0tc1ydNM7qr89EJS9qc","selCilck","4",1]]]],[0,"326XQjNs1MTbBqt8CP60oK",1,0],[5,100,50],[-1.013,-385,0,0,0,0,1,1,1,0]],[7,"toggle6",2,[-66,-67,-68],[[15,3,false,-65,[4,4292269782],-64,-63,[[9,"5f4e0tc1ydNM7qr89EJS9qc","selCilck","5",1]]]],[0,"f2G/fWXTZM1opp4vR/OvKI",1,0],[5,100,50],[-0.617,-475,0,0,0,0,1,1,1,0]],[6,"fmBtn",[-71,-72,-73],[[5,1,0,-69,[69],70],[33,0.8,3,-70,[[32,"5f4e0tc1ydNM7qr89EJS9qc","upLevel",1]]]],[0,"58dYtYiDVEk6wYm6UzKULi",1,0],[5,300,80],[1.214,-322.57,0,0,0,0,1,1,1,0]],[21,"window",1,[-74,2,-75,10],[0,"d66MTgMMZC8LvQR70nsSbi",1,0],[0,-26.639,0,0,0,0,1,1,1,1]],[22,"info",[-76,-77,-78,-79],[0,"d4n7I8AbdFPoGzfCw6P6QT",1,0],[11.63,-25.063,0,0,0,0,1,1,1,1]],[6,"content",[-81,3,-82],[[5,1,0,-80,[42],43]],[0,"f2900IefhKRrN6m5oUscRN",1,0],[5,300,50],[0,-52.382,0,0,0,0,1,1,1,1]],[6,"content",[-84,-85],[[5,1,0,-83,[48],49]],[0,"88kQhHrYtPgKu240RbThta",1,0],[5,300,50],[0,-53.437,0,0,0,0,1,1,1,1]],[6,"content",[-87,-88],[[5,1,0,-86,[54],55]],[0,"91syF87oVNnqiOFbjPsI8a",1,0],[5,300,50],[1.338,-52.382,0,0,0,0,1,1,1,1]],[6,"content",[-90,-91],[[5,1,0,-89,[60],61]],[0,"caqPwLQIhHUoPk/yrrR/HI",1,0],[5,300,50],[1.338,-52.382,0,0,0,0,1,1,1,1]],[2,"bg",1,[[5,1,0,-92,[0],1],[17,40,46.649,43.351,310.906,339.09399999999994,100,200,-93]],[0,"b4NDJCwO5O4IdkIRv0Uigr",1,0],[5,550,780],[1.649000000000001,-54.51,0,0,0,0,1,1,1,1]],[2,"fumo",11,[[34,"附魔",1,1,-94,[2]],[4,3,-95,[4,4278190080]]],[0,"5eRcPjI6JAMLD9XyYVMByb",1,0],[5,86,56.4],[0,321.248,0,0,0,0,1,1,1,1]],[2,"wz",4,[[1,"剑",30,30,1,1,-96,[6]],[4,3,-97,[4,4278190080]]],[0,"04xLVZJMBN66n7bll5pSI3",1,0],[5,36,43.8],[0,4.134,0,0,0,0,1,1,1,1]],[2,"wz",5,[[1,"护甲",30,30,1,1,-98,[10]],[4,3,-99,[4,4278190080]]],[0,"97ZGeO0xNK9K/uoM2Y8vk6",1,0],[5,66,43.8],[0,4.134,0,0,0,0,1,1,1,1]],[2,"wz",6,[[1,"护盾",30,30,1,1,-100,[14]],[4,3,-101,[4,4278190080]]],[0,"68bM7jA1NPRa7GjpYxm7PY",1,0],[5,66,43.8],[0,4.134,0,0,0,0,1,1,1,1]],[2,"wz",7,[[1,"戒指",30,30,1,1,-102,[18]],[4,3,-103,[4,4278190080]]],[0,"59Oj+0mVlN5pZ442GBtiHV",1,0],[5,66,43.8],[0,4.134,0,0,0,0,1,1,1,1]],[2,"wz",8,[[1,"鞋子",30,30,1,1,-104,[22]],[4,3,-105,[4,4278190080]]],[0,"58s1hWKmtBuavBeHx9TBsY",1,0],[5,66,43.8],[0,4.134,0,0,0,0,1,1,1,1]],[2,"wz",9,[[1,"项链",30,30,1,1,-106,[26]],[4,3,-107,[4,4278190080]]],[0,"b07whd5thL/ZkkKeYgkNsB",1,0],[5,66,43.8],[0,4.134,0,0,0,0,1,1,1,1]],[16,"fubo_kuang",11,[12],[[5,1,0,-108,[63],64]],[0,"531ptBYcxHIqS63vniXNLI",1,0],[4,4291019715],[5,400,540],[-55.376,4.698,0,0,0,0,1,1,1,0]],[25,"level",12,[13],[-109],[0,"00EoKXp0VAmZbQ5fIWvd6W",1,0],[4,4279280895],[5,125,31.5],[0,245.903,0,0,0,0,1,1,1,1]],[2,"gongji",3,[[3,-110,[28],29]],[0,"38eV4r7utIVJIyBdHDRJZz",1,0],[5,24,24],[0,0,0,0,0,0,1,1,1,0]],[12,"hp",false,3,[[3,-111,[30],31]],[0,"604SoWASVGb5ZL3vnia2da",1,0],[5,25,21]],[12,"fangyu",false,3,[[3,-112,[32],33]],[0,"9e/zlX5MtHWp521uNLa54R",1,0],[5,21,25]],[12,"baoji",false,3,[[3,-113,[34],35]],[0,"d3uY60c+ZBEoz9mP5UIig9",1,0],[5,25,22]],[12,"shanbi",false,3,[[3,-114,[36],37]],[0,"deqPR/+YlGx4Ur7cQs7EjV",1,0],[5,22,24]],[12,"mingzhong",false,3,[[3,-115,[38],39]],[0,"4bCk68cj5CVbKfyYBz8Cp+",1,0],[5,25,25]],[16,"upData",12,[14],[[1,"提升百分比",25,25,1,1,-116,[50]]],[0,"61/KDUMJ1A1IgVv/q2d6i3",1,0],[4,4279280895],[5,125,31.5],[0,146.581,0,0,0,0,1,1,1,0]],[16,"lose",12,[15],[[1,"失败",25,25,1,1,-117,[56]]],[0,"f9CpoF38hMMYBqdLw4D1kB",1,0],[4,4279280895],[5,50,31.5],[0,31.266,0,0,0,0,1,1,1,1]],[16,"sucPar",12,[16],[[1,"成功率",25,25,1,1,-118,[62]]],[0,"04Y0DpLtZGzpR1s5qSjlps",1,0],[4,4279280895],[5,75,31.5],[0,-87.545,0,0,0,0,1,1,1,1]],[2,"wz",10,[[1,"附魔",25,30,1,1,-119,[65]],[4,2,-120,[4,4278190080]]],[0,"de+PviHXJAGokAGBbJExc2",1,0],[5,54,41.8],[-83.108,2.755,0,0,0,0,1,1,1,1]],[26,"num",10,[[-121,[4,2,-122,[4,4278190080]]],1,4],[0,"d32Lebb1JA14C1fqHnbbbN",1,0],[5,70.74,41.8],[0,0,0.5],[31.31,1.842,0,0,0,0,1,1,1,1]],[8,"Background",4,[[10,1,false,-123,[3],4]],[0,"93bTbqX99FPI+81BlxPjYk",1,0],[5,128,81]],[13,"checkmark",4,[-124],[0,"721iJJFoBPgYgZR+twyXv6",1,0],[5,128,81]],[11,1,false,39,[5]],[8,"Background",5,[[10,1,false,-125,[7],8]],[0,"06bJxEGupKtpefbsRKqgPV",1,0],[5,128,81]],[14,"checkmark",false,5,[-126],[0,"77Mn3BFK5DbaMjIVPCLlBV",1,0],[5,128,81]],[11,1,false,42,[9]],[8,"Background",6,[[10,1,false,-127,[11],12]],[0,"f4fCd7dCJIqp1UtujuGZze",1,0],[5,128,81]],[14,"checkmark",false,6,[-128],[0,"2b+Do6WVBD7aLzoeJkkZl3",1,0],[5,128,81]],[11,1,false,45,[13]],[8,"Background",7,[[10,1,false,-129,[15],16]],[0,"66S2IGm5BFWYeV1pz/F3Qn",1,0],[5,128,81]],[14,"checkmark",false,7,[-130],[0,"00ERoITw9FcLYp4h3eEgfZ",1,0],[5,128,81]],[11,1,false,48,[17]],[8,"Background",8,[[10,1,false,-131,[19],20]],[0,"a8VhJBDRFJ/ozyzZ2S+lQL",1,0],[5,128,81]],[14,"checkmark",false,8,[-132],[0,"3cBSyTfTZC648cxsNgUijI",1,0],[5,128,81]],[11,1,false,51,[21]],[8,"Background",9,[[10,1,false,-133,[23],24]],[0,"9eqk+c5DRNgatf6Rh/N63d",1,0],[5,128,81]],[14,"checkmark",false,9,[-134],[0,"c7zXHhBntGDJSmcnjlPJ7O",1,0],[5,128,81]],[11,1,false,54,[25]],[13,"value",13,[-135],[0,"ddZilttr1Lp6sAyftJJsRx",1,0],[5,100.73,31.5]],[1,"1星->2星",25,25,1,1,56,[27]],[23,"fmlv",false,13,[[3,-136,[40],41]],[0,"ddR5msEXVGD4+vczZQ4lt9",1,0],[5,46,45],[-122.516,0,0,0,0,0,1,1,1,1]],[1,"提升攻击力",25,25,1,1,26,[44]],[13,"value",14,[-137],[0,"d6jbf8DLJGN6OzUSHhzw/V",1,0],[5,123,31.5]],[1,"10%->20%",25,25,1,1,60,[45]],[2,"fmup",14,[[3,-138,[46],47]],[0,"47UF7+mUxB07F0j8rAvhjA",1,0],[5,41,48],[-120.974,0,0,0,0,0,1,1,1,1]],[13,"value",15,[-139],[0,"390+tE/LhM2rr0X0nq8Nep",1,0],[5,72.23,31.5]],[1,"星级-1",25,25,1,1,63,[51]],[2,"fmdown",15,[[3,-140,[52],53]],[0,"5enteViVJAzb/M/MR6ohGo",1,0],[5,46,46],[-119.636,0,0,0,0,0,1,1,1,1]],[13,"value",16,[-141],[0,"6eP6PbpoxO/Z6B0ZlivFr4",1,0],[5,63.94,31.5]],[1,"100%",25,25,1,1,66,[57]],[2,"fmsuc",16,[[3,-142,[58],59]],[0,"21iz9o+OZJLZlbqgAlZVbD",1,0],[5,47,47],[-122.982,0,0,0,0,0,1,1,1,1]],[1,"3000",30,30,1,1,37,[66]],[2,"goldIcon",10,[[3,-143,[67],68]],[0,"4cLO3R9YZDc6qWbuB4S+o3",1,0],[5,47,48],[-8.959,0.894,0,0,0,0,1,1,1,1]],[24,"tips",1,[[1,"附魔可以增加武器基础属性百分比",24,24,1,1,-144,[71]]],[0,"97z3A8KoNIJ7KYb/7WS/1G",1,0],[4,4293643712],[5,360,30.24],[0,-417.014,0,0,0,0,1,1,1,1]]],0,[0,6,1,0,0,1,0,-1,27,0,-2,28,0,-3,29,0,-4,30,0,-5,31,0,-6,32,0,7,59,0,8,69,0,9,67,0,10,64,0,11,61,0,12,57,0,0,1,0,-1,17,0,-2,11,0,-3,71,0,0,2,0,0,2,0,-1,4,0,-2,5,0,-3,6,0,-4,7,0,-5,8,0,-6,9,0,-1,27,0,-2,28,0,-3,29,0,-4,30,0,-5,31,0,-6,32,0,3,40,0,4,4,0,0,4,0,-1,38,0,-2,39,0,-3,19,0,3,43,0,4,5,0,0,5,0,-1,41,0,-2,42,0,-3,20,0,3,46,0,4,6,0,0,6,0,-1,44,0,-2,45,0,-3,21,0,3,49,0,4,7,0,0,7,0,-1,47,0,-2,48,0,-3,22,0,3,52,0,4,8,0,0,8,0,-1,50,0,-2,51,0,-3,23,0,3,55,0,4,9,0,0,9,0,-1,53,0,-2,54,0,-3,24,0,0,10,0,0,10,0,-1,36,0,-2,37,0,-3,70,0,-1,18,0,-3,25,0,-1,26,0,-2,33,0,-3,34,0,-4,35,0,0,13,0,-1,56,0,-3,58,0,0,14,0,-1,60,0,-2,62,0,0,15,0,-1,63,0,-2,65,0,0,16,0,-1,66,0,-2,68,0,0,17,0,0,17,0,0,18,0,0,18,0,0,19,0,0,19,0,0,20,0,0,20,0,0,21,0,0,21,0,0,22,0,0,22,0,0,23,0,0,23,0,0,24,0,0,24,0,0,25,0,-1,59,0,0,27,0,0,28,0,0,29,0,0,30,0,0,31,0,0,32,0,0,33,0,0,34,0,0,35,0,0,36,0,0,36,0,-1,69,0,0,37,0,0,38,0,-1,40,0,0,41,0,-1,43,0,0,44,0,-1,46,0,0,47,0,-1,49,0,0,50,0,-1,52,0,0,53,0,-1,55,0,-1,57,0,0,58,0,-1,61,0,0,62,0,-1,64,0,0,65,0,-1,67,0,0,68,0,0,70,0,0,71,0,13,1,2,2,11,3,2,13,10,2,11,12,2,25,13,2,26,14,2,33,15,2,34,16,2,35,144],[0,0,0,0,0,0,0,0,0,0,0,0,0,0,0,0,0,0,0,0,0,0,0,0,0,0,0,0,0,0,0,0,0,0,0,0,0,0,0,0,0,0,0,0,0,0,0,0,0,0,0,0,0,0,0,0,0,0,0,0,0,0,0,0,0,0,0,0,0,0,0,0,40,43,46,49,52,55],[-1,1,-1,-1,1,-1,-1,-1,1,-1,-1,-1,1,-1,-1,-1,1,-1,-1,-1,1,-1,-1,-1,1,-1,-1,-1,-1,1,-1,1,-1,1,-1,1,-1,1,-1,1,-1,1,-1,1,-1,-1,-1,1,-1,1,-1,-1,-1,1,-1,1,-1,-1,-1,1,-1,1,-1,-1,1,-1,-1,-1,1,-1,1,-1,1,1,1,1,1,1],[0,4,0,0,1,0,0,0,1,0,0,0,1,0,0,0,1,0,0,0,1,0,0,0,1,0,0,0,0,9,0,10,0,11,0,12,0,13,0,14,0,15,0,3,0,0,0,16,0,3,0,0,0,17,0,3,0,0,0,18,0,3,0,0,4,0,0,0,19,0,20,0,2,2,2,2,2,2]]]]