[1,["ecpdLyjvZBwrvm+cedCcQy","f4jBJobypN45YzS37deL1V","30MWPzorpIDa9hHqhnAvWV","34Z4I9Lf1AZoSdsRP8VNom","59cFSZ8JtK/J/AS73aJ6Hk","c6DibYlk9EZIEedg2iA/hU","71lq7qmPlJ1rrFu6OkwmZO","c2eniEB/5Ip6+YQ6t5FYlh","c84quVto1D647nhQJt8ES0","03DsHuuSFMCJDN1uFf8mfb","77zOWh+j5Jn5olz0B10oZv","69eW0UWQFN7ogsllk55Rc7","6cm+epzu9BPZztef910WfE","29XHZybZ1JS6iw9BnnxdRs","a2MjXRFdtLlYQ5ouAFv/+R","efqQv9r8ZCnJ9GFPePLvb7","4ey5mh7/VNs7K9gj59l5a0","526riivPNPpLUS0DhEXGCe"],["node","_spriteFrame","_textureSetter","root","lv_down_lab","lv_up_lab","newIconBg","newIcon","nowIconBg","nowIcon","dir_down_3","dir_up_3","dir_down_2","dir_up_2","dir_down_1","dir_up_1","ts_shuoming_down_lab","ts_down_lab","hp_down_lab","defend_down_lab","attack_down_lab","ts_shuoming_up_lab","ts_up_lab","defend_up_lab","hp_up_lab","attack_up_lab","data","_parent"],[["cc.Node",["_name","_opacity","_active","_prefab","_contentSize","_trs","_parent","_components","_children","_color","_anchorPoint"],0,4,5,7,1,9,2,5,5],["cc.Sprite",["_sizeMode","_type","node","_materials","_spriteFrame"],1,1,3,6],["cc.Label",["_fontSize","_N$horizontalAlign","_N$verticalAlign","_string","_lineHeight","node","_materials"],-2,1,3],"cc.SpriteFrame",["cc.Node",["_name","_parent","_components","_prefab","_contentSize","_trs","_anchorPoint"],2,1,12,4,5,7,5],["cc.Widget",["_alignFlags","_top","_bottom","_left","_right","_originalWidth","_originalHeight","node"],-4,1],["cc.PrefabInfo",["fileId","root","asset"],2,1,1],["cc.Button",["zoomScale","_N$transition","node","clickEvents"],1,1,9],["cc.Prefab",["_name"],2],["cc.Node",["_name","_parent","_components","_prefab","_color","_contentSize","_trs"],2,1,2,4,5,5,7],["c3013j3is1AQJKm50LvFoXd",["node","attack_up_lab","hp_up_lab","defend_up_lab","ts_up_lab","ts_shuoming_up_lab","attack_down_lab","defend_down_lab","hp_down_lab","ts_down_lab","ts_shuoming_down_lab","dir_up_1","dir_down_1","dir_up_2","dir_down_2","dir_up_3","dir_down_3","nowIcon","nowIconBg","newIcon","newIconBg","lv_up_lab","lv_down_lab"],3,1,1,1,1,1,1,1,1,1,1,1,1,1,1,1,1,1,1,1,1,1,1,1],["cc.BlockInputEvents",["node"],3,1],["cc.ClickEvent",["_componentId","handler","target"],1,1],["cc.LabelOutline",["_width","node","_color"],2,1,5]],[[6,0,1,2,2],[1,2,3,4,1],[13,0,1,2,2],[2,3,0,4,1,2,5,6,6],[0,0,6,7,3,4,2],[0,0,6,7,3,4,5,2],[0,0,6,8,7,3,4,5,2],[0,0,6,8,3,4,5,2],[0,0,2,6,7,3,4,5,3],[1,1,0,2,3,4,3],[0,0,6,7,3,4,10,5,2],[4,0,1,2,3,4,6,5,2],[5,0,3,4,1,2,5,6,7,8],[9,0,1,2,3,4,5,6,2],[2,3,0,1,2,5,6,5],[1,0,2,3,4,2],[4,0,1,2,3,4,5,2],[1,0,2,3,2],[7,0,1,2,3,3],[12,0,1,2,3],[2,0,4,1,2,5,6,5],[8,0,2],[0,0,8,7,3,4,5,2],[0,0,8,3,5,2],[0,0,6,8,7,3,9,4,5,2],[0,0,6,8,3,5,2],[0,0,1,6,7,3,9,4,3],[5,0,1,2,7,4],[10,0,1,2,3,4,5,6,7,8,9,10,11,12,13,14,15,16,17,18,19,20,21,22,1],[11,0,1],[6,1,2,1],[1,2,3,1],[7,2,1]],[[[{"name":"tsup","rect":[0,0,31,22],"offset":[0,0],"originalSize":[31,22],"capInsets":[0,0,0,0]}],[3],0,[0],[2],[12]],[[{"name":"tsdown","rect":[0,0,31,22],"offset":[0,0],"originalSize":[31,22],"capInsets":[0,0,0,0]}],[3],0,[0],[2],[13]],[[[21,"XLResultUI"],[22,"XLResultUI",[-27,-28],[[27,45,-5.639,5.639,-2],[28,-25,-24,-23,-22,-21,-20,-19,-18,-17,-16,-15,-14,-13,-12,-11,-10,-9,-8,-7,-6,-5,-4,-3],[29,-26]],[30,-1,0],[5,640,1335],[320,673.139,0,0,0,0,1,1,1,1]],[23,"wInfo",[-29,-30,-31,-32,-33,-34,-35,-36,-37,-38],[0,"47n2+oq61IbL3DkIkY5RyG",1,0],[71.711,32.944,0,0,0,0,1,1,1,1]],[6,"kbg",1,[-41,-42,-43,-44,-45],[[9,1,0,-39,[87],88],[12,40,46.649,43.351,310.906,339.09399999999994,100,200,-40]],[0,"3aPo/NaQhMeKaCh4b/q3CO",1,0],[5,550,700],[1.649000000000001,60.285,0,0,0,0,1,1,1,1]],[6,"upCont",3,[-48,-49,-50],[[9,1,0,-46,[33],34],[12,40,25,25,310.906,339.09399999999994,100,200,-47]],[0,"c5HtgCsyVA4bqhEx3Gr9YS",1,0],[5,500,300],[0,180.972,0,0,0,0,1,1,1,1]],[24,"downCont",3,[-53,-54,2],[[9,1,0,-51,[78],79],[12,40,25,25,310.906,339.09399999999994,100,200,-52]],[0,"fb0UyTfk5CyrheZ4IYEyuV",1,0],[4,4292142847],[5,500,300],[0,-158.252,0,0,0,0,1,1,1,1]],[6,"ewai",4,[-57,-58],[[9,1,0,-55,[7],8],[12,40,10,10,310.906,339.09399999999994,100,200,-56]],[0,"f8JoXu6eVKL5Owy7FKWGyC",1,0],[5,480,100],[0,-72.736,0,0,0,0,1,1,1,1]],[25,"wInfo",4,[-59,-60,-61,-62],[0,"5brN+TFy1BdYs4LjobOV8U",1,0],[71.711,32.944,0,0,0,0,1,1,1,1]],[7,"iconCont",7,[-63,-64,-65,-66],[0,"ecQRvh4DdG47PYapR5h+/h",1,0],[5,100,100],[-224.457,25.46,0,0,0,0,1,1,1,1]],[7,"defCont",7,[-67,-68,-69,-70],[0,"08TNfGyrZA2pYx++E+zg3j",1,0],[5,173,27],[-55,-17.109,0,0,0,0,1,1,1,1]],[7,"atkCont",7,[-71,-72,-73,-74],[0,"7cHNSCCmdLYLDaUe+n6MVS",1,0],[5,173,27],[-55,16.891,0,0,0,0,1,1,1,1]],[7,"hpCont",7,[-75,-76,-77,-78],[0,"68D2lTaZ1EnIyn3Dgg+IxA",1,0],[5,173,27],[-55,50.891,0,0,0,0,1,1,1,1]],[6,"ewai",5,[-81,-82],[[9,1,0,-79,[40],41],[12,40,10,10,310.906,339.09399999999994,100,200,-80]],[0,"f7f3Im5YpDW4PWDthiUvqI",1,0],[5,480,100],[0,-54.914,0,0,0,0,1,1,1,1]],[7,"iconCont",2,[-83,-84,-85,-86],[0,"7aIEG9lJVMWYB8LyarUZRB",1,0],[5,100,100],[-224.457,37.943,0,0,0,0,1,1,1,1]],[7,"defCont",2,[-87,-88,-89,-90],[0,"77VHADEE1KWqB9ZIxE6rPR",1,0],[5,173,27],[-55,-1.195,0,0,0,0,1,1,1,1]],[7,"atkCont",2,[-91,-92,-93,-94],[0,"69lgFR1EdAbayCUCXrjJA9",1,0],[5,173,27],[-55,32.805,0,0,0,0,1,1,1,1]],[7,"hpCont",2,[-95,-96,-97,-98],[0,"24pJyZY6lMcbszaG5bL8Mu",1,0],[5,173,27],[-55,66.805,0,0,0,0,1,1,1,1]],[6,"sqBtn",3,[-101],[[9,1,0,-99,[82],83],[18,0.8,3,-100,[[19,"c3013j3is1AQJKm50LvFoXd","GiveUp",1]]]],[0,"49Du9bk59FrbBqdUcvOWbD",1,0],[5,200,100],[-156.7,-419.871,0,0,0,0,1,1,1,0]],[6,"thBtn",3,[-104],[[9,1,0,-102,[85],86],[18,0.8,3,-103,[[19,"c3013j3is1AQJKm50LvFoXd","GetIt",1]]]],[0,"82LhSFL4RAR6h7PXgBw/p/",1,0],[5,200,100],[144.565,-420.458,0,0,0,0,1,1,1,0]],[26,"bg",157,1,[[15,0,-105,[0],1],[32,-106]],[0,"b14pBO1tZDKpKYxY63MYRL",1,0],[4,4278190080],[5,2000,2000]],[6,"upTitle",4,[-108],[[1,-107,[3],4]],[0,"79qDUUh0NK5ZiVaz80Kl4d",1,0],[5,183,44],[0,140.513,0,0,0,0,1,1,1,1]],[4,"title",20,[[3,"当前武器",23,30,1,1,-109,[2]],[2,3,-110,[4,4278190080]]],[0,"b6wODoQHdJ9J3ySa1heAad",1,0],[5,98,43.8]],[4,"icon",8,[[17,0,-111,[11]]],[0,"89Gq2dERVFLrcG4/9Iilic",1,0],[5,80,80]],[16,"lv",8,[[-112,[2,2,-113,[4,4278190080]]],1,4],[0,"6bHpdjQMNLq7E35p9lh6Gw",1,0],[5,4,31.72],[34.696,-37.407,0,0,0,0,1,1,1,1]],[4,"kuang",8,[[1,-114,[13],14]],[0,"b2keiWSUdJ2qRNpe+4+NsM",1,0],[5,130,130]],[10,"title",9,[[3,"物防：",20,20,1,1,-115,[17]],[2,2,-116,[4,4278190080]]],[0,"f0EeJoCG5NQYBB046iyCiK",1,0],[5,64,29.2],[0,0,0.5],[-54.188,0,0,0,0,0,1,1,1,1]],[11,"value",9,[[-117,[2,2,-118,[4,4278190080]]],1,4],[0,"13GJ18ey5OBbwh/vt/1TSg",1,0],[5,15.12,29.2],[0,0,0.5],[8.601,0,0,0,0,0,1,1,1,1]],[10,"title",10,[[3,"攻击：",20,20,1,1,-119,[23]],[2,2,-120,[4,4278190080]]],[0,"8elTZVgRxFLYC2SDROv/iz",1,0],[5,64,29.2],[0,0,0.5],[-54.188,0,0,0,0,0,1,1,1,1]],[11,"value",10,[[-121,[2,2,-122,[4,4278190080]]],1,4],[0,"84JiVwJuRCioT7JFu7EgIM",1,0],[5,15.12,29.2],[0,0,0.5],[8.601,0,0,0,0,0,1,1,1,1]],[10,"title",11,[[3,"血量：",20,20,1,1,-123,[29]],[2,2,-124,[4,4278190080]]],[0,"ddFrTekDJFYr0PDP3anh0/",1,0],[5,64,29.2],[0,0,0.5],[-54.188,0,0,0,0,0,1,1,1,1]],[11,"value",11,[[-125,[2,2,-126,[4,4278190080]]],1,4],[0,"4eZaJPQ1RH24TnQY4fWjlj",1,0],[5,15.12,29.2],[0,0,0.5],[8.601,0,0,0,0,0,1,1,1,1]],[6,"downTitle",5,[-128],[[1,-127,[36],37]],[0,"1fe6WCOdBP8JERHefNZhDE",1,0],[5,183,44],[0,144.988,0,0,0,0,1,1,1,1]],[4,"title",31,[[3,"抽到武器",23,30,1,1,-129,[35]],[2,3,-130,[4,4278190080]]],[0,"7d7GAz6nlIIL7EtFWxWF6i",1,0],[5,98,43.8]],[8,"up_1",false,2,[[1,-131,[42],43]],[0,"e9MxTYXERMy5h2Ues+mNy6",1,0],[5,31,22],[47.134,69,0,0,0,0,1,0.6,0.7,0.6]],[8,"down_1",false,2,[[1,-132,[44],45]],[0,"58sE9oy8JAFoU+3Iv8+zT1",1,0],[5,31,22],[47.134,69,0,0,0,0,1,0.6,0.7,0.6]],[8,"up_2",false,2,[[1,-133,[46],47]],[0,"1cmRkSd0hOwLdz/a+lCmhe",1,0],[5,31,22],[47.134,34,0,0,0,0,1,0.6,0.7,0.6]],[8,"down_2",false,2,[[1,-134,[48],49]],[0,"d1WUqUGF1MN5AxTmO4JgtB",1,0],[5,31,22],[47.134,34,0,0,0,0,1,0.6,0.7,0.6]],[8,"up_3",false,2,[[1,-135,[50],51]],[0,"63iW5pCOZHKpELUB9lsKpt",1,0],[5,31,22],[47.134,-3,0,0,0,0,1,0.6,0.7,0.6]],[8,"down_3",false,2,[[1,-136,[52],53]],[0,"06gdSwK6JCVqp5hlyiaxEk",1,0],[5,31,22],[47.134,-3,0,0,0,0,1,0.6,0.7,0.6]],[5,"kuang",13,[[1,-137,[56],57]],[0,"82ku7xrm5A+r6u8QJV9wHm",1,0],[5,130,130],[0,2.1316282072803006e-14,0,0,0,0,1,1,1,1]],[4,"icon",13,[[17,0,-138,[58]]],[0,"68dOXO3GhNmpI9THf8hkcn",1,0],[5,80,80]],[16,"lv",13,[[-139,[2,2,-140,[4,4278190080]]],1,4],[0,"92sPNiI8pE0qc4OeZpi0kt",1,0],[5,4,31.72],[34.696,-37.407,0,0,0,0,1,1,1,1]],[10,"title",14,[[3,"物防：",20,20,1,1,-141,[62]],[2,2,-142,[4,4278190080]]],[0,"ca0jJNqDpFyK5wff3RKkq4",1,0],[5,64,29.2],[0,0,0.5],[-54.188,0,0,0,0,0,1,1,1,1]],[11,"value",14,[[-143,[2,2,-144,[4,4278190080]]],1,4],[0,"b9DBbsJpxBMagUQdmPFSiD",1,0],[5,15.12,29.2],[0,0,0.5],[8.601,0,0,0,0,0,1,1,1,1]],[10,"title",15,[[3,"攻击：",20,20,1,1,-145,[68]],[2,2,-146,[4,4278190080]]],[0,"840Tdw9VtLx6NWAHYP7TTK",1,0],[5,64,29.2],[0,0,0.5],[-54.188,0,0,0,0,0,1,1,1,1]],[11,"value",15,[[-147,[2,2,-148,[4,4278190080]]],1,4],[0,"77IcK/q+hLhbshIkUnznje",1,0],[5,15.12,29.2],[0,0,0.5],[8.601,0,0,0,0,0,1,1,1,1]],[10,"title",16,[[3,"血量：",20,20,1,1,-149,[74]],[2,2,-150,[4,4278190080]]],[0,"b7DzTImUNCJqBcqPUnlAa4",1,0],[5,64,29.2],[0,0,0.5],[-54.188,0,0,0,0,0,1,1,1,1]],[11,"value",16,[[-151,[2,2,-152,[4,4278190080]]],1,4],[0,"27xGc7dEtEX58NuTCaEkSo",1,0],[5,15.12,29.2],[0,0,0.5],[8.601,0,0,0,0,0,1,1,1,1]],[5,"wz",17,[[3,"分解",30,30,1,1,-153,[81]],[2,3,-154,[4,4278190080]]],[0,"66DLfF2tNIA7CJxnomaJUq",1,0],[5,66,43.8],[-5.37,2.755,0,0,0,0,1,1,1,1]],[5,"wz",18,[[3,"替换",30,30,1,1,-155,[84]],[2,3,-156,[4,4278190080]]],[0,"ed8BwZ+8VGb69tl3809qap",1,0],[5,66,43.8],[3.614,2.755,0,0,0,0,1,1,1,1]],[13,"data",6,[-157],[0,"e3FfZanS5NqayG5r0mbBhP",1,0],[4,4289045933],[5,81.62,50.4],[0,17,0,0,0,0,1,1,1,1]],[14,"--：--",35,1,1,50,[5]],[13,"shuoming",6,[-158],[0,"46jHR2FpJFVqa7D6yDwjPS",1,0],[4,4286208343],[5,108.23,50.4],[0,-24,0,0,0,0,1,1,1,1]],[14,"-------------",25,1,1,52,[6]],[5,"bg",8,[[15,0,-159,[9],10]],[0,"a8BHgyudpOVqzlODfp8y0N",1,0],[5,100,100],[0,0,0,0,0,0,1,1.1,1.1,1]],[20,22,22,1,1,23,[12]],[4,"bg",9,[[1,-160,[15],16]],[0,"7fn7Zb441NILHKe9HMz7rF",1,0],[5,173,27]],[3,"0",20,20,1,1,26,[18]],[5,"icon",9,[[1,-161,[19],20]],[0,"618UF/F7hOCJBZk9dpav7n",1,0],[5,21,25],[-69.671,0,0,0,0,0,1,1,1,1]],[4,"bg",10,[[1,-162,[21],22]],[0,"f21/pcOudJFoJ32MyVWeFF",1,0],[5,173,27]],[3,"0",20,20,1,1,28,[24]],[5,"icon",10,[[1,-163,[25],26]],[0,"f017f/t7lJn4NciiGYz9i0",1,0],[5,24,24],[-69.671,0,0,0,0,0,1,1,1,1]],[4,"bg",11,[[1,-164,[27],28]],[0,"4dlfDJrI1Pv7xq/dXjrT0l",1,0],[5,173,27]],[3,"0",20,20,1,1,30,[30]],[5,"icon",11,[[1,-165,[31],32]],[0,"e4VBbG3J1M9pjh4ngWopkp",1,0],[5,25,21],[-69.671,0,0,0,0,0,1,1,1,1]],[13,"data",12,[-166],[0,"37WXDAMM9F7qLUbt/soTkB",1,0],[4,4289045933],[5,81.62,50.4],[0,17,0,0,0,0,1,1,1,1]],[14,"--：--",35,1,1,65,[38]],[13,"shuoming",12,[-167],[0,"12e/OT8I1L8pfzXfFrS0M1",1,0],[4,4286208343],[5,133.2,50.4],[0,-24,0,0,0,0,1,1,1,1]],[14,"----------------",25,1,1,67,[39]],[5,"bg",13,[[15,0,-168,[54],55]],[0,"3cg+Dci/FGvZBTkEt+53o8",1,0],[5,100,100],[0,0,0,0,0,0,1,1.1,1.1,1]],[20,22,22,1,1,41,[59]],[4,"bg",14,[[1,-169,[60],61]],[0,"f0FrgREKNEBIjTiGIVoVCf",1,0],[5,173,27]],[3,"0",20,20,1,1,43,[63]],[5,"icon",14,[[1,-170,[64],65]],[0,"929HlApkFNk4nk48gnXuBR",1,0],[5,21,25],[-69.671,0,0,0,0,0,1,1,1,1]],[4,"bg",15,[[1,-171,[66],67]],[0,"5bD8bzSuVArpHU70JmpMUk",1,0],[5,173,27]],[3,"0",20,20,1,1,45,[69]],[5,"icon",15,[[1,-172,[70],71]],[0,"b3V47Dk25AnozeQkCCiD1t",1,0],[5,24,24],[-69.671,0,0,0,0,0,1,1,1,1]],[4,"bg",16,[[1,-173,[72],73]],[0,"8eiHzT1XNN5LEpGSA3j5VB",1,0],[5,173,27]],[3,"0",20,20,1,1,47,[75]],[5,"icon",16,[[1,-174,[76],77]],[0,"43WHdHySxFZpgfeQa0jbMd",1,0],[5,25,21],[-69.671,0,0,0,0,0,1,1,1,1]],[8,"jiantou",false,3,[[31,-175,[80]]],[0,"19QSmAKcdH4oh1ldBfpnGG",1,0],[5,44,60],[0,10.427,0,0,0,0,1,1,1,1]]],0,[0,3,1,0,0,1,0,4,70,0,5,55,0,6,39,0,7,40,0,8,24,0,9,22,0,10,38,0,11,37,0,12,36,0,13,35,0,14,34,0,15,33,0,16,68,0,17,66,0,18,78,0,19,72,0,20,75,0,21,53,0,22,51,0,23,57,0,24,63,0,25,60,0,0,1,0,0,1,0,-1,19,0,-2,3,0,-1,33,0,-2,34,0,-3,35,0,-4,36,0,-5,37,0,-6,38,0,-7,13,0,-8,14,0,-9,15,0,-10,16,0,0,3,0,0,3,0,-1,4,0,-2,5,0,-3,80,0,-4,17,0,-5,18,0,0,4,0,0,4,0,-1,20,0,-2,6,0,-3,7,0,0,5,0,0,5,0,-1,31,0,-2,12,0,0,6,0,0,6,0,-1,50,0,-2,52,0,-1,8,0,-2,9,0,-3,10,0,-4,11,0,-1,54,0,-2,22,0,-3,23,0,-4,24,0,-1,56,0,-2,25,0,-3,26,0,-4,58,0,-1,59,0,-2,27,0,-3,28,0,-4,61,0,-1,62,0,-2,29,0,-3,30,0,-4,64,0,0,12,0,0,12,0,-1,65,0,-2,67,0,-1,69,0,-2,39,0,-3,40,0,-4,41,0,-1,71,0,-2,42,0,-3,43,0,-4,73,0,-1,74,0,-2,44,0,-3,45,0,-4,76,0,-1,77,0,-2,46,0,-3,47,0,-4,79,0,0,17,0,0,17,0,-1,48,0,0,18,0,0,18,0,-1,49,0,0,19,0,0,19,0,0,20,0,-1,21,0,0,21,0,0,21,0,0,22,0,-1,55,0,0,23,0,0,24,0,0,25,0,0,25,0,-1,57,0,0,26,0,0,27,0,0,27,0,-1,60,0,0,28,0,0,29,0,0,29,0,-1,63,0,0,30,0,0,31,0,-1,32,0,0,32,0,0,32,0,0,33,0,0,34,0,0,35,0,0,36,0,0,37,0,0,38,0,0,39,0,0,40,0,-1,70,0,0,41,0,0,42,0,0,42,0,-1,72,0,0,43,0,0,44,0,0,44,0,-1,75,0,0,45,0,0,46,0,0,46,0,-1,78,0,0,47,0,0,48,0,0,48,0,0,49,0,0,49,0,-1,51,0,-1,53,0,0,54,0,0,56,0,0,58,0,0,59,0,0,61,0,0,62,0,0,64,0,-1,66,0,-1,68,0,0,69,0,0,71,0,0,73,0,0,74,0,0,76,0,0,77,0,0,79,0,0,80,0,26,1,2,27,5,175],[0,0,0,0,0,0,0,0,0,0,0,0,0,0,0,0,0,0,0,0,0,0,0,0,0,0,0,0,0,0,0,0,0,0,0,0,0,0,0,0,0,0,0,0,0,0,0,0,0,0,0,0,0,0,0,0,0,0,0,0,0,0,0,0,0,0,0,0,0,0,0,0,0,0,0,0,0,0,0,0,0,0,0,0,0,0,0,0,0],[-1,1,-1,-1,1,-1,-1,-1,1,-1,1,-1,-1,-1,1,-1,1,-1,-1,-1,1,-1,1,-1,-1,-1,1,-1,1,-1,-1,-1,1,-1,1,-1,-1,1,-1,-1,-1,1,-1,1,-1,1,-1,1,-1,1,-1,1,-1,1,-1,1,-1,1,-1,-1,-1,1,-1,-1,-1,1,-1,1,-1,-1,-1,1,-1,1,-1,-1,-1,1,-1,1,-1,-1,-1,1,-1,-1,1,-1,1],[0,14,0,0,4,0,0,0,5,0,6,0,0,0,7,0,1,0,0,0,8,0,1,0,0,0,9,0,1,0,0,0,10,0,11,0,0,4,0,0,0,5,0,2,0,3,0,2,0,3,0,2,0,3,0,6,0,7,0,0,0,1,0,0,0,8,0,1,0,0,0,9,0,1,0,0,0,10,0,11,0,0,0,15,0,0,16,0,17]]]]