[1,["eeIbZIB+ZLD5HQ0LccQ6go"],0,[["sp.SkeletonData",["_name","_atlasText","textureNames","_skeletonJson","textures"],-1,3]],[[0,0,1,2,3,4,5]],[[0,"baoxiang","\nbaoxiang.png\nsize: 1016,623\nformat: RGBA8888\nfilter: Linear,Linear\nrepeat: none\nbaoxiang/yingzi\n  rotate: false\n  xy: 1, 379\n  size: 251, 64\n  orig: 251, 64\n  offset: 0, 0\n  index: -1\nbaoxiang/waiguang\n  rotate: false\n  xy: 523, 1\n  size: 325, 303\n  orig: 325, 303\n  offset: 0, 0\n  index: -1\nbaoxiang/xingguang\n  rotate: false\n  xy: 850, 1\n  size: 105, 104\n  orig: 105, 104\n  offset: 0, 0\n  index: -1\nbaoxiang/1\n  rotate: false\n  xy: 757, 306\n  size: 244, 174\n  orig: 244, 174\n  offset: 0, 0\n  index: -1\nbaoxiang/3\n  rotate: false\n  xy: 254, 379\n  size: 256, 62\n  orig: 256, 62\n  offset: 0, 0\n  index: -1\nbaoxiang/2\n  rotate: false\n  xy: 757, 482\n  size: 257, 139\n  orig: 257, 139\n  offset: 0, 0\n  index: -1\nbaoxiang/daguang\n  rotate: false\n  xy: 1, 1\n  size: 520, 376\n  orig: 520, 376\n  offset: 0, 0\n  index: -1\nbaoxiang/guangdian\n  rotate: false\n  xy: 523, 306\n  size: 232, 233\n  orig: 232, 233\n  offset: 0, 0\n  index: -1\n",["baoxiang.png"],{"skeleton":{"width":404.32,"height":346.17,"fps":24,"hash":" ","name":"Armaturebaoxiang"},"bones":[{"x":-10.0883,"y":325.6371,"name":"root"},{"x":-157.6598,"y":-77.079,"scaleX":0.4199,"scaleY":0.4199,"name":"xingguang","parent":"root"},{"x":12.3383,"y":-327.8871,"name":"yingzi","parent":"root"},{"x":11.7464,"y":-323.38,"name":"1","parent":"root"},{"x":141.6579,"y":-280.2585,"scaleX":0.3725,"scaleY":0.3725,"name":"xingguang1","parent":"root"},{"x":64.0805,"y":-61.6296,"scaleX":0.237,"scaleY":0.237,"name":"xingguang12","parent":"root"},{"x":15.487,"y":-173.5348,"scaleX":0.3725,"scaleY":0.3725,"name":"xingguang11","parent":"root"},{"x":-2.8251,"y":101.5744,"name":"2","parent":"1"},{"x":-4.4735,"y":146.904,"name":"guangdian","parent":"1"},{"x":-3.8289,"y":143.8386,"name":"daguang","parent":"1"},{"x":-3.0853,"y":0.3603,"name":"waiguang","parent":"1"},{"x":4.5655,"y":-3.3195,"scaleY":0.3095,"name":"3","parent":"2"}],"slots":[{"name":"yingzi","bone":"yingzi","attachment":"baoxiang/yingzi"},{"name":"waiguang","bone":"waiguang","blend":"additive"},{"name":"xingguang","bone":"xingguang","blend":"additive","attachment":"baoxiang/xingguang"},{"name":"1","bone":"1","attachment":"baoxiang/1"},{"name":"3","bone":"3","attachment":"baoxiang/3"},{"name":"2","bone":"2","attachment":"baoxiang/2"},{"name":"daguang","bone":"daguang","blend":"additive"},{"name":"guangdian","bone":"guangdian","blend":"additive"},{"name":"xingguang1","bone":"xingguang1","blend":"additive","attachment":"baoxiang/xingguang"},{"name":"xingguang11","bone":"xingguang11","blend":"additive","attachment":"baoxiang/xingguang"},{"name":"xingguang12","bone":"xingguang12","attachment":"baoxiang/xingguang"}],"skins":{"default":{"1":{"baoxiang/1":{"name":"baoxiang/1","width":244,"height":174,"x":-2.75,"y":80.88}},"2":{"baoxiang/2":{"name":"baoxiang/2","width":257,"height":139,"x":0.71,"y":54.07}},"3":{"baoxiang/3":{"name":"baoxiang/3","width":256,"height":62,"x":-3.98,"y":31}},"guangdian":{"baoxiang/guangdian":{"name":"baoxiang/guangdian","width":232,"height":233,"x":-4.04,"y":-1.35}},"xingguang12":{"baoxiang/xingguang":{"name":"baoxiang/xingguang","width":105,"height":104,"x":3.88,"y":5.47,"scaleX":1.5719,"scaleY":1.5719}},"daguang":{"baoxiang/daguang":{"name":"baoxiang/daguang","width":520,"height":376,"x":-16.92,"y":68.04}},"xingguang":{"baoxiang/xingguang":{"name":"baoxiang/xingguang","width":105,"height":104,"x":0.01,"y":-0.26}},"waiguang":{"baoxiang/waiguang":{"name":"baoxiang/waiguang","width":325,"height":303,"x":-0.16,"y":109.02}},"yingzi":{"baoxiang/yingzi":{"name":"baoxiang/yingzi","width":251,"height":64,"x":-3.84,"y":5.39}},"xingguang1":{"baoxiang/xingguang":{"name":"baoxiang/xingguang","width":105,"height":104,"x":0.01,"y":-0.26}},"xingguang11":{"baoxiang/xingguang":{"name":"baoxiang/xingguang","width":105,"height":104,"x":0.01,"y":-0.26}}}},"animations":{"stay":{"bones":{"1":{"scale":[{"time":0,"x":1,"y":1},{"time":0.25,"x":0.99,"y":1.04},{"time":0.5,"x":1.02,"y":1.01},{"time":0.75,"x":1,"y":1},{"time":1,"x":0.99,"y":1.04},{"time":1.25,"x":1.02,"y":1.01},{"time":1.5,"x":1,"y":1}]},"xingguang":{"translate":[{"time":0,"x":41.01,"y":-9.79}],"scale":[{"time":0,"x":1.06,"y":1.06},{"time":0.4583,"x":1.95,"y":2.36}]},"xingguang1":{"translate":[{"time":0,"x":7.44,"y":-9.79}],"scale":[{"time":0,"curve":"stepped","x":1,"y":1},{"time":0.4167,"x":0.68,"y":0.68},{"time":0.7917,"x":1.42,"y":1.72}]},"xingguang11":{"translate":[{"time":0,"x":7.44,"y":-9.79}],"scale":[{"time":0,"curve":"stepped","x":1,"y":1},{"time":0.75,"x":0.56,"y":0.56},{"time":1.125,"x":1.22,"y":1.47}]},"xingguang12":{"translate":[{"time":0,"x":7.44,"y":-9.79}],"scale":[{"time":0,"curve":"stepped","x":1,"y":1},{"time":1.0833,"x":0.94,"y":0.94},{"time":1.375,"x":0.93,"y":1.13}]}},"slots":{"xingguang":{"color":[{"time":0,"color":"FFFFFF00"},{"time":0.2083,"color":"FFFFFFFF"},{"time":0.4583,"color":"FFFFFF00"}]},"yingzi":{"color":[{"time":0,"color":"FFFFFF99"}]},"xingguang1":{"color":[{"time":0,"color":"FFFFFF00"},{"time":0.4167,"color":"FFFFFF00"},{"time":0.5,"color":"FFFFFFFF"},{"time":0.6667,"color":"FFFFFFFF"},{"time":0.7917,"color":"FFFFFF00"}]},"xingguang11":{"color":[{"time":0,"color":"FFFFFF00"},{"time":0.75,"color":"FFFFFF00"},{"time":0.8333,"color":"FFFFFFFF"},{"time":1,"color":"FFFFFFFF"},{"time":1.125,"color":"FFFFFF00"}]},"xingguang12":{"color":[{"time":0,"color":"FFFFFF00"},{"time":1.0833,"color":"FFFFFF00"},{"time":1.1666,"color":"FFFFFFFF"},{"time":1.2499,"color":"FFFFFFFF"},{"time":1.3749,"color":"FFFFFF00"}]}}},"open":{"bones":{"1":{"translate":[{"time":0},{"time":0.6667},{"time":0.8334,"y":102.09},{"time":1.0001,"y":126},{"time":1.1668,"y":8.63},{"time":1.2501}],"rotate":[{"time":0,"angle":0},{"time":0.1667,"angle":0.84},{"time":0.3334,"angle":0},{"time":0.4167,"angle":-2.51},{"time":0.5834,"angle":0.84},{"time":0.6667,"angle":-3.94},{"time":0.8334,"angle":-3.8},{"time":1.0001,"angle":2.59},{"time":1.1668,"angle":3.73},{"time":1.2501,"angle":-1.01},{"time":1.3751,"angle":0}],"scale":[{"time":0,"x":1,"y":1},{"time":0.1667,"x":1.13,"y":1.02},{"time":0.3334,"x":1.04,"y":1.08},{"time":0.4167,"x":1.04,"y":1.02},{"time":0.5834,"x":1.08,"y":0.97},{"time":0.6667,"x":0.98,"y":1.07},{"time":0.8334,"x":0.95,"y":1.13},{"time":1.0001,"x":1,"y":1},{"time":1.1668,"x":1.07,"y":0.89},{"time":1.2501,"x":0.98,"y":1.01},{"time":1.3751,"x":1,"y":1}],"shear":[{"time":0},{"time":0.1667},{"time":0.3334},{"time":0.4167},{"time":0.5834},{"time":0.6667},{"time":0.8334},{"time":1.0001},{"time":1.1668},{"time":1.2501},{"time":1.3751}]},"2":{"translate":[{"time":0},{"time":0.6667},{"time":0.7917,"x":0.65,"y":107.17},{"time":0.8334,"x":-1.11,"y":119.03},{"time":0.9167,"x":-1,"y":107.12},{"time":0.9584,"x":-1.67,"y":128.04},{"time":1.1667,"x":-0.84,"y":64.02},{"time":1.3334,"x":-1.71,"y":-9.34},{"time":1.3751}],"scale":[{"time":0,"x":1,"y":1},{"time":0.6667,"x":1,"y":1},{"time":0.8334,"x":1,"y":0.64},{"time":0.9167,"x":1,"y":0.39},{"time":0.9584,"x":1,"y":0.37},{"time":1.0001,"x":1,"y":0.49},{"time":1.3751,"x":1,"y":1}]},"3":{"translate":[{"time":0},{"time":0.6667},{"time":0.9584,"x":-0.88,"y":-186.99},{"time":1.0001,"x":-1.14,"y":-94.72},{"time":1.1251,"x":-0.02,"y":-36.7},{"time":1.2501,"x":-0.01,"y":-22.02},{"time":1.3751}],"scale":[{"time":0,"x":1,"y":1},{"time":0.6667,"x":1,"y":1},{"time":0.9584,"x":1,"y":11.04},{"time":1.0001,"x":1,"y":5.38},{"time":1.1251,"x":1,"y":2.5},{"time":1.3751,"x":1,"y":1}]},"yingzi":{"scale":[{"time":0,"x":1,"y":1},{"time":0.1667,"x":1.09,"y":1},{"time":0.4167,"x":1,"y":1},{"time":0.5834,"x":1.09,"y":1},{"time":0.9584,"x":0.76,"y":0.62},{"time":1.2501,"x":1,"y":1},{"time":1.3334,"x":1.03,"y":1},{"time":1.4584,"x":1,"y":1}]},"daguang":{"scale":[{"time":0,"curve":"stepped","x":1,"y":1},{"time":0.6667,"x":0.61,"y":0.61},{"time":1.1667,"x":1.35,"y":1.88}]},"guangdian":{"translate":[{"time":0,"curve":"stepped"},{"time":0.4167,"y":-22.2}],"scale":[{"time":0,"curve":"stepped","x":1,"y":1},{"time":0.5833,"x":1,"y":1},{"time":0.8333,"x":2.46,"y":2.46},{"time":1,"x":1,"y":1}]},"waiguang":{"scale":[{"time":0,"x":0.78,"y":0.78},{"time":0.1667,"x":1,"y":1}]}},"slots":{"yingzi":{"color":[{"time":0,"color":"FFFFFF99"},{"time":0.4167,"color":"FFFFFF99"},{"time":0.9584,"color":"FFFFFF75"},{"time":1.2501,"color":"FFFFFF99"}]},"waiguang":{"attachment":[{"time":0,"name":"baoxiang/waiguang"}],"color":[{"time":0,"color":"FFFFFF00"},{"time":0.1667,"color":"FFFFFFFF"},{"time":0.5417,"color":"FFFFFFFF"},{"time":0.6667,"color":"FFFFFF00"}]},"xingguang":{"attachment":[{"time":0,"name":""}]},"daguang":{"attachment":[{"time":0,"name":""},{"time":0.6667,"name":"baoxiang/daguang"}],"color":[{"time":0,"curve":"stepped","color":"FFFFFFFF"},{"time":0.6667,"color":"FFFFFF00"},{"time":0.8334,"color":"FFFFFF66"},{"time":0.9584,"color":"F2FF2E30"},{"time":1.0417,"color":"FF9C2E6B"},{"time":1.1667,"color":"FFFFFF00"}]},"guangdian":{"attachment":[{"time":0,"name":""},{"time":0.4167,"name":"baoxiang/guangdian"}],"color":[{"time":0,"curve":"stepped","color":"FFFFFFFF"},{"time":0.4167,"color":"FFFFFF00"},{"time":0.5834,"color":"FFFFFFFF"},{"time":1.0001,"color":"FFFFFF00"}]},"xingguang1":{"attachment":[{"time":0,"name":""}]},"xingguang11":{"attachment":[{"time":0,"name":""}]},"xingguang12":{"attachment":[{"time":0,"name":""}]}},"drawOrder":[{"time":0},{"time":0.75,"offsets":[{"slot":"1","offset":1}]},{"time":0.8333},{"time":0.9166,"offsets":[{"slot":"1","offset":1}]}]}}},[0]]],0,0,[0],[-1],[0]]