{"paths":{"0":["lose",0],"1":["eff_hit",0],"2":["lose",3],"3":["eff_skill_icestorm",3],"4":["win",0],"5":["eff_fire",0],"6":["eff_skill_icestorm_bg",3],"7":["eff_skill_icespike",3],"8":["eff_hit",3],"9":["siwang",0],"10":["eff_skill_icespike",0],"11":["eff_skill_icestorm_bg",0],"12":["shandian",0],"13":["eff_skill_icestorm",0],"14":["siwang",3],"15":["win",3],"16":["shandian",3],"17":["eff_fire",3],"18":["eff_fire",1,1],"19":["siwang",1,1],"20":["eff_skill_icestorm_bg",1,1],"21":["siwang",2],"22":["shandian",2],"23":["eff_fire",2],"24":["eff_skill_icespike",1,1],"25":["shandian",1,1],"26":["eff_hit",1,1],"27":["eff_skill_icespike",2],"28":["lose",2],"29":["win",2],"30":["lose",1,1],"31":["eff_skill_icestorm",1,1],"32":["eff_skill_icestorm",2],"33":["eff_hit",2],"34":["eff_skill_icestorm_bg",2],"35":["win",1,1]},"types":["cc.Texture2D","cc.SpriteFrame","sp.SkeletonData","cc.Asset"],"uuids":["0box2kA4NDlamLhBLYVkE7","12hfWxJ4NCzrER2jd716zq","1fwaIUCqFMWoryNJX9JYM8","2d6nFWTG5BHIbRwR7su/5S","2fyaFDiURAlpKDl5ocO9UK","38y5iovsdFnZirap6Fo+29","61talokidIXLYajVtSf4zI","75d7pI/+hB+7nyiZCDSOKN","89OZpCTwFAU4b1nuZmlriO","8cUlRJ2KBPxoFoUr0qS4/r","9bdFQsaQZPN6gxCiu9VY2q","a8mbEhbuZFELqCtWJLm4Zd","aaREIgbfJAIqIPJb25+60G","bbVIuSMUlPFa/UVqi16tVT","c98wlzj6RPc4020WuCSToe","d3XehNwdFNjbXX24T1teVJ","d639EHERhNu6N1sFiX+iZl","feODU9uZFGH7rG03Y6F+on","445l6R79ZAooPDN90iNUX1","49BpnNx2hAYqAH3BkeiWPB","4f0zKGryhDQp/fiye91lrY","6bmjJ5pvVEEJBFpswwxrVn","73X0gv3rVB55+Z3dv4lZQN","741PRLFs1JgofBiyTRStJW","75QXe4FcNLJqM3gO3hDfb8","778kcxbLJMuawpO4Dqe2o9","93hopIo5ZHCr/hIWTrE+XO","a3w7Y2RWBEVYOoz+u2vinS","b7V3MdZJ5CNZZmLRPpbxeD","c1BNJxVUpHLb/ihNg1Mvg9","c9+bbA0JRCzbdtkclf7sy7","cbN2o/YOFPf6asrc91DKEM","ccwMIvwPBFAIjkOHbHtJh7","d4o9kFHFFCBJJBCFpvTY9s","dcxJ2wjvVPOaCCauhuDlAL","ebApWZradCCZsWolfQRaYE"],"scenes":{},"redirect":[],"deps":[],"packs":{"0e1459e7f":[0,1,4,5,9,10,11,12,13]},"name":"gameEffect","importBase":"import","nativeBase":"native","debug":false,"isZip":false,"encrypted":false,"versions":{"import":["0e1459e7f","8cd25",2,"98be5",3,"01b0f",18,"b586f",19,"af7f0",20,"841a3",6,"57d6d",21,"18ad0",22,"25b33",23,"e37da",24,"a9107",7,"62bec",25,"e8749",8,"02e2d",26,"fd327",27,"71824",28,"b29a7",29,"6ac2e",14,"d5d5f",30,"f3a2d",31,"4f7f7",32,"0a587",15,"be119",33,"d4528",16,"93bb2",34,"4779d",35,"9916f",17,"375b0"],"native":[0,"cd1af",1,"0de04",2,"1ee3c",3,"9b78f",4,"71c64",5,"5341e",6,"f05ac",7,"c509a",8,"98e07",9,"0441c",10,"9792b",11,"67ccf",12,"dcd5a",13,"8609b",14,"b6149",15,"b1022",16,"700e7",17,"9e4b8"]}}