[1,["bc/6vWgDpCH4Vro+NZ5EJp"],0,[["sp.SkeletonData",["_name","_atlasText","textureNames","_skeletonJson","textures"],-1,3]],[[0,0,1,2,3,4,5]],[[0,"baoji","\nbaoji.png\nsize: 19,138\nformat: RGBA8888\nfilter: Linear,Linear\nrepeat: none\nbaoji/1\n  rotate: false\n  xy: 1, 1\n  size: 16, 135\n  orig: 16, 135\n  offset: 0, 0\n  index: -1\n",["baoji.png"],{"skeleton":{"width":150.07,"height":296.24,"fps":24,"hash":" ","name":"Armaturebaoji"},"bones":[{"x":153.2592,"y":-86.5958,"name":"root"},{"x":-210.6683,"y":209.9785,"rotation":45,"name":"1","parent":"root"},{"x":-108.1988,"y":117.5164,"rotation":45,"name":"11","parent":"root"},{"x":-223.8792,"y":118.2251,"rotation":-50,"name":"111","parent":"root"},{"x":-89.8079,"y":212.992,"rotation":-50,"name":"1111","parent":"root"},{"x":-142.63,"y":266.1451,"rotation":0.2292,"scaleX":0.5679,"scaleY":0.5679,"name":"12","parent":"root"},{"x":-142.63,"y":104.9051,"rotation":0.2292,"scaleX":0.5679,"scaleY":0.5679,"name":"121","parent":"root"},{"x":-220.0665,"y":166.2837,"rotation":-87.0479,"scaleX":0.5679,"scaleY":0.5679,"name":"1211","parent":"root"},{"x":-93.0524,"y":166.2837,"rotation":-87.0479,"scaleX":0.5679,"scaleY":0.5679,"name":"12111","parent":"root"},{"x":-178.0904,"y":241.0027,"rotation":-154.4702,"scaleX":0.606,"scaleY":0.606,"name":"12112","parent":"root"},{"x":-113.9995,"y":234.4012,"rotation":150.1151,"scaleX":0.606,"scaleY":0.606,"name":"121121","parent":"root"},{"x":-105.9747,"y":178.6758,"rotation":114.3098,"scaleX":0.606,"scaleY":0.606,"name":"1211211","parent":"root"},{"x":-207.0847,"y":243.4536,"rotation":-141.2194,"scaleX":0.606,"scaleY":0.606,"name":"12112111","parent":"root"},{"x":-200.937,"y":177.1951,"rotation":-96.2,"scaleX":0.606,"scaleY":0.606,"name":"121121111","parent":"root"}],"slots":[{"name":"1","bone":"1","blend":"additive","attachment":"baoji/1"},{"name":"11","bone":"11","blend":"additive","attachment":"baoji/1"},{"name":"111","bone":"111","blend":"additive","attachment":"baoji/1"},{"name":"1111","bone":"1111","blend":"additive","attachment":"baoji/1"},{"name":"12","bone":"12","blend":"additive","attachment":"baoji/1"},{"name":"121","bone":"121","blend":"additive","attachment":"baoji/1"},{"name":"1211","bone":"1211","blend":"additive","attachment":"baoji/1"},{"name":"12111","bone":"12111","blend":"additive","attachment":"baoji/1"},{"name":"12112","bone":"12112","blend":"additive","attachment":"baoji/1"},{"name":"121121","bone":"121121","blend":"additive","attachment":"baoji/1"},{"name":"1211211","bone":"1211211","blend":"additive","attachment":"baoji/1"},{"name":"12112111","bone":"12112111","blend":"additive","attachment":"baoji/1"},{"name":"121121111","bone":"121121111","blend":"additive","attachment":"baoji/1"}],"skins":{"default":{"1":{"baoji/1":{"name":"baoji/1","width":16,"height":135,"x":0.16}},"11":{"baoji/1":{"name":"baoji/1","width":16,"height":135,"x":0.16}},"12":{"baoji/1":{"name":"baoji/1","width":16,"height":135,"x":0.16}},"111":{"baoji/1":{"name":"baoji/1","width":16,"height":135,"x":0.16}},"121":{"baoji/1":{"name":"baoji/1","width":16,"height":135,"x":0.16}},"1111":{"baoji/1":{"name":"baoji/1","width":16,"height":135,"x":0.16}},"1211":{"baoji/1":{"name":"baoji/1","width":16,"height":135,"x":0.16}},"12111":{"baoji/1":{"name":"baoji/1","width":16,"height":135,"x":0.16}},"12112":{"baoji/1":{"name":"baoji/1","width":16,"height":135,"x":0.16}},"121121":{"baoji/1":{"name":"baoji/1","width":16,"height":135,"x":0.16}},"1211211":{"baoji/1":{"name":"baoji/1","width":16,"height":135,"x":0.16}},"12112111":{"baoji/1":{"name":"baoji/1","width":16,"height":135,"x":0.16}},"121121111":{"baoji/1":{"name":"baoji/1","width":16,"height":135,"x":0.16}}}},"animations":{"action":{"bones":{"1":{"translate":[{"time":0,"x":23.61,"y":-25.03},{"time":0.2917,"x":-21.49,"y":23.83},{"time":0.4584,"x":-58.54,"y":56.37}],"scale":[{"time":0,"x":0.73,"y":0.26},{"time":0.2917,"x":0.85,"y":1.81},{"time":0.4167,"x":0.85,"y":0.81},{"time":0.7917,"x":0.73,"y":1.81}]},"11":{"translate":[{"time":0,"x":-7.57,"y":3.87},{"time":0.2917,"x":31.07,"y":-27.32}],"scale":[{"time":0,"x":0.73,"y":0.26},{"time":0.2083,"x":0.85,"y":0.99},{"time":0.2916,"x":0.49,"y":0.53},{"time":0.7916,"x":0.73,"y":1.81}]},"12":{"translate":[{"time":0,"curve":"stepped"},{"time":0.125,"x":-7.75,"y":-25.03},{"time":0.4167,"x":-6.89,"y":53.63}],"scale":[{"time":0,"curve":"stepped","x":1,"y":1},{"time":0.125,"x":0.73,"y":0.26},{"time":0.3333,"x":2.58,"y":0.81},{"time":0.4166,"x":0.85,"y":0.92},{"time":0.7916,"x":0.73,"y":1.81}]},"111":{"translate":[{"time":0,"x":30.59,"y":25.67},{"time":0.2917,"x":-10.37,"y":-5.51}],"scale":[{"time":0,"x":0.73,"y":0.26},{"time":0.2083,"x":0.85,"y":0.99},{"time":0.2916,"x":0.49,"y":0.53},{"time":0.7916,"x":0.73,"y":1.81}]},"121":{"translate":[{"time":0,"curve":"stepped"},{"time":0.125,"x":-7.75,"y":26.06},{"time":0.4167,"x":-6.54,"y":-14.21}],"scale":[{"time":0,"curve":"stepped","x":1,"y":1},{"time":0.125,"x":0.73,"y":0.26},{"time":0.3333,"x":0.85,"y":1.81},{"time":0.4166,"x":0.85,"y":0.92},{"time":0.7916,"x":0.73,"y":1.81}]},"1111":{"translate":[{"time":0,"x":-18.11,"y":-13.41},{"time":0.2917,"x":32.18,"y":25.68}],"scale":[{"time":0,"x":0.73,"y":0.26},{"time":0.2083,"x":0.85,"y":0.99},{"time":0.2916,"x":0.49,"y":0.53},{"time":0.7916,"x":0.73,"y":1.81}]},"1211":{"translate":[{"time":0,"curve":"stepped"},{"time":0.2083,"x":0.25,"y":6.15},{"time":0.5,"x":-62.28,"y":-2.42}],"scale":[{"time":0,"curve":"stepped","x":1,"y":1},{"time":0.2083,"x":0.73,"y":0.26},{"time":0.4166,"x":0.85,"y":2.38},{"time":0.4999,"x":0.85,"y":1.35},{"time":0.7916,"x":0.73,"y":1.81}]},"12111":{"translate":[{"time":0,"curve":"stepped"},{"time":0.25,"x":0.25,"y":6.15},{"time":0.5417,"x":38.54,"y":5.68}],"scale":[{"time":0,"curve":"stepped","x":1,"y":1},{"time":0.25,"x":0.73,"y":0.26},{"time":0.4583,"x":0.85,"y":2.38},{"time":0.5416,"x":0.85,"y":1.35},{"time":0.7916,"x":0.73,"y":1.81}]},"12112":{"translate":[{"time":0,"curve":"stepped"},{"time":0.4167,"x":0.25,"y":6.15},{"time":0.7084,"x":-29.11,"y":58.21}],"scale":[{"time":0,"curve":"stepped","x":1,"y":1},{"time":0.4167,"x":0.73,"y":0.26},{"time":0.625,"x":0.85,"y":2.38},{"time":0.7083,"x":0.85,"y":1.35},{"time":0.7916,"x":0.73,"y":1.81}]},"121121":{"translate":[{"time":0,"curve":"stepped"},{"time":0.4167,"x":0.25,"y":6.15},{"time":0.7917,"x":25.02,"y":58.21}],"scale":[{"time":0,"curve":"stepped","x":1,"y":1},{"time":0.4167,"x":0.73,"y":0.26},{"time":0.625,"x":2.3,"y":1.79},{"time":0.7083,"x":0.85,"y":1.35},{"time":0.7916,"x":0.73,"y":1.81}]},"1211211":{"translate":[{"time":0,"curve":"stepped"},{"time":0.4167,"x":0.25,"y":6.15},{"time":0.7917,"x":50.11,"y":26.03}],"scale":[{"time":0,"curve":"stepped","x":1,"y":1},{"time":0.4167,"x":0.73,"y":0.26},{"time":0.625,"x":1.32,"y":1.62},{"time":0.7917,"x":0.73,"y":1.81}]},"12112111":{"translate":[{"time":0,"curve":"stepped"},{"time":0.4167,"x":13.24,"y":-8.21},{"time":0.7917,"x":-25.06,"y":36.52}],"scale":[{"time":0,"curve":"stepped","x":1,"y":1},{"time":0.4167,"x":0.73,"y":0.26},{"time":0.625,"x":1.09,"y":1.05},{"time":0.7917,"x":0.73,"y":1.81}]},"121121111":{"translate":[{"time":0,"curve":"stepped"},{"time":0.25,"x":5.7,"y":2.53},{"time":0.625,"x":-49.62,"y":14.82}],"scale":[{"time":0,"curve":"stepped","x":1,"y":1},{"time":0.25,"x":0.73,"y":0.26},{"time":0.4583,"x":1.09,"y":1.05},{"time":0.625,"x":0.73,"y":1.81}]}},"slots":{"1":{"attachment":[{"time":0,"name":"baoji/1"},{"time":0.4583,"name":""}],"color":[{"time":0,"color":"FFFFFF00"},{"time":0.125,"color":"47FF0FFF"},{"time":0.3333,"color":"FFFFFFFF"},{"time":0.4583,"color":"FFFFFF00"}]},"11":{"attachment":[{"time":0,"name":"baoji/1"},{"time":0.2917,"name":""}],"color":[{"time":0,"color":"FFFFFFFF"},{"time":0.2083,"color":"52FF00FF"},{"time":0.2916,"color":"FFFFFF00"}]},"12":{"attachment":[{"time":0,"name":""},{"time":0.125,"name":"baoji/1"},{"time":0.4167,"name":""}],"color":[{"time":0,"curve":"stepped","color":"FFFFFFFF"},{"time":0.3333,"color":"FFFFFFFF"},{"time":0.4166,"color":"FFFFFF00"}]},"111":{"attachment":[{"time":0,"name":"baoji/1"},{"time":0.2917,"name":""}],"color":[{"time":0,"color":"FFFFFFFF"},{"time":0.2083,"color":"FFFFFFFF"},{"time":0.2916,"color":"FFFFFF00"}]},"121":{"attachment":[{"time":0,"name":""},{"time":0.125,"name":"baoji/1"},{"time":0.4167,"name":""}],"color":[{"time":0,"curve":"stepped","color":"FFFFFFFF"},{"time":0.3333,"color":"FFFFFFFF"},{"time":0.4166,"color":"FFFFFF00"}]},"1111":{"attachment":[{"time":0,"name":"baoji/1"},{"time":0.2917,"name":""}],"color":[{"time":0,"color":"FFFFFFFF"},{"time":0.2083,"color":"FFFFFFFF"},{"time":0.2916,"color":"FFFFFF00"}]},"1211":{"attachment":[{"time":0,"name":""},{"time":0.2083,"name":"baoji/1"},{"time":0.5,"name":""}],"color":[{"time":0,"curve":"stepped","color":"FFFFFFFF"},{"time":0.4167,"color":"FFFFFFFF"},{"time":0.5,"color":"FFFFFF00"}]},"12111":{"attachment":[{"time":0,"name":""},{"time":0.25,"name":"baoji/1"},{"time":0.5417,"name":""}],"color":[{"time":0,"curve":"stepped","color":"FFFFFFFF"},{"time":0.25,"color":"FFFFFFFF"},{"time":0.4583,"color":"66FFE3FF"},{"time":0.5416,"color":"FFFFFF00"}]},"12112":{"attachment":[{"time":0,"name":""},{"time":0.4167,"name":"baoji/1"},{"time":0.7084,"name":""}],"color":[{"time":0,"curve":"stepped","color":"FFFFFFFF"},{"time":0.4167,"color":"FFFFFFFF"},{"time":0.625,"color":"FFE3C48F"},{"time":0.7083,"color":"FFFFFF00"}]},"121121":{"attachment":[{"time":0,"name":""},{"time":0.4167,"name":"baoji/1"},{"time":0.7084,"name":""}],"color":[{"time":0,"curve":"stepped","color":"FFFFFFFF"},{"time":0.4167,"color":"FFFFFFFF"},{"time":0.625,"color":"FFE3C48F"},{"time":0.7083,"color":"FFFFFF00"}]},"1211211":{"attachment":[{"time":0,"name":""},{"time":0.4167,"name":"baoji/1"},{"time":0.7917,"name":""}],"color":[{"time":0,"curve":"stepped","color":"FFFFFFFF"},{"time":0.4167,"color":"FFFFFFFF"},{"time":0.625,"color":"FFE3C48F"},{"time":0.7917,"color":"FFFFFF00"}]},"12112111":{"attachment":[{"time":0,"name":""},{"time":0.4167,"name":"baoji/1"},{"time":0.7084,"name":""}],"color":[{"time":0,"curve":"stepped","color":"FFFFFFFF"},{"time":0.4167,"color":"FFFFFFFF"},{"time":0.625,"color":"FFE3C48F"},{"time":0.7083,"color":"FFFFFF00"}]},"121121111":{"attachment":[{"time":0,"name":""},{"time":0.25,"name":"baoji/1"},{"time":0.5417,"name":""}],"color":[{"time":0,"curve":"stepped","color":"FFFFFFFF"},{"time":0.25,"color":"FFFFFFFF"},{"time":0.4583,"color":"FFE3C48F"},{"time":0.5416,"color":"FFFFFF00"}]}}}}},[0]]],0,0,[0],[-1],[0]]