{"paths":{"0":["获得金币",0],"1":["获得装备套装",0],"2":["闪避",0],"3":["普攻",0],"4":["技能冰",0],"5":["Ц",0],"6":["游戏失败",0],"7":["通用背景音乐",0],"8":["鄙视",0],"9":["海边场景音乐",0],"10":["战斗中选框放下时音效",0],"11":["技能反伤时触发",0],"12":["奸笑",0],"13":["恢复",0],"14":["闪电",0],"15":["游戏胜利",0],"16":["通用按钮声音",0],"17":["哭",0],"18":["宝箱开出钻石时",0],"19":["技能火球爆炸",0],"20":["玩家VS场景",0],"21":["点击宝箱时声音",0],"22":["技能吸血",0],"23":["释放护盾",0]},"types":["cc.AudioClip"],"uuids":["06EihvqJtEIYW5I/kIB8rl","07xlSFH5NJ9Lf3Z4tcT+1i","0843io7xhAWaXi1vTCxHsq","11FUMnSJpBI4c8tkENwFI3","22MQHkgphIcamtwz8PMvHp","25NIrOv91KF4whtZQQ94WV","2cR/qLSldF8IH7DqURKYgX","2cn+mtIoxExYzn6hEc0VeO","2ftOVBrlNCZLgMi5l/pWUW","35OkZwRx1Nr7LF1vx27swR","39qx1j2Y1PxKMj4GzV4s+D","42mneFnCROW4O4+pfG9f5N","68GqOp71BBX7ulIPKKsm9w","6bwZr+hmtH44b3drMwh/Zp","6c1a0iAjpMPqjy6qf+OYDO","86IIyYwBlFV4/HPJFocbYo","892/nutG9HqZRekjqmdRF4","938CbPiCtID6nkNO7fwBo1","9emzyitFVFE4BwPjq70q/7","9e+loMWeBN8K1ptE7Lngvh","a5973yNiVO8IqESZ+l+8XD","d14/N7G0lIIY9c+exw3LNJ","e4TbPqKz9Mu5etRJP8rVGw","f9vU/Rq5tAhrV/lWdc67eo"],"scenes":{},"redirect":[0,0,1,0,2,0,3,0,4,0,5,0,6,0,7,0,8,0,9,0,10,0,11,0,12,0,13,0,14,0,15,0,16,0,17,0,18,0,19,0,20,0,21,0,22,0,23,0],"deps":["main"],"packs":{},"name":"gameMusic","importBase":"import","nativeBase":"native","debug":false,"isZip":false,"encrypted":false,"versions":{"import":[],"native":[]}}