[1,["b5DONwNQdMebIjgrOye//h"],0,[["sp.SkeletonData",["_name","_atlasText","textureNames","_skeletonJson","textures"],-1,3]],[[0,0,1,2,3,4,5]],[[0,"book","\nbook.png\nsize: 133,108\nformat: RGBA8888\nfilter: Linear,Linear\nrepeat: none\ntujian/2\n  rotate: false\n  xy: 1, 1\n  size: 99, 105\n  orig: 99, 105\n  offset: 0, 0\n  index: -1\ntujian/1\n  rotate: false\n  xy: 102, 1\n  size: 29, 28\n  orig: 29, 28\n  offset: 0, 0\n  index: -1\n",["book.png"],{"skeleton":{"width":103.69,"height":105,"fps":24,"hash":" ","name":"Armaturetujian"},"bones":[{"name":"root"},{"x":1.1379,"y":-0.491,"name":"2","parent":"root"},{"x":-29.2206,"y":24.105,"scaleX":0.7433,"scaleY":0.7433,"name":"1","parent":"root"},{"x":38.0925,"y":11.0452,"scaleX":0.4249,"scaleY":0.4249,"name":"11","parent":"root"},{"x":2.1931,"y":7.2343,"scaleX":0.4249,"scaleY":0.4249,"name":"111","parent":"root"},{"x":4.0656,"y":38.0376,"scaleX":0.3221,"scaleY":0.3221,"name":"112","parent":"root"}],"slots":[{"name":"2","bone":"2","attachment":"tujian/2"},{"name":"1","bone":"1","blend":"additive","attachment":"tujian/1"},{"name":"11","bone":"11","attachment":"tujian/1"},{"name":"111","bone":"111","blend":"additive","attachment":"tujian/1"},{"name":"112","bone":"112","attachment":"tujian/1"}],"skins":{"default":{"1":{"tujian/1":{"name":"tujian/1","width":29,"height":28,"x":-0.27,"y":-0.3}},"2":{"tujian/2":{"name":"tujian/2","width":99,"height":105,"hull":9,"type":"mesh","triangles":[11,10,9,11,9,4,8,0,1,8,1,2,5,7,11,7,10,11,5,6,7,6,0,8,6,7,8,8,7,10,2,3,9,8,2,9,10,8,9],"uvs":[0.00051,0.51762,0.24495,1,0.44293,1,1,1,1,0.00095,0.21061,0,0.00051,0,0.22285,0.06199,0.13649,0.37532,1,0.05056,0.23699,0.27723,0.46932,0.00031],"edges":[0,2,2,4,4,6,6,18,8,18,8,22,10,12,10,22,12,0,14,16,16,4,16,18,20,22],"vertices":[-52.3,4.3,-28.1,-46.35,-8.5,-46.35,46.65,-46.35,46.65,58.55,-31.5,58.65,-52.3,58.65,-30.29,52.14,-38.84,19.24,46.65,53.34,-28.89,29.54,-5.89,58.62]}},"11":{"tujian/1":{"name":"tujian/1","width":29,"height":28,"x":-0.27,"y":-0.3}},"111":{"tujian/1":{"name":"tujian/1","width":29,"height":28,"x":-0.27,"y":-0.3}},"112":{"tujian/1":{"name":"tujian/1","width":29,"height":28,"x":-0.27,"y":-0.3}}}},"animations":{"action":{"bones":{"1":{"translate":[{"time":0},{"time":0.4583,"y":47.52}],"scale":[{"time":0,"x":0.72,"y":0.72},{"time":0.125,"x":0.79,"y":1.39},{"time":0.4583,"x":0.58,"y":0.62}]},"2":{"scale":[{"time":0,"x":1,"y":1,"curve":[0.5,0,0.5,1]},{"time":0.375,"x":0.96,"y":1,"curve":[0.5,0,0.5,1]},{"time":0.7917,"x":1,"y":1}]},"11":{"translate":[{"time":0,"curve":"stepped"},{"time":0.2917},{"time":0.75,"y":47.52}],"scale":[{"time":0,"curve":"stepped","x":1,"y":1},{"time":0.2917,"x":1,"y":1},{"time":0.4167,"x":1.39,"y":1.39},{"time":0.75,"x":0.58,"y":0.62}]},"111":{"translate":[{"time":0,"curve":"stepped"},{"time":0.25},{"time":0.4583,"y":18.28},{"time":0.7916,"y":72.82}],"scale":[{"time":0,"curve":"stepped","x":1,"y":1},{"time":0.25,"x":1,"y":1},{"time":0.375,"x":1.39,"y":2.02},{"time":0.7917,"x":0.58,"y":0.62}]},"112":{"translate":[{"time":0,"curve":"stepped"},{"time":0.0833},{"time":0.375,"y":35.74}],"scale":[{"time":0,"curve":"stepped","x":1,"y":1},{"time":0.0833,"x":1,"y":1},{"time":0.1666,"x":1.39,"y":1.39},{"time":0.3749,"x":0.58,"y":0.62}]}},"slots":{"1":{"color":[{"time":0,"color":"FFFFFF00"},{"time":0.0833,"color":"FFFFFFFF"},{"time":0.3333,"color":"FFF26EFF"},{"time":0.4583,"color":"FFFFFF00"}]},"11":{"attachment":[{"time":0,"name":""},{"time":0.2917,"name":"tujian/1"}],"color":[{"time":0,"curve":"stepped","color":"FFFFFFFF"},{"time":0.2917,"color":"FFFFFF00"},{"time":0.375,"color":"ABFFF7FF"},{"time":0.625,"color":"7DA8FFFF"},{"time":0.75,"color":"FFFFFF00"}]},"111":{"attachment":[{"time":0,"name":""},{"time":0.25,"name":"tujian/1"}],"color":[{"time":0,"curve":"stepped","color":"FFFFFFFF"},{"time":0.25,"color":"FFFFFF00"},{"time":0.375,"color":"FFE314FF"},{"time":0.5417,"color":"FFFFFFFF"},{"time":0.7917,"color":"FFFFFF00"}]},"112":{"attachment":[{"time":0,"name":""},{"time":0.0833,"name":"tujian/1"}],"color":[{"time":0,"curve":"stepped","color":"FFFFFFFF"},{"time":0.0833,"color":"FFFFFF00"},{"time":0.1666,"color":"E38FFFEB"},{"time":0.2916,"color":"CC7DFFFF"},{"time":0.3749,"color":"FFFFFF00"}]}},"deform":{"default":{"2":{"tujian/2":[{"time":0,"offset":7,"curve":[0.5,0,0.5,1],"vertices":[-1.05,0,0,0,0,-2.8,-3.7,0,0,0,0,0.25,-2.6]},{"time":0.375,"offset":4,"curve":[0.5,0,0.5,1],"vertices":[-0.5,-0.65,-2.9,2.65,0,0,5.65,0.2,5.6,-0.45,6.1,-0.25,0.5,-0.3,-3.85,1.8,0,0,11.85]},{"time":0.7917,"offset":7,"vertices":[-1.05,0,0,0,0,-2.8,-3.7,0,0,0,0,0.25,-2.6]}]}}}}}},[0]]],0,0,[0],[-1],[0]]