[1,["7ewygFM5hDlLhcx12Kl7fQ","72qbGDWutCuokMeAcIw+DL"],["spriteFrame","_textureSetter"],["cc.SpriteFrame",["cc.LabelAtlas",["_name","fontSize","_fntConfig"],0]],[[1,0,1,2,4]],[[[[0,"moge_num",24.64,{"commonHeight":28,"fontSize":24,"atlasName":"mogenum","fontDefDictionary":{"48":{"xOffset":0,"yOffset":0,"xAdvance":25,"rect":{"x":0,"y":0,"width":25,"height":28}},"49":{"xOffset":0,"yOffset":0,"xAdvance":25,"rect":{"x":25,"y":0,"width":25,"height":28}},"50":{"xOffset":0,"yOffset":0,"xAdvance":25,"rect":{"x":50,"y":0,"width":25,"height":28}},"51":{"xOffset":0,"yOffset":0,"xAdvance":25,"rect":{"x":75,"y":0,"width":25,"height":28}},"52":{"xOffset":0,"yOffset":0,"xAdvance":25,"rect":{"x":100,"y":0,"width":25,"height":28}},"53":{"xOffset":0,"yOffset":0,"xAdvance":25,"rect":{"x":125,"y":0,"width":25,"height":28}},"54":{"xOffset":0,"yOffset":0,"xAdvance":25,"rect":{"x":150,"y":0,"width":25,"height":28}},"55":{"xOffset":0,"yOffset":0,"xAdvance":25,"rect":{"x":175,"y":0,"width":25,"height":28}},"56":{"xOffset":0,"yOffset":0,"xAdvance":25,"rect":{"x":200,"y":0,"width":25,"height":28}},"57":{"xOffset":0,"yOffset":0,"xAdvance":25,"rect":{"x":225,"y":0,"width":25,"height":28}}},"kerningDict":{}}]],0,0,[0],[0],[0]],[[{"name":"mogenum","rect":[1,0,248,28],"offset":[0,0],"originalSize":[250,28],"capInsets":[0,0,0,0]}],[0],0,[0],[1],[1]]]]