[1,["6eLPgroTdEka18Us0ewHdl"],0,[["sp.SkeletonData",["_name","_atlasText","textureNames","_skeletonJson","textures"],-1,3]],[[0,0,1,2,3,4,5]],[[0,"prop_001i","\r\nprop_001i.png\r\nsize: 128,64\r\nformat: RGBA8888\r\nfilter: Linear,Linear\r\nrepeat: none\r\nadd\r\n  rotate: false\r\n  xy: 2, 16\r\n  size: 46, 46\r\n  orig: 46, 46\r\n  offset: 0, 0\r\n  index: -1\r\nprop_001i\r\n  rotate: false\r\n  xy: 50, 16\r\n  size: 46, 46\r\n  orig: 46, 46\r\n  offset: 0, 0\r\n  index: -1\r\nwhite\r\n  rotate: true\r\n  xy: 2, 2\r\n  size: 12, 66\r\n  orig: 12, 66\r\n  offset: 0, 0\r\n  index: -1\r\n",["prop_001i.png"],{"skeleton":{"hash":"7rV/BVNIoUMWDLDogR6Lv3ANDPU","spine":"3.6.53","width":76.39,"height":76.88,"images":""},"bones":[{"name":"root"},{"name":"bone","parent":"root","rotation":36.72,"x":-28.85,"y":-23.84}],"slots":[{"name":"prop_001i","bone":"root","attachment":"prop_001i"},{"name":"1","bone":"root","attachment":"1"},{"name":"add","bone":"root","color":"ffffff00","attachment":"add","blend":"additive"},{"name":"white","bone":"bone","color":"ffffff9f","attachment":"white","blend":"additive"}],"skins":{"default":{"1":{"1":{"type":"clipping","end":"1","vertexCount":31,"color":"ce3a3aff","vertices":[-23.13,9.84,-23.07,18.73,-21.76,20.38,-20.62,21.52,-19.54,22.09,-10.99,22.09,-10.93,20.1,6.57,20.27,6.57,21.87,15.69,21.98,17.57,20.78,18.65,19.47,19.22,18.16,19.34,9.84,17,9.73,17.4,-7.43,19.39,-7.66,19.34,-16.32,18.2,-17.58,17.11,-18.89,15.58,-20.09,6.97,-20.31,6.8,-17.98,-10.37,-18.07,-10.43,-20.27,-18.73,-20.32,-21.32,-18.67,-23.02,-17.19,-23.13,-7.78,-21.15,-7.56,-21.21,9.82]}},"add":{"add":{"width":46,"height":46}},"prop_001i":{"prop_001i":{"width":46,"height":46}},"white":{"white":{"width":12,"height":66}}}},"animations":{"prop_001i":{"slots":{"add":{"color":[{"time":0.5,"color":"ffffff00"},{"time":0.7333,"color":"ffffffad"},{"time":1,"color":"ffffff00"}]},"prop_001i":{"color":[{"time":3,"color":"ffffff00"}],"attachment":[{"time":0,"name":null}]},"white":{"color":[{"time":0,"color":"ffffff67"},{"time":0.1667,"color":"ffffffa8","curve":"stepped"},{"time":0.3333,"color":"ffffffa8"},{"time":0.5,"color":"ffffff67"}]}},"bones":{"bone":{"translate":[{"time":0,"x":0,"y":0},{"time":0.4667,"x":55.78,"y":49.65},{"time":0.5,"x":59.77,"y":-40.92}]}}}}},[0]]],0,0,[0],[-1],[0]]