[1,["a4HCfXTnJCaIj6HdvE/1az"],0,[["sp.SkeletonData",["_name","_atlasText","textureNames","_skeletonJson","textures"],-1,3]],[[0,0,1,2,3,4,5]],[[0,"xixue","\nxixue.png\nsize: 251,213\nformat: RGBA8888\nfilter: Linear,Linear\nrepeat: none\nxixue/weiba\n  rotate: false\n  xy: 136, 100\n  size: 113, 34\n  orig: 113, 34\n  offset: 0, 0\n  index: -1\nxixue/hp\n  rotate: false\n  xy: 136, 162\n  size: 48, 48\n  orig: 48, 48\n  offset: 0, 0\n  index: -1\nxixue/xuedian\n  rotate: false\n  xy: 156, 1\n  size: 87, 88\n  orig: 87, 88\n  offset: 0, 0\n  index: -1\nxixue/yuguang\n  rotate: false\n  xy: 136, 136\n  size: 111, 24\n  orig: 111, 24\n  offset: 0, 0\n  index: -1\nxixue/xiayachi\n  rotate: false\n  xy: 1, 1\n  size: 153, 97\n  orig: 153, 97\n  offset: 0, 0\n  index: -1\nxixue/shangyachi\n  rotate: false\n  xy: 1, 100\n  size: 133, 111\n  orig: 133, 111\n  offset: 0, 0\n  index: -1\n",["xixue.png"],{"skeleton":{"fps":24,"hash":" ","name":"Armaturexixue"},"bones":[{"x":-152.2944,"y":-99.9144,"name":"root"},{"x":136.1424,"y":135.5144,"name":"yuguang","parent":"root"},{"x":123.5043,"y":166.3118,"name":"weiba","parent":"root"},{"x":-152.3171,"y":149.9833,"name":"xuedian","parent":"root"},{"x":151.9444,"y":250.5644,"name":"shangyachi","parent":"root"},{"x":-158.8056,"y":154.6144,"name":"hp","parent":"root"},{"x":149.6944,"y":92.8644,"name":"xiayachi","parent":"root"},{"x":123.5043,"y":135.6258,"scaleX":0.733,"scaleY":0.733,"name":"weiba1","parent":"root"},{"x":123.5043,"y":158.5994,"scaleX":0.733,"scaleY":0.733,"name":"weiba11","parent":"root"},{"x":134.8652,"y":160.3032,"name":"yuguang1","parent":"root"},{"x":214.6384,"y":152.0645,"name":"yuguang11","parent":"root"},{"x":-138.3323,"y":124.3445,"name":"xuedian1","parent":"root"},{"x":-181.0442,"y":159.3648,"name":"xuedian11","parent":"root"},{"x":-140.1066,"y":156.6356,"name":"xuedian111","parent":"root"},{"x":-181.0442,"y":159.3648,"name":"xuedian112","parent":"root"},{"x":-157.3418,"y":116.6491,"name":"xuedian1121","parent":"root"},{"x":-181.7508,"y":135.9193,"name":"xuedian11211","parent":"root"}],"slots":[{"name":"weiba","bone":"weiba"},{"name":"weiba1","bone":"weiba1"},{"name":"weiba11","bone":"weiba11"},{"name":"hp","bone":"hp"},{"name":"xuedian","bone":"xuedian","blend":"additive"},{"name":"yuguang","bone":"yuguang","blend":"additive"},{"name":"xiayachi","bone":"xiayachi"},{"name":"shangyachi","bone":"shangyachi"},{"name":"yuguang1","bone":"yuguang1","blend":"additive"},{"name":"xuedian111","bone":"xuedian111","blend":"additive"},{"name":"yuguang11","bone":"yuguang11","blend":"additive"},{"name":"xuedian1","bone":"xuedian1","blend":"additive"},{"name":"xuedian11","bone":"xuedian11","blend":"additive"},{"name":"xuedian112","bone":"xuedian112","blend":"additive"},{"name":"xuedian1121","bone":"xuedian1121","blend":"additive"},{"name":"xuedian11211","bone":"xuedian11211","blend":"additive"}],"skins":{"default":{"hp":{"xixue/hp":{"name":"xixue/hp","width":48,"height":48,"x":-0.19,"y":-0.11}},"xuedian112":{"xixue/xuedian":{"name":"xixue/xuedian","width":87,"height":88,"x":0.36,"y":-0.01}},"xiayachi":{"xixue/xiayachi":{"name":"xixue/xiayachi","width":153,"height":97,"x":-0.19,"y":6.14}},"xuedian":{"xixue/xuedian":{"name":"xixue/xuedian","width":87,"height":88,"x":0.36,"y":-0.01}},"xuedian111":{"xixue/xuedian":{"name":"xixue/xuedian","width":87,"height":88,"x":0.36,"y":-0.01}},"xuedian11":{"xixue/xuedian":{"name":"xixue/xuedian","width":87,"height":88,"x":0.36,"y":-0.01}},"weiba1":{"xixue/weiba":{"name":"xixue/weiba","width":113,"height":34,"x":36.01,"y":-0.66}},"weiba":{"xixue/weiba":{"name":"xixue/weiba","width":113,"height":34,"x":36.01,"y":-0.66}},"yuguang11":{"xixue/yuguang":{"name":"xixue/yuguang","width":111,"height":24,"x":9.71,"y":-0.01}},"shangyachi":{"xixue/shangyachi":{"name":"xixue/shangyachi","width":133,"height":111,"x":-2.44,"y":20.44}},"xuedian11211":{"xixue/xuedian":{"name":"xixue/xuedian","width":87,"height":88,"x":0.36,"y":-0.01}},"xuedian1":{"xixue/xuedian":{"name":"xixue/xuedian","width":87,"height":88,"x":0.36,"y":-0.01}},"xuedian1121":{"xixue/xuedian":{"name":"xixue/xuedian","width":87,"height":88,"x":0.36,"y":-0.01}},"yuguang":{"xixue/yuguang":{"name":"xixue/yuguang","width":111,"height":24,"x":9.71,"y":-0.01}},"weiba11":{"xixue/weiba":{"name":"xixue/weiba","width":113,"height":34,"x":36.01,"y":-0.66}},"yuguang1":{"xixue/yuguang":{"name":"xixue/yuguang","width":111,"height":24,"x":9.71,"y":-0.01}}}},"animations":{"action":{"bones":{"yuguang":{"translate":[{"time":0,"curve":"stepped"},{"time":0.3333},{"time":0.4166,"x":-146.82,"y":32.38},{"time":0.4999,"x":-220.22,"y":1.74},{"time":0.5832,"x":-293.63}],"rotate":[{"time":0,"curve":"stepped","angle":0},{"time":0.3333,"angle":0},{"time":0.5833,"angle":-7.32}],"scale":[{"time":0,"curve":"stepped","x":1,"y":1},{"time":0.3333,"x":1,"y":1},{"time":0.5833,"x":0.29,"y":1}],"shear":[{"time":0,"curve":"stepped"},{"time":0.3333},{"time":0.5833}]},"weiba":{"translate":[{"time":0,"curve":"stepped"},{"time":0.25,"y":37.32},{"time":0.3333,"x":-110.49,"y":123.58},{"time":0.4583,"x":-202.96,"y":8.25},{"time":0.5833,"x":-306.61}],"rotate":[{"time":0,"curve":"stepped","angle":0},{"time":0.25,"angle":-25.12},{"time":0.3333,"angle":-23.67},{"time":0.4166,"angle":30.07},{"time":0.4583,"angle":10.73},{"time":0.5416,"angle":9.15},{"time":0.5833,"angle":16.61}],"scale":[{"time":0,"curve":"stepped","x":1,"y":1},{"time":0.25,"x":1,"y":1},{"time":0.4167,"x":0.86,"y":1.51},{"time":0.4584,"x":0.74,"y":1.64},{"time":0.5834,"x":0.79,"y":1.9}],"shear":[{"time":0,"curve":"stepped"},{"time":0.25},{"time":0.3333},{"time":0.4166},{"time":0.4583},{"time":0.5416},{"time":0.5833}]},"xuedian":{"translate":[{"time":0,"curve":"stepped"},{"time":0.4167,"x":0.16,"y":-11.92}],"scale":[{"time":0,"curve":"stepped","x":1,"y":1},{"time":0.4167,"x":0.79,"y":0.79},{"time":0.5834,"x":2.05,"y":2.05}]},"shangyachi":{"translate":[{"time":0,"curve":"stepped"},{"time":0.0417,"y":54.2},{"time":0.1667,"y":-11.63},{"time":0.25,"y":-96.89}],"scale":[{"time":0,"curve":"stepped","x":1,"y":1},{"time":0.0417,"x":1,"y":1.29},{"time":0.25,"x":1.36,"y":1.36},{"time":0.375,"x":1.15,"y":0.62}]},"xiayachi":{"translate":[{"time":0,"curve":"stepped"},{"time":0.0417,"y":-10.09},{"time":0.1667,"y":-5.36},{"time":0.25,"y":47.34}],"scale":[{"time":0,"curve":"stepped","x":1,"y":1},{"time":0.0417,"x":1,"y":1.29},{"time":0.25,"x":1.44,"y":1.44},{"time":0.375,"x":1.24,"y":0.8}]},"hp":{"translate":[{"time":0,"curve":"stepped"},{"time":0.4583},{"time":0.5833,"x":1.18,"y":-13.65},{"time":0.75,"x":2.75,"y":15.41}],"scale":[{"time":0,"curve":"stepped","x":1,"y":1},{"time":0.4583,"x":1,"y":1},{"time":0.75,"x":3.19,"y":3.19}]},"weiba1":{"translate":[{"time":0,"curve":"stepped"},{"time":0.375},{"time":0.5,"x":-118.38,"y":-68.12},{"time":0.625,"x":-213.08,"y":24.54},{"time":0.7083,"x":-283.82,"y":-6.06}],"rotate":[{"time":0,"curve":"stepped","angle":0},{"time":0.375,"angle":11.23},{"time":0.4583,"angle":16.63},{"time":0.5416,"angle":-6.73},{"time":0.5833,"angle":-17.75},{"time":0.7083,"angle":-12.49}],"scale":[{"time":0,"curve":"stepped","x":1,"y":1},{"time":0.375,"x":1,"y":1},{"time":0.5833,"x":1.64,"y":1.64},{"time":0.7083,"x":0.79,"y":1.9}],"shear":[{"time":0,"curve":"stepped"},{"time":0.375},{"time":0.4583},{"time":0.5416},{"time":0.5833},{"time":0.7083}]},"weiba11":{"translate":[{"time":0,"curve":"stepped"},{"time":0.3333},{"time":0.4583,"x":-74.28,"y":15.16},{"time":0.6666,"x":-283.75,"y":-15.53},{"time":0.7083,"x":-244.72,"y":-21.67}],"scale":[{"time":0,"curve":"stepped","x":1,"y":1},{"time":0.3333,"x":1,"y":1},{"time":0.5416,"x":1.64,"y":1.64},{"time":0.6666,"x":0.79,"y":1.9}]},"yuguang1":{"translate":[{"time":0,"curve":"stepped"},{"time":0.2917,"y":20.9},{"time":0.4167,"x":-146.82,"y":93.92},{"time":0.5417,"x":-220.22,"y":1.74},{"time":0.75,"x":-293.63}],"rotate":[{"time":0,"curve":"stepped","angle":0},{"time":0.2917,"angle":0},{"time":0.4167,"angle":-8.41},{"time":0.5417,"angle":8.34},{"time":0.75,"angle":-1.63}],"scale":[{"time":0,"curve":"stepped","x":1,"y":1},{"time":0.2917,"x":0.25,"y":0.25},{"time":0.75,"x":0.18,"y":0.6}],"shear":[{"time":0,"curve":"stepped"},{"time":0.2917},{"time":0.4167},{"time":0.5417},{"time":0.75}]},"yuguang11":{"translate":[{"time":0,"curve":"stepped"},{"time":0.2917,"y":72.63},{"time":0.4167,"x":-38.01,"y":175.43},{"time":0.5,"x":-175.64,"y":144.69},{"time":0.625,"x":-270.91,"y":81.91},{"time":0.75,"x":-357.27}],"rotate":[{"time":0,"curve":"stepped","angle":0},{"time":0.2917,"angle":-25.38},{"time":0.4167,"angle":-37.56},{"time":0.5,"angle":14.86},{"time":0.625,"angle":22.37},{"time":0.75,"angle":-1.63}],"scale":[{"time":0,"curve":"stepped","x":1,"y":1},{"time":0.2917,"x":0.58,"y":1.06},{"time":0.5,"x":0.83,"y":0.41},{"time":0.75,"x":0.18,"y":0.6}],"shear":[{"time":0,"curve":"stepped"},{"time":0.2917},{"time":0.4167},{"time":0.5},{"time":0.625},{"time":0.75}]},"xuedian1":{"translate":[{"time":0,"curve":"stepped"},{"time":0.5,"x":0.16,"y":-11.92},{"time":0.6667,"x":23.53,"y":-27.54}],"scale":[{"time":0,"curve":"stepped","x":1,"y":1},{"time":0.5,"x":0.55,"y":0.55},{"time":0.6667,"x":2.05,"y":2.05}]},"xuedian11":{"translate":[{"time":0,"curve":"stepped"},{"time":0.5417,"x":0.16,"y":-11.92},{"time":0.75,"x":-27.58,"y":-11.92}],"scale":[{"time":0,"curve":"stepped","x":1,"y":1},{"time":0.5417,"x":0.55,"y":0.55},{"time":0.75,"x":2.31,"y":2.31}]},"xuedian111":{"translate":[{"time":0,"curve":"stepped"},{"time":0.375,"x":0.16,"y":-11.92},{"time":0.625,"x":0.16,"y":7.19}],"scale":[{"time":0,"curve":"stepped","x":1,"y":1},{"time":0.375,"x":0.55,"y":0.55},{"time":0.625,"x":1.95,"y":1.95}]},"xuedian112":{"translate":[{"time":0,"curve":"stepped"},{"time":0.3333,"x":29.07,"y":-24.11},{"time":0.5416,"x":29.07,"y":22.94},{"time":0.7499,"x":29.07,"y":61.93}],"scale":[{"time":0,"curve":"stepped","x":1,"y":1},{"time":0.3333,"x":0.55,"y":0.55},{"time":0.5416,"x":3.08,"y":3.08},{"time":0.6666,"x":3.1,"y":3.1},{"time":0.7499,"x":1.93,"y":3.12}]},"xuedian1121":{"translate":[{"time":0,"curve":"stepped"},{"time":0.3333,"x":29.07,"y":-24.11},{"time":0.5416,"x":29.07,"y":10.24},{"time":0.7499,"x":29.07,"y":45.42}],"scale":[{"time":0,"curve":"stepped","x":1,"y":1},{"time":0.3333,"x":0.55,"y":0.55},{"time":0.5416,"x":0.66,"y":2.05},{"time":0.6666,"x":3.1,"y":3.1},{"time":0.7499,"x":1.93,"y":3.12}]},"xuedian11211":{"translate":[{"time":0,"curve":"stepped"},{"time":0.3333,"x":-5.62,"y":-24.11},{"time":0.5416,"x":-5.62,"y":10.24},{"time":0.7499,"x":-12.04,"y":91.6}],"scale":[{"time":0,"curve":"stepped","x":1,"y":1},{"time":0.3333,"x":0.44,"y":0.79},{"time":0.5416,"x":0.39,"y":2.05},{"time":0.6666,"x":0.39,"y":3.1},{"time":0.7499,"x":1.93,"y":3.12}]}},"slots":{"xiayachi":{"attachment":[{"time":0,"name":""},{"time":0.0417,"name":"xixue/xiayachi"},{"time":0.75,"name":""}],"color":[{"time":0,"curve":"stepped","color":"FFFFFFFF"},{"time":0.0417,"color":"FFFFFF00"},{"time":0.25,"color":"FFFFFFFF"},{"time":0.5,"color":"FFFFFF00"}]},"shangyachi":{"attachment":[{"time":0,"name":""},{"time":0.0417,"name":"xixue/shangyachi"}],"color":[{"time":0,"curve":"stepped","color":"FFFFFFFF"},{"time":0.0417,"color":"FFFFFF00"},{"time":0.25,"color":"FFFFFFFF"},{"time":0.5,"color":"FFFFFF00"}]},"hp":{"attachment":[{"time":0,"name":""},{"time":0.4583,"name":"xixue/hp"}],"color":[{"time":0,"curve":"stepped","color":"FFFFFFFF"},{"time":0.6667,"color":"FFFFFFFF"},{"time":0.75,"color":"FFFFFF00"}]},"xuedian":{"attachment":[{"time":0,"name":""},{"time":0.4167,"name":"xixue/xuedian"}],"color":[{"time":0,"curve":"stepped","color":"FFFFFFFF"},{"time":0.4167,"color":"FFFFFFFF"},{"time":0.5834,"color":"FFFFFF00"}]},"yuguang":{"attachment":[{"time":0,"name":""},{"time":0.3333,"name":"xixue/yuguang"}],"color":[{"time":0,"curve":"stepped","color":"FFFFFFFF"},{"time":0.5,"color":"FFFFFFFF"},{"time":0.5833,"color":"FFFFFF00"}]},"weiba":{"attachment":[{"time":0,"name":""},{"time":0.25,"name":"xixue/weiba"}],"color":[{"time":0,"curve":"stepped","color":"FFFFFFFF"},{"time":0.25,"color":"FFFFFF30"},{"time":0.375,"color":"FFFFFFD9"},{"time":0.4583,"color":"FFFFFF61"},{"time":0.5833,"color":"FFFFFF00"}]},"weiba1":{"attachment":[{"time":0,"name":""},{"time":0.375,"name":"xixue/weiba"}],"color":[{"time":0,"curve":"stepped","color":"FFFFFFFF"},{"time":0.375,"color":"FFFFFFFF"},{"time":0.5,"color":"FFFFFF5E"},{"time":0.7083,"color":"FFFFFF00"}]},"weiba11":{"attachment":[{"time":0,"name":""},{"time":0.3333,"name":"xixue/weiba"}],"color":[{"time":0,"curve":"stepped","color":"FFFFFFFF"},{"time":0.3333,"color":"FFFFFFFF"},{"time":0.4583,"color":"FFFFFF5E"},{"time":0.6666,"color":"FFFFFF00"}]},"yuguang1":{"attachment":[{"time":0,"name":""},{"time":0.2917,"name":"xixue/yuguang"}],"color":[{"time":0,"curve":"stepped","color":"FFFFFFFF"},{"time":0.5,"color":"FFFFFFFF"},{"time":0.75,"color":"FFFFFF00"}]},"yuguang11":{"attachment":[{"time":0,"name":""},{"time":0.2917,"name":"xixue/yuguang"}],"color":[{"time":0,"curve":"stepped","color":"FFFFFFFF"},{"time":0.2917,"color":"FFFFFFFF"},{"time":0.5,"color":"FF0F0FFF"},{"time":0.75,"color":"FFFFFF00"}]},"xuedian1":{"attachment":[{"time":0,"name":""},{"time":0.5,"name":"xixue/xuedian"}],"color":[{"time":0,"curve":"stepped","color":"FFFFFFFF"},{"time":0.5,"color":"FFFFFFFF"},{"time":0.6667,"color":"FFFFFF00"}]},"xuedian11":{"attachment":[{"time":0,"name":""},{"time":0.5417,"name":"xixue/xuedian"}],"color":[{"time":0,"curve":"stepped","color":"FFFFFFFF"},{"time":0.5417,"color":"FFFFFFFF"},{"time":0.75,"color":"FFFFFF00"}]},"xuedian111":{"attachment":[{"time":0,"name":""},{"time":0.375,"name":"xixue/xuedian"}],"color":[{"time":0,"curve":"stepped","color":"FFFFFFFF"},{"time":0.375,"color":"FFFFFF00"},{"time":0.4583,"color":"FFFFFFFF"},{"time":0.625,"color":"FFFFFF00"}]},"xuedian112":{"attachment":[{"time":0,"name":""},{"time":0.3333,"name":"xixue/xuedian"}],"color":[{"time":0,"curve":"stepped","color":"FFFFFFFF"},{"time":0.3333,"color":"FFFFFF00"},{"time":0.4583,"color":"FFFFFFFF"},{"time":0.75,"color":"FFFFFF00"}]},"xuedian1121":{"attachment":[{"time":0,"name":""},{"time":0.3333,"name":"xixue/xuedian"}],"color":[{"time":0,"curve":"stepped","color":"FFFFFFFF"},{"time":0.3333,"color":"FFFFFF00"},{"time":0.4583,"color":"FFFFFFFF"},{"time":0.5416,"color":"FFFFFFFF"},{"time":0.7499,"color":"FFFFFF00"}]},"xuedian11211":{"attachment":[{"time":0,"name":""},{"time":0.3333,"name":"xixue/xuedian"}],"color":[{"time":0,"curve":"stepped","color":"FFFFFFFF"},{"time":0.3333,"color":"FFFFFF00"},{"time":0.4583,"color":"FFFFFFFF"},{"time":0.5416,"color":"FFFFFFFF"},{"time":0.7499,"color":"FFFFFF00"}]}}}}},[0]]],0,0,[0],[-1],[0]]