[1,["aaREIgbfJAIqIPJb25+60G"],0,[["sp.SkeletonData",["_name","_atlasText","textureNames","_skeletonJson","textures"],-1,3]],[[0,0,1,2,3,4,5]],[[0,"shandian","\nshandian.png\nsize: 512,512\nformat: RGBA8888\nfilter: Linear,Linear\nrepeat: none\nshandian/dimian\n  rotate: false\n  xy: 286, 414\n  size: 138, 45\n  orig: 138, 45\n  offset: 0, 0\n  index: -1\nshandian/fangkuai\n  rotate: false\n  xy: 166, 407\n  size: 3, 3\n  orig: 3, 3\n  offset: 0, 0\n  index: -1\nshandian/7\n  rotate: false\n  xy: 196, 1\n  size: 133, 183\n  orig: 133, 183\n  offset: 0, 0\n  index: -1\nshandian/3\n  rotate: false\n  xy: 426, 317\n  size: 54, 83\n  orig: 54, 83\n  offset: 0, 0\n  index: -1\nshandian/4\n  rotate: false\n  xy: 1, 193\n  size: 72, 244\n  orig: 72, 244\n  offset: 0, 0\n  index: -1\nshandian/6\n  rotate: false\n  xy: 196, 186\n  size: 81, 226\n  orig: 81, 226\n  offset: 0, 0\n  index: -1\nshandian/2\n  rotate: false\n  xy: 75, 299\n  size: 94, 106\n  orig: 94, 106\n  offset: 0, 0\n  index: -1\nshandian/1\n  rotate: false\n  xy: 1, 1\n  size: 193, 190\n  orig: 193, 190\n  offset: 0, 0\n  index: -1\nshandian/caiseguang\n  rotate: false\n  xy: 331, 1\n  size: 145, 153\n  orig: 145, 153\n  offset: 0, 0\n  index: -1\nshandian/tx_shifa_diandian\n  rotate: false\n  xy: 75, 193\n  size: 108, 104\n  orig: 108, 104\n  offset: 0, 0\n  index: -1\nshandian/guang\n  rotate: false\n  xy: 331, 156\n  size: 126, 159\n  orig: 126, 159\n  offset: 0, 0\n  index: -1\nshandian/guanghuan\n  rotate: false\n  xy: 75, 407\n  size: 89, 89\n  orig: 89, 89\n  offset: 0, 0\n  index: -1\nshandian/shitou\n  rotate: false\n  xy: 171, 299\n  size: 20, 16\n  orig: 20, 16\n  offset: 0, 0\n  index: -1\nshandian/5kuoda\n  rotate: false\n  xy: 166, 414\n  size: 118, 58\n  orig: 118, 58\n  offset: 0, 0\n  index: -1\n",["shandian.png"],{"skeleton":{"fps":24,"hash":" ","name":"Armatureshandian"},"bones":[{"x":14.4461,"y":-8.6677,"name":"root"},{"x":-6.5961,"y":149.1677,"name":"3","parent":"root"},{"x":91.0539,"y":14.2177,"name":"shitou","parent":"root"},{"x":-192.2961,"y":372.0677,"name":"caiseguang","parent":"root"},{"x":-18.2961,"y":371.2677,"name":"guanghuan","parent":"root"},{"x":-15.941,"y":317.6299,"name":"2","parent":"root"},{"x":-14.4462,"y":318.501,"name":"1","parent":"root"},{"x":-4.7908,"y":-2.7323,"name":"dimian","parent":"root"},{"x":-6.4905,"y":20.9197,"name":"5kuoda","parent":"root"},{"x":-172.3461,"y":91.2177,"name":"fangkuai","parent":"root"},{"x":-159.0991,"y":1.9919,"name":"guang","parent":"root"},{"x":127.9539,"y":162.1677,"name":"tx_shifa_diandian","parent":"root"},{"x":-100.1169,"y":14.2177,"name":"shitou1","parent":"root"},{"x":-172.3461,"y":91.2177,"name":"fangkuai1","parent":"root"},{"x":-138.729,"y":91.2177,"name":"fangkuai11","parent":"root"},{"x":-6.4905,"y":20.9197,"scaleX":0.6122,"scaleY":0.6122,"name":"5kuoda1","parent":"root"},{"x":-6.5961,"y":149.1677,"name":"31","parent":"root"},{"x":91.0539,"y":14.2177,"name":"shitou2","parent":"root"},{"x":-4.7908,"y":-2.7323,"name":"dimian1","parent":"root"}],"slots":[{"name":"dimian","bone":"dimian"},{"name":"fangkuai","bone":"fangkuai","blend":"additive"},{"name":"3","bone":"3"},{"name":"2","bone":"2","blend":"additive"},{"name":"1","bone":"1","blend":"additive"},{"name":"caiseguang","bone":"caiseguang","blend":"additive"},{"name":"tx_shifa_diandian","bone":"tx_shifa_diandian","blend":"additive"},{"name":"guang","bone":"guang","blend":"additive"},{"name":"guanghuan","bone":"guanghuan","blend":"additive"},{"name":"shitou","bone":"shitou"},{"name":"5kuoda","bone":"5kuoda","blend":"additive"},{"name":"shitou1","bone":"shitou1"},{"name":"fangkuai1","bone":"fangkuai1","blend":"additive"},{"name":"fangkuai11","bone":"fangkuai11","blend":"additive"},{"name":"5kuoda1","bone":"5kuoda1"},{"name":"31","bone":"31","blend":"additive"},{"name":"shitou2","bone":"shitou2"},{"name":"dimian1","bone":"dimian1"}],"skins":{"default":{"1":{"shandian/1":{"name":"shandian/1","width":193,"height":190,"x":-12.28,"y":-5.39}},"2":{"shandian/2":{"name":"shandian/2","width":94,"height":106,"x":-4.36,"y":-18.56}},"3":{"shandian/3":{"name":"shandian/3","width":54,"height":83,"x":-4.21,"y":33.14},"shandian/4":{"name":"shandian/4","width":72,"height":244,"x":-10.21,"y":-40.36},"shandian/6":{"name":"shandian/6","width":81,"height":226,"x":5.29,"y":-47.36},"shandian/7":{"name":"shandian/7","width":133,"height":183,"x":1.29,"y":-62.86}},"31":{"shandian/3":{"name":"shandian/3","width":54,"height":83,"x":-4.21,"y":33.14},"shandian/4":{"name":"shandian/4","width":72,"height":244,"x":-10.21,"y":-40.36},"shandian/6":{"name":"shandian/6","width":81,"height":226,"x":5.29,"y":-47.36},"shandian/7":{"name":"shandian/7","width":133,"height":183,"x":1.29,"y":-62.86}},"shitou1":{"shandian/shitou":{"name":"shandian/shitou","width":20,"height":16,"x":1.23,"y":2.59}},"fangkuai11":{"shandian/fangkuai":{"name":"shandian/fangkuai","width":3,"height":3,"x":0.41,"y":0.09}},"tx_shifa_diandian":{"shandian/tx_shifa_diandian":{"name":"shandian/tx_shifa_diandian","width":108,"height":104,"x":-1.07,"y":0.46}},"guanghuan":{"shandian/guanghuan":{"name":"shandian/guanghuan","width":89,"height":89,"x":-0.01,"y":0.04}},"dimian":{"shandian/dimian":{"name":"shandian/dimian","width":138,"height":45,"x":-5.54,"y":-2.96}},"dimian1":{"shandian/dimian":{"name":"shandian/dimian","width":138,"height":45,"x":-5.54,"y":-2.96}},"5kuoda":{"shandian/5kuoda":{"name":"shandian/5kuoda","width":118,"height":58,"x":-0.62,"y":3.44}},"fangkuai1":{"shandian/fangkuai":{"name":"shandian/fangkuai","width":3,"height":3,"x":0.41,"y":0.09}},"caiseguang":{"shandian/caiseguang":{"name":"shandian/caiseguang","width":145,"height":153,"x":2.28,"y":-0.76}},"5kuoda1":{"shandian/5kuoda":{"name":"shandian/5kuoda","width":118,"height":58,"x":-0.62,"y":3.44}},"guang":{"shandian/guang":{"name":"shandian/guang","width":126,"height":159,"x":1.67,"y":53.94}},"shitou2":{"shandian/shitou":{"name":"shandian/shitou","width":20,"height":16,"x":1.23,"y":2.59}},"shitou":{"shandian/shitou":{"name":"shandian/shitou","width":20,"height":16,"x":1.23,"y":2.59}},"fangkuai":{"shandian/fangkuai":{"name":"shandian/fangkuai","width":3,"height":3,"x":0.41,"y":0.09}}}},"animations":{"animation":{"bones":{"1":{"translate":[{"time":0,"x":-150.95},{"time":0.2083,"y":51.21}],"rotate":[{"time":0,"curve":"stepped","angle":-28.3},{"time":0.0833,"angle":-70.19},{"time":0.1666,"angle":-38.36},{"time":0.2083,"angle":-22.45}],"scale":[{"time":0,"x":5.09,"y":4.46},{"time":0.0833,"x":4.53,"y":5.11},{"time":0.2083,"x":1,"y":1}],"shear":[{"time":0,"curve":"stepped"},{"time":0.0833},{"time":0.1666},{"time":0.2083}]},"2":{"translate":[{"time":0,"curve":"stepped"},{"time":0.0833,"y":54.96}],"scale":[{"time":0,"curve":"stepped","x":1,"y":1},{"time":0.2083,"x":1,"y":1},{"time":0.3333,"x":1.75,"y":1.75}]},"3":{"translate":[{"time":0,"curve":"stepped"},{"time":0.0833,"x":-27.83,"y":143.53},{"time":0.625,"x":-27.83,"y":154.61}],"scale":[{"time":0,"curve":"stepped","x":1,"y":1},{"time":0.0833,"x":1.74,"y":1.74},{"time":0.625,"x":1.74,"y":2.02}]},"31":{"translate":[{"time":0,"x":-13.59,"y":180.32},{"time":0.7917,"x":-13.59,"y":180.32},{"time":0.9584,"x":-13.59,"y":198.75}],"scale":[{"time":0,"x":2.12,"y":2.12},{"time":0.7917,"x":2.12,"y":2.12},{"time":0.9584,"x":2.32,"y":2.32}]},"shitou":{"translate":[{"time":0,"curve":"stepped"},{"time":0.375,"x":-65.51},{"time":0.5417,"x":-29.42,"y":84.59},{"time":0.7084,"x":-8.33,"y":5}],"rotate":[{"time":0,"curve":"stepped","angle":0},{"time":0.375,"angle":-34.46},{"time":0.7083,"angle":-36.77}],"scale":[{"time":0,"curve":"stepped","x":1,"y":1},{"time":0.375,"x":1.5,"y":1.5},{"time":0.5417,"x":2.1,"y":2.1}],"shear":[{"time":0,"curve":"stepped"},{"time":0.375},{"time":0.7083}]},"caiseguang":{"translate":[{"time":0,"curve":"stepped"},{"time":0.375,"x":182.69,"y":-341.17},{"time":0.625,"x":182.69,"y":-288.72}],"scale":[{"time":0,"curve":"stepped","x":1,"y":1},{"time":0.375,"x":0.56,"y":0.91},{"time":0.4583,"x":2.02,"y":1.69},{"time":0.7083,"x":5.2,"y":5.13}]},"guanghuan":{"translate":[{"time":0,"curve":"stepped"},{"time":0.0833,"x":2.03,"y":0.5}],"scale":[{"time":0,"curve":"stepped","x":1,"y":1},{"time":0.0833,"x":1.57,"y":1.57},{"time":0.1666,"x":1.4,"y":1.4},{"time":0.3333,"x":2.46,"y":2.46}]},"dimian":{"translate":[{"time":0,"curve":"stepped"},{"time":0.375,"y":12.27}],"scale":[{"time":0,"curve":"stepped","x":1,"y":1},{"time":0.375,"x":1,"y":1},{"time":0.5417,"x":1.39,"y":1.55}]},"5kuoda":{"translate":[{"time":0,"curve":"stepped"},{"time":0.375},{"time":0.625,"y":40.6}],"scale":[{"time":0,"curve":"stepped","x":1,"y":1},{"time":0.375,"x":0.71,"y":0.71},{"time":0.625,"x":2.91,"y":2.12},{"time":0.75,"x":3.5,"y":2.55}]},"fangkuai":{"translate":[{"time":0,"curve":"stepped"},{"time":0.375,"x":111.56,"y":-22.86},{"time":0.5417,"x":80.31,"y":53.52},{"time":0.6667,"x":12.95,"y":19.34}],"rotate":[{"time":0,"curve":"stepped","angle":0},{"time":0.375,"angle":0},{"time":0.6667,"angle":26.87}],"scale":[{"time":0,"curve":"stepped","x":1,"y":1},{"time":0.375,"x":1,"y":1},{"time":0.5417,"x":1.49,"y":2.34},{"time":0.6667,"x":0.72,"y":0.72}],"shear":[{"time":0,"curve":"stepped"},{"time":0.375},{"time":0.6667}]},"guang":{"translate":[{"time":0,"curve":"stepped"},{"time":0.375,"x":154.05}],"scale":[{"time":0,"curve":"stepped","x":1,"y":1},{"time":0.375,"x":1.94,"y":1},{"time":0.4583,"x":0.96,"y":0.9},{"time":0.5416,"x":2.43,"y":1.88}]},"tx_shifa_diandian":{"translate":[{"time":0,"curve":"stepped"},{"time":0.2083,"x":-142.93,"y":217.87},{"time":0.3333,"x":-142.93,"y":233.08},{"time":0.4166,"x":-142.93,"y":-84.47}],"scale":[{"time":0,"curve":"stepped","x":1,"y":1},{"time":0.2083,"x":0.39,"y":0.39},{"time":0.3333,"x":1.1,"y":1.17},{"time":0.4166,"x":0.18,"y":2.51}]},"shitou1":{"translate":[{"time":0,"curve":"stepped"},{"time":0.375,"x":28.29},{"time":0.5417,"x":7.38,"y":20.16},{"time":0.6667,"x":-5.35,"y":-2.45}],"rotate":[{"time":0,"curve":"stepped","angle":0},{"time":0.375,"angle":-34.46},{"time":0.6667,"angle":-36.77}],"scale":[{"time":0,"curve":"stepped","x":1,"y":1},{"time":0.375,"x":1.5,"y":1.5},{"time":0.5417,"x":2.04,"y":2.04}],"shear":[{"time":0,"curve":"stepped"},{"time":0.375},{"time":0.6667}]},"fangkuai1":{"translate":[{"time":0,"curve":"stepped"},{"time":0.375,"x":179.84,"y":-54.29},{"time":0.8333,"x":232.87,"y":219.51}],"scale":[{"time":0,"curve":"stepped","x":1,"y":1},{"time":0.375,"x":1.15,"y":1.15},{"time":0.5417,"x":1.8,"y":1.8},{"time":0.8334,"x":0.72,"y":0.72}]},"fangkuai11":{"translate":[{"time":0,"curve":"stepped"},{"time":0.375,"x":125.21,"y":-7.15},{"time":0.5417,"x":146.31,"y":60.71},{"time":0.7084,"x":167.42,"y":270.37}],"rotate":[{"time":0,"curve":"stepped","angle":0},{"time":0.375,"angle":0},{"time":0.7083,"angle":-7.58}],"scale":[{"time":0,"curve":"stepped","x":1,"y":1},{"time":0.375,"x":1.15,"y":1.15},{"time":0.5417,"x":1.58,"y":5.41},{"time":0.7084,"x":0.72,"y":0.96}],"shear":[{"time":0,"curve":"stepped"},{"time":0.375},{"time":0.7083}]},"5kuoda1":{"translate":[{"time":0,"curve":"stepped"},{"time":0.4583,"y":-5.36},{"time":0.9166,"y":18.05}],"scale":[{"time":0,"curve":"stepped","x":1,"y":1},{"time":0.4583,"x":0.98,"y":0.98},{"time":0.9166,"x":6.5,"y":3.56}]},"shitou2":{"translate":[{"time":0,"curve":"stepped"},{"time":0.5417,"x":-91.09,"y":-8.57},{"time":0.7084,"x":-95.94,"y":84.59},{"time":0.8751,"x":-88.92,"y":-18.67}],"rotate":[{"time":0,"curve":"stepped","angle":0},{"time":0.5417,"angle":-34.46},{"time":0.875,"angle":-36.77}],"scale":[{"time":0,"curve":"stepped","x":1,"y":1},{"time":0.5417,"x":1.5,"y":1.5},{"time":0.7084,"x":2.1,"y":2.1}],"shear":[{"time":0,"curve":"stepped"},{"time":0.5417},{"time":0.875}]},"dimian1":{"translate":[{"time":0,"curve":"stepped"},{"time":0.5417,"y":12.27}],"scale":[{"time":0,"curve":"stepped","x":1,"y":1},{"time":0.5417,"x":1,"y":1},{"time":0.7084,"x":1.39,"y":1.55}]}},"slots":{"1":{"attachment":[{"time":0,"name":""},{"time":0.0833,"name":"shandian/1"},{"time":0.2083,"name":""}],"color":[{"time":0,"color":"FFFFFFFF"},{"time":0.0833,"color":"9999FF7F"},{"time":0.2083,"color":"FFFFFFFF"}]},"2":{"attachment":[{"time":0,"name":""},{"time":0.2083,"name":"shandian/2"},{"time":0.3333,"name":""}]},"3":{"attachment":[{"time":0,"name":""},{"time":0.2917,"name":"shandian/3"},{"time":0.375,"name":"shandian/4"},{"time":0.4583,"name":"shandian/6"}],"color":[{"time":0,"curve":"stepped","color":"FFFFFFFF"},{"time":0.5417,"color":"FFFFFFFF"},{"time":0.625,"color":"FFFFFF00"}]},"31":{"attachment":[{"time":0,"name":""},{"time":0.5417,"name":"shandian/3"},{"time":0.625,"name":"shandian/4"},{"time":0.7083,"name":"shandian/6"},{"time":0.7916,"name":"shandian/7"}],"color":[{"time":0,"color":"FFFFFFFF"},{"time":0.5417,"color":"A878FFFF"},{"time":0.625,"color":"FFF000FF"},{"time":0.7083,"color":"FFFFFFFF"},{"time":0.7916,"color":"FFFFFFFF"},{"time":0.9583,"color":"FFFFFF00"}]},"dimian":{"attachment":[{"time":0,"name":""},{"time":0.375,"name":"shandian/dimian"}],"color":[{"time":0,"curve":"stepped","color":"FFFFFFFF"},{"time":0.375,"color":"FFFFFFFF"},{"time":0.5417,"color":"FFEDB3FF"},{"time":0.75,"color":"FFFFFF00"}]},"shitou":{"attachment":[{"time":0,"name":""},{"time":0.375,"name":"shandian/shitou"},{"time":0.75,"name":""}]},"fangkuai":{"attachment":[{"time":0,"name":""},{"time":0.375,"name":"shandian/fangkuai"}],"color":[{"time":0,"curve":"stepped","color":"FFFFFFFF"},{"time":0.375,"color":"FFFFFFFF"},{"time":0.5417,"color":"003DFFFF"},{"time":0.6667,"color":"FFFFFF00"}]},"5kuoda":{"attachment":[{"time":0,"name":""},{"time":0.375,"name":"shandian/5kuoda"}],"color":[{"time":0,"curve":"stepped","color":"FFFFFFFF"},{"time":0.5417,"color":"FFFFFFFF"},{"time":0.7084,"color":"FFFFFF00"}]},"caiseguang":{"attachment":[{"time":0,"name":""},{"time":0.375,"name":"shandian/caiseguang"}],"color":[{"time":0,"curve":"stepped","color":"FFFFFFFF"},{"time":0.375,"color":"FFFFFFFF"},{"time":0.5417,"color":"FFFFFF26"},{"time":0.7084,"color":"FFD43B00"}]},"tx_shifa_diandian":{"attachment":[{"time":0,"name":""},{"time":0.2083,"name":"shandian/tx_shifa_diandian"}],"color":[{"time":0,"curve":"stepped","color":"FFFFFFFF"},{"time":0.2083,"color":"FFFFFFFF"},{"time":0.3333,"color":"FFFFFFBF"},{"time":0.4166,"color":"FFFFFF00"}]},"guang":{"attachment":[{"time":0,"name":""},{"time":0.375,"name":"shandian/guang"}],"color":[{"time":0,"curve":"stepped","color":"FFFFFFFF"},{"time":0.375,"color":"2E00FFFF"},{"time":0.4583,"color":"FFFFFFFF"},{"time":0.5833,"color":"FFEB1200"}]},"guanghuan":{"attachment":[{"time":0,"name":""},{"time":0.0833,"name":"shandian/guanghuan"}],"color":[{"time":0,"curve":"stepped","color":"FFFFFFFF"},{"time":0.1667,"color":"FFFFFFFF"},{"time":0.3334,"color":"FFFFFF00"}]},"shitou1":{"attachment":[{"time":0,"name":""},{"time":0.375,"name":"shandian/shitou"},{"time":0.75,"name":""}]},"fangkuai1":{"attachment":[{"time":0,"name":""},{"time":0.375,"name":"shandian/fangkuai"}],"color":[{"time":0,"curve":"stepped","color":"FFFFFFFF"},{"time":0.375,"color":"FFFFFFFF"},{"time":0.5417,"color":"E8FF00FF"},{"time":0.7084,"color":"E8FF00FF"},{"time":0.8334,"color":"FFFFFF00"}]},"fangkuai11":{"attachment":[{"time":0,"name":""},{"time":0.375,"name":"shandian/fangkuai"}],"color":[{"time":0,"curve":"stepped","color":"FFFFFFFF"},{"time":0.375,"color":"FFFFFFFF"},{"time":0.5417,"color":"E8FF00FF"},{"time":0.75,"color":"FFFFFF00"}]},"5kuoda1":{"attachment":[{"time":0,"name":""},{"time":0.4583,"name":"shandian/5kuoda"}],"color":[{"time":0,"curve":"stepped","color":"FFFFFFFF"},{"time":0.4583,"color":"A6ABFFFF"},{"time":0.7083,"color":"00F0FFFF"},{"time":0.8333,"color":"F0FFB0FF"},{"time":0.9166,"color":"4F66FF00"}]},"shitou2":{"attachment":[{"time":0,"name":""},{"time":0.5417,"name":"shandian/shitou"},{"time":0.875,"name":""}]},"dimian1":{"attachment":[{"time":0,"name":""},{"time":0.5417,"name":"shandian/dimian"}],"color":[{"time":0,"curve":"stepped","color":"FFFFFFFF"},{"time":0.5417,"color":"FFFFFFFF"},{"time":0.7084,"color":"FFEDB3FF"},{"time":0.9167,"color":"FFFFFF00"}]}}}}},[0]]],0,0,[0],[-1],[0]]