{"paths":{"0":["GameUI/bottom/fmBtnDown",0],"1":["GameRank/3",0],"2":["GameUI/common/zybg",0],"3":["GameUI/common/itemBg",0],"4":["GameShop/shopbg",0],"5":["GameUI/common/hpWhite",0],"6":["GameUI/common/zbInfoBg",0],"7":["GameUI/fumo/fmup",0],"8":["GameMain/tile1",0],"9":["GameUI/common/expIcon",0],"10":["GameUI/common/sxbg",0],"11":["GameUI/common/shaizi",0],"12":["GameUI/fumo/fmsuc",0],"13":["GameUI/bottom/weaponBtnDown",0],"14":["GameUI/common/formuIcon",0],"15":["GameUI/bottom/bottom",0],"16":["GameMain/jiantou",0],"17":["GameUI/chestUI/tsdown",0],"18":["GameMain/clock",0],"19":["GameUI/bottom/shopBtnUp",0],"20":["GameMain/tile_b",0],"21":["GameUI/common/zbInfoBgsel",0],"22":["GameFace/face_1",0],"23":["GameUI/infoCont/ssb",0],"24":["GameUI/chestUI/kuang",0],"25":["GameUI/bottom/rankBtnDown",0],"26":["GameUI/bottom/shopBtnDown",0],"27":["GameTitle/titlebg",0],"28":["GameUI/common/addBtn",0],"29":["GameUI/bottom/weaponBtnUp",0],"30":["GameTitle/logo",0],"31":["GameUI/common/btnBg0",0],"32":["vsui/door",0],"33":["GameUI/common/mapEnter_2",0],"34":["vsui/txk",0],"35":["GameUI/common/btnBg1",0],"36":["GameUI/bottom/rankBtnUp",0],"37":["GameMain/kaBg",0],"38":["GameTitle/startBtn",0],"39":["GameUI/common/expTiao",0],"40":["GameFace/bg",0],"41":["GameUI/fumo/fmlv",0],"42":["GameUI/chestUI/tsup",0],"43":["GameUI/bottom/warBtnUp",0],"44":["GameUI/infoCont/sxl",0],"45":["GameRank/1",0],"46":["GameUI/common/closeBtn",0],"47":["GameUI/common/dagou",0],"48":["GameUI/common/infoBg",0],"49":["GameUI/common/zbad",0],"50":["ZLReward/bigCoin",0],"51":["GameMain/caidai",0],"52":["GameUI/common/tsbg",0],"53":["ZLReward/bigZs",0],"54":["GameUI/chouti/shopbtn",0],"55":["GameMain/background",0],"56":["GameUI/bottom/skillBtnUp",0],"57":["GameUI/common/settingBtn",0],"58":["GameUI/chouti/bianjiao",0],"59":["GameUI/bottom/rankBtn",0],"60":["GameUI/chouti/moreBtn",0],"61":["GameMain/warbg",0],"62":["GameUI/infoCont/sgj",0],"63":["GameUI/common/titlebg",0],"64":["GameUI/common/mh",0],"65":["GameMain/ui_point",0],"66":["ZLReward/zlbg",0],"67":["GameUI/bottom/selBG",0],"68":["GameUI/common/hpTiao",0],"69":["GameUI/infoCont/smz",0],"70":["GameUI/common/mapEnter_9",0],"71":["vsui/vsbg",0],"72":["GameFace/face_3",0],"73":["GameFace/face_2",0],"74":["GameFace/nor",0],"75":["GameMain/startatk",0],"76":["GameUI/fumo/fmdown",0],"77":["GameUI/common/mapEnter_1",0],"78":["GameMain/tile_backframe",0],"79":["GameUI/bottom/fmBtnUp",0],"80":["GameUI/bottom/warBtnDown",0],"81":["GameUI/common/chestClose",0],"82":["GameUI/bottom/skillBtnDown",0],"83":["GameUI/common/expBg",0],"84":["GameUI/chouti/forumIcon",0],"85":["GameUI/common/commonBg",0],"86":["GameUI/common/shuomingBtn",0],"87":["GameUI/infoCont/sbj",0],"88":["GameUI/infoCont/fafang",0],"89":["GameUI/chouti/backbg",0],"90":["GameTitle/title",0],"91":["GameUI/infoCont/sfy",0],"92":["GameFace/face_0",0],"93":["GameMain/runCard",0],"94":["GameTitle/man",0],"95":["GameUI/bottom/chestBtnDown",0],"96":["GameUI/common/infoBgwar",0],"97":["GameRank/2",0],"98":["GameUI/common/hpBg",0],"99":["GameUI/bottom/chestBtnUp",0],"100":["GameUI/chouti/point",0],"101":["GameTitle/rolebg",0],"102":["GameMain/shouzhi",0],"103":["GameUI/common/ysbtn",0],"104":["GameUI/common/bg",0],"105":["GameFace/seled",0],"106":["GameRank/2",1,1],"107":["GameUI/infoCont/sgj",1,1],"108":["GameUI/infoCont/fafang",1,1],"109":["GameUI/common/hpWhite",1,1],"110":["LoadingUI/loadingUp",0],"111":["GameUI/common/infoBgwar",1,1],"112":["GameUI/common/closeBtn",1,1],"113":["GameUI/chouti/backbg",1,1],"114":["GameMain/jiantou",1,1],"115":["LoadingUI/loadingDown",0],"116":["GameUI/bottom/shopBtnDown",1,1],"117":["vsui/txk",1,1],"118":["GameMain/ui_point",1,1],"119":["GameUI/common/expTiao",1,1],"120":["GameUI/chouti/moreBtn",1,1],"121":["GameRank/1",1,1],"122":["GameUI/bottom/rankBtn",1,1],"123":["GameUI/bottom/fmBtnUp",1,1],"124":["GameUI/common/expIcon",1,1],"125":["GameTitle/man",1,1],"126":["GameUI/common/addBtn",1,1],"127":["GameUI/common/shuomingBtn",1,1],"128":["GameUI/chestUI/tsup",1,1],"129":["GameUI/bottom/skillBtnUp",1,1],"130":["GameUI/common/expBg",1,1],"131":["GameUI/chestUI/tsdown",1,1],"132":["GameMain/background",1,1],"133":["GameUI/common/mapEnter_2",1,1],"134":["GameFace/face_1",1,1],"135":["GameUI/bottom/shopBtnUp",1,1],"136":["GameMain/kaBg",1,1],"137":["GameMain/shouzhi",1,1],"138":["GameMain/warbg",1,1],"139":["GameFace/seled",1,1],"140":["GameUI/fumo/fmdown",1,1],"141":["GameUI/bottom/chestBtnDown",1,1],"142":["GameUI/common/btnBg0",1,1],"143":["GameUI/fumo/fmlv",1,1],"144":["GameUI/common/commonBg",1,1],"145":["LoadingUI/loadingbg",0],"146":["GameFace/face_3",1,1],"147":["GameUI/common/titlebg",1,1],"148":["GameTitle/title",1,1],"149":["GameTitle/titlebg",1,1],"150":["LoadingUI/loadingUp",1,1],"151":["LoadingUI/loadingbg",1,1],"152":["GameUI/bottom/rankBtnDown",1,1],"153":["GameTitle/rolebg",1,1],"154":["GameUI/common/hpBg",1,1],"155":["GameUI/common/zbInfoBg",1,1],"156":["GameMain/runCard",1,1],"157":["GameUI/common/itemBg",1,1],"158":["GameUI/bottom/bottom",1,1],"159":["GameUI/infoCont/sxl",1,1],"160":["GameMain/tile_b",1,1],"161":["GameUI/bottom/weaponBtnUp",1,1],"162":["GameUI/bottom/fmBtnDown",1,1],"163":["GameUI/infoCont/smz",1,1],"164":["vsui/door",1,1],"165":["GameRank/3",1,1],"166":["GameUI/chouti/shopbtn",1,1],"167":["GameUI/common/zbad",1,1],"168":["GameUI/chouti/forumIcon",1,1],"169":["ZLReward/zlbg",1,1],"170":["GameShop/shopbg",1,1],"171":["GameFace/face_2",1,1],"172":["GameUI/infoCont/sbj",1,1],"173":["GameUI/common/infoBg",1,1],"174":["GameFace/bg",1,1],"175":["GameUI/bottom/warBtnUp",1,1],"176":["GameUI/common/ysbtn",1,1],"177":["GameTitle/startBtn",1,1],"178":["GameUI/common/zybg",1,1],"179":["GameUI/bottom/rankBtnUp",1,1],"180":["GameUI/common/formuIcon",1,1],"181":["GameUI/common/chestClose",1,1],"182":["GameTitle/logo",1,1],"183":["GameUI/bottom/selBG",1,1],"184":["GameUI/common/shaizi",1,1],"185":["GameUI/chestUI/kuang",1,1],"186":["GameUI/fumo/fmup",1,1],"187":["GameMain/caidai",1,1],"188":["GameMain/tile1",1,1],"189":["GameUI/common/tsbg",1,1],"190":["GameFace/face_0",1,1],"191":["GameUI/infoCont/sfy",1,1],"192":["LoadingUI/loadingDown",1,1],"193":["GameUI/common/mapEnter_1",1,1],"194":["ZLReward/bigZs",1,1],"195":["GameUI/chouti/bianjiao",1,1],"196":["GameMain/clock",1,1],"197":["GameUI/infoCont/ssb",1,1],"198":["GameUI/bottom/warBtnDown",1,1],"199":["ZLReward/bigCoin",1,1],"200":["vsui/vsbg",1,1],"201":["GameUI/common/hpTiao",1,1],"202":["GameUI/common/mapEnter_9",1,1],"203":["GameUI/common/zbInfoBgsel",1,1],"204":["GameUI/common/dagou",1,1],"205":["GameUI/bottom/weaponBtnDown",1,1],"206":["GameUI/bottom/skillBtnDown",1,1],"207":["GameUI/common/bg",1,1],"208":["GameUI/common/settingBtn",1,1],"209":["GameUI/common/btnBg1",1,1],"210":["GameMain/tile_backframe",1,1],"211":["GameUI/common/sxbg",1,1],"212":["GameUI/fumo/fmsuc",1,1],"213":["GameUI/common/mh",1,1],"214":["GameFace/nor",1,1],"215":["GameUI/chouti/point",1,1],"216":["GameUI/bottom/chestBtnUp",1,1],"217":["GameMain/startatk",1,1]},"types":["cc.Texture2D","cc.SpriteFrame"],"uuids":["05GrxQ85VGOpTZ1mQ6LCzJ","07Ma+kJqJDvLZaCHv38Cx1","07n7XSvSZE+If8DBl0X3Fi","0cWfafz/dIpoSxNCSPnPdk","0eJS5o+i5O4p9NmTjNAbzm","11xPBaY3NAA65KVL61T1sG","12GkG4PZxG67YaHQbj2nJz","12/49mR0BIkL2l43fwLVSn","15vg6T/ShGe4snNIpKMQei","16Y3FGl9pFYra954IlYJFA","16dcMrLDJHGLSXfKPPgFMy","1de4RVQNdJVJgZ2a+AqYVU","1dg9tFws9IYq1tTsU1FFqd","1fwwii1vRKbav6BthzPphZ","20VVUJGFdCKKUmBWOlGWUm","25fhOl0wNEe6uUA7hDZ+g6","28RNRGDzZNbriDbu0MzxVi","29XHZybZ1JS6iw9BnnxdRs","2ae9wtqxNNbZ1192oOp4+h","31dwT74wpE/IkZaihitZPH","33KFkOIKJATJlRCSvHaEAa","35Ws785YpNi65tk7znxWWt","38T/KnnWFBN7u7hvPHZU0X","385nUtpMRNs4otDHz470cP","39TzX2grdDj7KTAidzEVXk","3bfH6QCF1PCbMR+doiWj38","480eCu7o5HhZcu2nSlXKRa","50dwn+cAFA3bCj03iR5IuO","53Cm5N0CRC+4nbYUnih5F9","535Cm9O2hIKp+xhdIvg7w9","568Fvl+hNFwol68x0iSoJ8","57Ry7auLVK25UpARWByM2y","59d+qFnMZLzZt4xeUroWms","5cw6QlPv1Jr6+yHSDjqh2E","5fTtpGJ15Fs5KZfgxz7mLQ","5f3CzqLEFHhLOh5Xkt61pJ","61Sh9tf0NIQJiyoeLyl06e","63rCq50GVMdY9zEVhgVAjy","65lSosZB5DHLUo4caGpSQ4","67UR1IjXJM2IdeqNzqVzwd","6bvgVagZpCqL559loUPRtg","6b0fybcQJDvqX1bSxiHWZW","6cm+epzu9BPZztef910WfE","6e8xNachxKDIywLZWADmYH","73xPRRN+xHh7S4VIEfQEho","74MxrqHjVHFpIkOeK3NdAd","76CqiBNL1CfqCb6hLWL3VJ","79H87L6jdMQp/rJZh/BFY3","79XBPoOF9Eor4QzRVF029U","7f1bTk5LBIlKd6E4+8hSPB","82DaCIMOpEYIA+fsje1JMc","87n8igZ/ZDlYdAfRW3CAA1","89y5s5D7JJtLzYz2lHmlam","8ba6rlKLtEVbZQz2CYAwMe","8drPxivc1K55d0grS3N/I5","8eEADhBh5Deq3OJY4TJZyA","8e2HU1wetFAbtHyXL1fjQe","91GssV5xBHspC+tuC140h7","93G9sv56NHWI/TzTDGJrNO","96Fp4FzxhJro5ZEzL777Sq","96ibo6UsNBPpFj3Axm8gg+","975ewRpGVCeqq3r/qci+al","9aJ92cuUJPCbs+6UOC+qRK","9eCTggMH5Bfp02js6wKI89","a4e0ViIrFFUKJNEJgFz/UZ","a7HgZHeAtEwIya4PyZglw4","a7v71gQRhBVqTTEL3Wo2q1","ac5kA0gMRNpqAb5SD4MgVZ","ad8t7kUuNNJpTp1ld/G30K","b0PWkJ9cJArZTF6KctGywn","b3oTdI06VI3bJYxSSUyJIV","b5SyWkWJROa5FcIQml1FzA","bcUn5A+Z1OSb8nO/u+qO7L","c0lgKpjVVIvY2TFqNvpPSC","c2YLEk5UJOhYr55HRY2gR5","c4l6tPykJAC6gPB3G3wrLT","c71Ds7CotCC7dl4xPmse2J","c8vc93bXVIsJvGFG0HSe3R","c9LhITQwBHqYh34OI2HsQA","c9MYe96CBDnIJR62aJjYAp","c95HFomJNID49WC+rnd8Ra","ccJsmHei1HI4hppUTDPUf2","cf/ogsdQ9PrresWT0DCFIU","d01VUWFgtIlbbAbov0j5oc","d2exNTpQtF5YKDkf5NRz9/","d7sGss/qxCY4vYu7FmB1O4","d9G58j8iNJI6nPFLKbRbmP","dabxLhFs1EiZF9g+b6YovI","da9tvScmZOsLqayoASZ++7","ddKLAtJyBDo5XeuM2Xtocx","e0mBLhn0pHILFcmP+4K948","e3m1qjXKVAwZb9EHdKVsbC","e4MGLWt2JCuIYeA3jWEOcI","e4SaKCLHtJdb5v7E+pg7+B","e6RcS4wTJMtqODwbtnehco","e8DUUkPaVOq7Cx7YmBU4Yb","e8afsWjSRJMKBeZbJ807eK","ebJfba2fFBf4i5onErBJxt","ebUf/dInRFxp+XzNPCxr1/","f1KzbFEldNOIMOR0H2p3tP","f3kw7SuE9H9YWZdEUMYt3q","f4zCjY7CFBZ46HNte8xYfB","faiZP97a9NSa/IAJ2+g01+","fbT6whr9RCGqXw7Nwg6EM1","fcaIu4L95Lr7IO5NA/HWKG","ffgFrPNERAQqPItwis4AdR","01gtSNfzxGG5aIMXK9LQvL","03DsHuuSFMCJDN1uFf8mfb","07nwQ/Vn5DgoPC4sXVIwxO","097IDHkDlI9qP0G6q8pPJM","0ar254+OlBG5WVZCUtP5AQ","0c+fkuPvlEZ7r/4EX1D/pp","0etlm1+s9Mu73arMoJUgXV","0fGi/PnCVLJpcUu6G4hopl","10VfHGtsxBmpBE7OANV/98","10arFavm9Cgb+P7OFQXC8i","15zMdzD1xNkIgd3npDdiSJ","153eqmtd1ONJmFdpmzVlMN","16GQhXUpNBTYmWYHvA5Bc8","1dex38Jj5MuJBsABI9txXj","1farHuY1xEFqQhtjvVDm4G","1f4bNdteNNNZbFL0bk8jJD","21nblDdjRNuYMPgrjUe9VQ","2aNzfB30NI4auF9xMRb2kR","2aUZZnkuVDmYs61/0UpIoD","2awtqFbptD3r8xH8hQCQbN","2crbhZfrhD+YWCCMgEjzcV","2f1LY3RudKyomM1Iytl+5a","30MWPzorpIDa9hHqhnAvWV","31ENEb7GVCqqQnrg1W0l67","32RREoJQBAT5MG2el8FFvT","34Z4I9Lf1AZoSdsRP8VNom","38Aw+h4O5KYop61YMliECJ","38odCVNitMarvMgO1WIFos","3b3msdCJ5A75qBR/okcJG7","3dJX563f1BEIi3b2sRvk4/","3e7SPdYlxEe7TOs59ajjDk","3fVZPO9BVAJZbqjb2H+Zr8","41SWtt7l1LtLEEtJtGkt0A","417VoYn/VH2KWZNUY5xl7v","43DQZP9VhDnpmZ9Y0y9OqY","4apL3XsyBElqzFrmn7moIV","4ey5mh7/VNs7K9gj59l5a0","516v9SArFGQrkkpzjML8Zz","526riivPNPpLUS0DhEXGCe","53w/YPQVFPj5dJcOlBlJ/U","55GdsHx1NHXJkdDbtWGlUM","59cFSZ8JtK/J/AS73aJ6Hk","59/Ydomm9HeKZI4b6ofUtu","5ebD9u5wFNC4Gl7bRgyg3D","5feC68qSJDz5ZHvX3nNA0U","62uPbt0QlISZPTeQP6mGJz","64BQuWMFhGnYPL8pwhD3eu","64tebmpbNAcL82wI6+zJiX","656Jvif8NJdZqCpcfEYlmf","69eW0UWQFN7ogsllk55Rc7","694GEFZ9JPrq0pA8dCpY/x","71lq7qmPlJ1rrFu6OkwmZO","76CZXAzm1LEaaoCqqXL0Fp","77zOWh+j5Jn5olz0B10oZv","7bO10aVmBLJ6PdQHMNF1XH","84IwHlVEtOeb2Eguxmv8sh","84jzvVF7xKmaBhdDpGxaLj","8coLJdpy1AmoGfh5k3QdfB","8dLpMhZz1BTJb3oeg5N7uT","8eHCUCwGpDN7/YV7Sq9ruW","92I5lKMdlAsLK6lPApbf9X","93CuRq73FEZ6gb4kJRbKQv","97FM6m7bJHBoMGv0IBxnV2","97u+IRDSFFGINJ69UT90D8","98Isked39PD44+nlVA24yl","99XaXlOgdIO57NHlaQ8rgE","9bCZfdDdpOGL5duK9/jpGk","a0Y0ncvM5FEqsJA/ew7AX5","a112bSFrRHSrU7lctfKK66","a3+E7YlNFNxo3aFugZjhTD","a4xON9O0ZG+4WKYiJ5AHI9","a5+4gUzYVGA5RYtyKPaaTD","a8ShYPxYBHIpcGqHmUZa9P","a8o3jCOZ1I8pKfzoO8HIVB","aaxGNy49VHlbnCKaMYttLp","afTYWhvrlC9qos95iBvr/W","bc0pgo9n9Nlb94WxQp/myL","bdGjT6ynFAW4aUmA4sowdU","beB5qdpeBKsJvZEar3HXuG","c2eniEB/5Ip6+YQ6t5FYlh","c3+3XFrsNMWZaEYIa0BTQ6","c4xLTtRTZB8JdytJy/CSxK","c5m+n1+6hPm6An8Qj02r98","c6DibYlk9EZIEedg2iA/hU","c8mt5zGg5BsIcVnSMNyKB1","c84quVto1D647nhQJt8ES0","c9MFMlantNFJhWe/qNbctd","c9w+MU+E5OIYoVTmOA6eEo","caG2gyA7BFNIh6BnDmrbYt","ceuZMt6jxHN4RdisctWRTX","cf4HM3+OZCI5E1n1Ze2PKJ","d4xwBQdJdJVpajcCyQIv5f","d5qOiL3PhLrawspy+bRdk7","d7HwJyrVJHu7bmx+pzrOgM","deZz53j3FGApdYRyW6Fcq6","e06q/hY5ZDm6ncvPO/TH/L","e2sGsmAolIMYBbcR8Sxx9Q","e54WTKzflGJKGV5V9qordI","e7mxc0TFpFZKrPetNdpxUR","e8AdGhi/hINqe9qoX9WACd","eaP1rsNCdBdK9Tg7yw4/Ji","ea/IB8JmlJq607nncza31w","efAgkKIJNAYp7I09iSL4NH","efqQv9r8ZCnJ9GFPePLvb7","f1XAKIFqVBN67hWrjz/5nc","f4jBJobypN45YzS37deL1V","f4z7m/PRdJGLJWhlfyEqt4","f5DJnGXR1CiI3Rwn5LKH9x","f7R9OIH3NEMYky8+z8oubl","f7c8T9HKRJtoHYXlm/J1CR","fb+bgo4z9INIyzcrsMS3BN","ffa10AVOBEuJ+du1mnyIiK"],"scenes":{},"redirect":[110,0,115,0,145,0,150,0,151,0,192,0],"deps":["main"],"packs":{"0750b01ec":[0,1,2,3,4,5,6,7,8,9,10,11,12,13,14,15,16,17,18,19,20,21,22,23,24,25,26,27,28,29,30,31,32,33,34,35,36,37,38,39,40,41,42,43,44,45,46,47,48,49,50,51,52,53,54,55,56,57,58,59,60,61,62,63,64,65,66,67,68,69,70,71,72,73,74,75,76,77,78,79,80,81,82,83,84,85,86,87,88,89,90,91,92,93,94,95,96,97,98,99,100,101,102,103,104,105]},"name":"gameImages","importBase":"import","nativeBase":"native","debug":false,"isZip":false,"encrypted":false,"versions":{"import":[106,"dd6f4",107,"70350","0750b01ec","ec0a6",108,"95913",109,"68345",111,"3a19b",112,"0a213",113,"1bef6",114,"6128b",116,"872a2",117,"d3897",118,"32a2c",119,"d1024",120,"27d20",121,"eb78d",122,"912ca",123,"d54a6",124,"47e86",125,"7fa44",126,"5c228",127,"d4506",128,"56e1d",129,"ab23b",130,"9358d",131,"a6186",132,"3ef1d",133,"2049f",134,"8ea02",135,"eec9e",136,"b9cb4",137,"05fc1",138,"c94cc",139,"5c84d",140,"162b3",141,"5e70f",142,"36f3d",143,"744a3",144,"7118d",146,"f3878",147,"1407f",148,"98232",149,"674bd",152,"10354",153,"db140",154,"fe268",155,"56834",156,"3e551",157,"dfc49",158,"4951a",159,"af4a9",160,"66707",161,"efe3f",162,"ffb7d",163,"e1940",164,"8bc43",165,"da2e9",166,"f1651",167,"500f5",168,"07b76",169,"7c4cf",170,"a7b5d",171,"dd122",172,"ba486",173,"130b3",174,"229e9",175,"a696c",176,"6838d",177,"e051e",178,"3e411",179,"f74ec",180,"aa02a",181,"ce6f6",182,"eaaa6",183,"7db57",184,"710f7",185,"47f8f",186,"3da54",187,"f2e22",188,"52b73",189,"bcd80",190,"296a9",191,"2326d",193,"bb1f6",194,"b23ba",195,"04277",196,"444b0",197,"95c37",198,"e524e",199,"27d3a",200,"52c9d",201,"6a341",202,"79530",203,"33fa6",204,"657e6",205,"78de8",206,"54f8b",207,"b6904",208,"3d627",209,"2eece",210,"0f5f2",211,"c4dc0",212,"94d0d",213,"3e8fc",214,"1399d",215,"f6b67",216,"d81c5",217,"b6a0d"],"native":[0,"b36fc",1,"186cc",2,"2b517",3,"d0a33",4,"e008a",5,"3155a",6,"d297a",7,"9db19",8,"6f36b",9,"e1396",10,"60e8f",11,"8c189",12,"dbb32",13,"aabc8",14,"350ec",15,"9dced",16,"f7f64",17,"129e5",18,"cfb4a",19,"d2d82",20,"30691",21,"47897",22,"b7ebe",23,"2cb58",24,"503b7",25,"a64da",26,"f36e9",27,"f9dae",28,"2ee32",29,"8e1f2",30,"81ead",31,"e4ebd",32,"1ca0c",33,"a787f",34,"e4f5b",35,"16e2b",36,"1d5d0",37,"c69a5",38,"45f09",39,"83abb",40,"9e401",41,"4ed26",42,"d5693",43,"94692",44,"ef3fd",45,"f47cb",46,"e8287",47,"23ce2",48,"f729a",49,"a3f55",50,"f33f0",51,"8d76d",52,"df361",53,"79946",54,"27608",55,"980e9",56,"a5017",57,"f50c2",58,"d7754",59,"ffab9",60,"a18b2",61,"99bea",62,"016cc",63,"6921c",64,"24421",65,"0b8eb",66,"fbf02",67,"592a9",68,"a88ea",69,"c14d6",70,"6dc0a",71,"8f568",72,"467f6",73,"e6e36",74,"1e3b6",75,"47a90",76,"8347f",77,"2e285",78,"986ae",79,"03986",80,"b09df",81,"9feed",82,"fbe90",83,"18f75",84,"c4a6e",85,"04e2a",86,"c7021",87,"e4f20",88,"68955",89,"2d408",90,"fed4a",91,"782b2",92,"99f7b",93,"733a2",94,"96e77",95,"75a60",96,"d9977",97,"6311f",98,"b6583",99,"2d997",100,"50c4b",101,"e100b",102,"3ec9d",103,"55701",104,"c33f7",105,"80040"]}}