[1,["e8EZOrn0RILLXh6xxSB+B5"],0,[["sp.SkeletonData",["_name","_atlasText","textureNames","_skeletonJson","textures"],-1,3]],[[0,0,1,2,3,4,5]],[[0,"duihua","\nduihua.png\nsize: 128,152\nformat: RGBA8888\nfilter: Linear,Linear\nrepeat: none\nduihua/hei\n  rotate: false\n  xy: 1, 80\n  size: 83, 70\n  orig: 83, 70\n  offset: 0, 0\n  index: -1\nduihua/houshou\n  rotate: false\n  xy: 86, 75\n  size: 35, 26\n  orig: 35, 26\n  offset: 0, 0\n  index: -1\nduihua/shenzi\n  rotate: false\n  xy: 82, 1\n  size: 35, 37\n  orig: 35, 37\n  offset: 0, 0\n  index: -1\nduihua/tou\n  rotate: false\n  xy: 1, 1\n  size: 79, 77\n  orig: 79, 77\n  offset: 0, 0\n  index: -1\nduihua/qianshou\n  rotate: false\n  xy: 82, 40\n  size: 31, 33\n  orig: 31, 33\n  offset: 0, 0\n  index: -1\nduihua/zuiba2\n  rotate: false\n  xy: 115, 40\n  size: 11, 4\n  orig: 11, 4\n  offset: 0, 0\n  index: -1\nduihua/zuiba\n  rotate: false\n  xy: 86, 103\n  size: 19, 9\n  orig: 19, 9\n  offset: 0, 0\n  index: -1\n",["duihua.png"],{"skeleton":{"width":90,"height":111.54,"fps":24,"hash":" ","name":"Armatureduihua"},"bones":[{"name":"root"},{"x":2.075,"y":-37,"name":"shenzi","parent":"root"},{"x":2.61245,"y":-6.6943,"name":"hei","parent":"root"},{"length":16,"x":9.525,"y":-17.825,"rotation":3.272,"name":"houshou","parent":"root"},{"length":12,"x":-6.4,"y":-15.5,"rotation":-134.0984,"name":"qianshou","parent":"root"},{"length":7,"x":16.32075,"rotation":57.0871,"name":"houshou1","parent":"houshou"},{"length":7.5,"x":12.3582,"rotation":0.4063,"name":"qianshou1","parent":"qianshou"},{"length":10.5,"x":1.8,"y":0.125,"rotation":92.6692,"name":"shenzi1","parent":"shenzi"},{"length":8.5,"x":7.7408,"y":-0.17675,"rotation":25.4633,"name":"qianshou2","parent":"qianshou1"},{"length":9.5,"x":7.43545,"rotation":18.1084,"name":"houshou2","parent":"houshou1"},{"length":13.5,"x":10.73665,"rotation":1.468,"name":"shenzi2","parent":"shenzi1"},{"length":4.5,"x":13.8611,"rotation":2.2382,"name":"shenzi3","parent":"shenzi2"},{"x":6.8048,"y":-2.55185,"rotation":-96.3753,"name":"tou","parent":"shenzi3"},{"x":0.6104,"y":2.1012,"name":"zuiba2","parent":"tou"}],"slots":[{"name":"hei","bone":"hei","attachment":"duihua/hei"},{"name":"houshou","bone":"houshou2","attachment":"duihua/houshou"},{"name":"shenzi","bone":"shenzi3","attachment":"duihua/shenzi"},{"name":"tou","bone":"tou","attachment":"duihua/tou"},{"name":"qianshou","bone":"qianshou2","attachment":"duihua/qianshou"},{"name":"zuiba2","bone":"zuiba2","attachment":"duihua/zuiba"}],"skins":{"default":{"houshou":{"duihua/houshou":{"name":"duihua/houshou","width":35,"height":26,"hull":12,"type":"mesh","triangles":[8,3,4,6,8,4,6,4,5,7,8,6,8,2,3,8,9,2,9,1,2,9,10,1,10,0,1,11,0,10],"uvs":[0,0.91078,0.45357,1,0.60286,0.98529,0.85786,0.71176,1,0.51275,1,0,0.53429,0,0.42214,0.31275,0.47071,0.48627,0.42643,0.54412,0.39286,0.54608,0,0.27647],"edges":[0,2,2,4,4,6,6,8,8,10,10,12,12,14,14,16,16,18,18,20,20,22,22,0],"vertices":[1,3,1.78,-8.09,1,2,3,17.5,-4.91,0.49,5,-3.48,-3.65,0.51,2,3,22.3,-2.8,0.47,5,0.9,-6.54,0.53,2,9,2.55,-7.6,0.55,5,12.22,-6.43,0.45,2,9,9.55,-8.84,0.85,5,19.26,-5.43,0.15,1,9,20.33,-1.45,1,1,9,11.12,11.99,1,2,9,2.33,10.73,0.89,5,6.31,10.92,0.11,3,3,13.67,7.63,0.271667,5,4.96,6.37,0.389531,9,-0.37,6.83,0.338802,2,3,12.7,5.73,0.54,5,2.84,6.15,0.46,2,3,11.61,5.29,0.63,5,1.88,6.82,0.37,1,3,-3.64,7.15,1]}},"hei":{"duihua/hei":{"name":"duihua/hei","width":83,"height":70,"x":-9.38,"y":1.88}},"shenzi":{"duihua/shenzi":{"name":"duihua/shenzi","width":35,"height":37,"hull":11,"type":"mesh","triangles":[12,0,10,8,11,9,11,12,9,12,10,9,7,11,8,11,1,12,1,0,12,3,2,11,2,1,11,4,3,11,7,4,11,4,7,6,5,4,6],"uvs":[0,1,0,0.72162,0,0.38919,0.31304,0.16892,0.36957,0.16081,0.37826,0,0.65797,0,0.66957,0.17162,0.93478,0.28851,1,0.66622,1,1,0.73517,0.42454,0.77285,0.87454],"edges":[0,2,2,4,4,6,6,8,8,10,10,12,12,14,14,16,16,18,18,20,20,0,22,24],"vertices":[1,7,-2.04,19.5,1,2,7,8.25,19.02,0.51,10,-2,19.08,0.49,2,10,10.27,18.19,0.52,11,-2.88,18.32,0.48,2,11,4.02,6.68,0.6,10,17.62,6.83,0.4,2,11,4.1,4.71,0.85,10,17.78,4.87,0.15,1,11,9.98,3.75,1,1,11,8.91,-5.84,1,2,11,2.56,-5.53,0.9,10,16.63,-5.43,0.1,2,10,11.66,-14.24,0.51,11,-2.75,-14.15,0.49,2,10,-2.44,-15.48,0.64,7,8.69,-15.54,0.36,2,7,-3.65,-14.96,0.99,10,-14.76,-14.59,0.01,1,7,18.05,-6.82,1,1,7,1.35,-7.35,1]}},"qianshou":{"duihua/qianshou":{"name":"duihua/qianshou","width":31,"height":33,"hull":11,"type":"mesh","triangles":[10,0,9,0,8,9,0,1,8,1,7,8,3,4,5,7,3,6,3,5,6,2,3,7,1,2,7],"uvs":[0.68525,0,0.3623,0.25,0.06885,0.48385,0,0.59308,0,1,0.59918,1,0.65656,0.69154,0.63033,0.61923,0.77869,0.46462,1,0.24231,1,0],"edges":[0,2,2,4,4,6,6,8,8,10,10,12,12,14,14,16,16,18,18,20,20,0],"vertices":[1,4,0.29,-5.58,1,2,4,12.97,-7.01,0.5,6,0.56,-7.01,0.5,2,8,0.6,-9.21,0.52,6,12.24,-8.23,0.48,2,8,4.63,-10.09,0.57,6,16.26,-7.3,0.43,1,8,17.2,-5.95,1,1,8,11.48,11.4,1,2,6,4.74,9.39,0.53,8,1.41,9.92,0.47,2,6,3.6,7.19,0.58,8,-0.58,8.43,0.42,2,4,9.15,6.97,0.55,6,-3.16,6.99,0.45,1,4,-0.74,6.79,1,1,4,-6.39,1.31,1]}},"zuiba2":{"duihua/zuiba2":{"name":"duihua/zuiba2","width":11,"height":4,"x":0.69,"y":1.61},"duihua/zuiba":{"name":"duihua/zuiba","width":19,"height":9,"x":1.19,"y":2.11}},"tou":{"duihua/tou":{"name":"duihua/tou","width":79,"height":77,"hull":22,"type":"mesh","triangles":[11,13,10,24,6,7,26,24,8,24,7,8,26,8,9,10,26,9,13,25,10,25,26,10,12,13,11,14,25,13,26,23,24,5,6,24,23,5,24,22,23,26,25,22,26,14,15,25,15,22,25,22,1,23,18,22,15,23,3,5,3,4,5,21,1,22,18,19,22,1,2,23,16,18,15,2,3,23,19,21,22,21,0,1,17,18,16,20,21,19],"uvs":[-0.00032,0.63725,0.04013,0.66699,0.06879,0.89608,0.13758,0.93922,0.1242,1,0.38599,1,0.65764,1,1,1,1,0.69869,1,0.35588,0.94076,0.24706,0.86115,0.00425,0.71911,0,0.74809,0.10392,0.47803,0.03824,0.31879,0.06307,0.19745,0,0.10032,0.00425,0.07134,0.1585,0.08917,0.29477,-0.00032,0.27647,-0.00032,0.42418,0.27756,0.3573,0.3075,0.85011,0.67087,0.72462,0.57533,0.24455,0.6266,0.46841],"edges":[0,2,2,4,4,6,6,8,8,10,10,12,12,14,14,16,16,18,18,20,20,22,22,24,24,26,26,28,28,30,30,32,32,34,34,36,36,38,38,40,40,42,42,0,44,46,50,52],"vertices":[-44.19,24.21,-41.02,21.94,-38.77,4.41,-33.37,1.11,-34.42,-3.54,-13.87,-3.54,7.46,-3.54,34.33,-3.54,34.33,19.51,34.33,45.74,29.68,54.06,23.43,72.64,12.28,72.96,14.56,65.01,-6.64,70.04,-19.14,68.14,-28.67,72.96,-36.29,72.64,-38.57,60.84,-37.17,50.41,-44.19,51.81,-44.19,40.51,-22.38,45.63,-20.03,7.93,8.5,17.53,1,54.25,5.02,37.13]}}}},"animations":{"action":{"bones":{"zuiba2":{"scale":[{"time":0,"x":1,"y":1},{"time":0.1667,"x":1,"y":1},{"time":0.3334,"x":0.94,"y":1},{"time":0.5001,"x":1.22,"y":0.77},{"time":0.6668,"x":1,"y":1}]},"qianshou":{"rotate":[{"time":0,"angle":0},{"time":0.3333,"angle":-1.65},{"time":0.625,"angle":1},{"time":0.9167,"angle":0}],"shear":[{"time":0},{"time":0.3333},{"time":0.625},{"time":0.9167}]},"qianshou1":{"rotate":[{"time":0,"angle":0},{"time":0.3333,"angle":-1.65},{"time":0.625,"angle":1},{"time":0.9167,"angle":0}],"shear":[{"time":0},{"time":0.3333},{"time":0.625},{"time":0.9167}]},"qianshou2":{"rotate":[{"time":0,"angle":0},{"time":0.3333,"angle":-1.65},{"time":0.625,"angle":1},{"time":0.9167,"angle":0}],"shear":[{"time":0},{"time":0.3333},{"time":0.625},{"time":0.9167}]},"houshou":{"rotate":[{"time":0,"angle":0},{"time":0.4583,"angle":-8.88},{"time":0.9166,"angle":0}],"shear":[{"time":0},{"time":0.4583},{"time":0.9166}]},"houshou1":{"rotate":[{"time":0,"angle":0},{"time":0.5417,"angle":-3.75},{"time":0.9167,"angle":0}],"shear":[{"time":0},{"time":0.5417},{"time":0.9167}]},"tou":{"rotate":[{"time":0,"angle":0},{"time":0.4583,"angle":-1.8},{"time":0.9166,"angle":0}],"shear":[{"time":0},{"time":0.4583},{"time":0.9166}]},"shenzi2":{"translate":[{"time":0},{"time":0.3333,"x":0.58,"y":-0.03},{"time":0.7083,"x":-0.66,"y":0.03},{"time":0.9166}]},"shenzi3":{"rotate":[{"time":0,"angle":0},{"time":0.3333,"angle":4.57},{"time":0.625,"angle":-2.26},{"time":0.9167,"angle":0}],"shear":[{"time":0},{"time":0.3333},{"time":0.625},{"time":0.9167}]}},"slots":{"zuiba2":{"attachment":[{"time":0,"name":"duihua/zuiba"},{"time":0.1667,"name":"duihua/zuiba2"},{"time":0.3334,"name":"duihua/zuiba"},{"time":0.5001,"name":"duihua/zuiba2"},{"time":0.6668,"name":"duihua/zuiba"}]}},"deform":{"default":{"shenzi":{"duihua/shenzi":[{"time":0,"offset":25,"vertices":[0]},{"time":0.5,"offset":22,"vertices":[-1.3,0,-1.3]},{"time":0.9167,"offset":25,"vertices":[0]}]},"tou":{"duihua/tou":[{"time":0,"offset":53,"vertices":[0]},{"time":0.4583,"vertices":[-0.7,-0.35,-0.53,0,-0.53,0,0,0,-0.93,-0.66,-0.93,-0.66,0,0,-0.78,-0.05,-1.13,-0.23,-0.35,-0.17,0,0,-0.3,0.07,0,0,-1.05,0.17,-1.05,0.17,0,0,0,0,0,0,0,0,0,0,0.34,0.93,-1.23,0.34,1.18,0,1.18,0,0.9,-0.6,1.32,0,1.32]},{"time":0.5,"vertices":[-0.63,-0.32,-0.47,0,-0.47,0,0,0,-0.82,-0.58,-0.82,-0.58,0,0,-0.69,-0.04,-1,-0.2,-0.32,-0.15,0,0,-0.71,0.05,0,0,-0.94,0.15,-0.94,0.15,0,0,0.23,0.1,0,0,0.09,0.07,0,0,0.48,1,-0.93,0.48,1.05,0,1.05,0,0.81,-0.54,1.19,0,1.19]},{"time":0.7083,"vertices":[-0.26,-0.13,-0.2,0,-0.2,0,0,0,-0.34,-0.24,-0.34,-0.24,0,0,-0.28,-0.02,-0.41,-0.09,-0.13,-0.07,0,0,-2.79,-0.07,0,0,-0.39,0.07,-0.39,0.07,0,0,1.38,0.63,0,0,0.54,0.45,0,0,1.15,1.41,0.56,1.19,0.43,0,0.43,0,0.34,-0.22,0.49,0,0.49]},{"time":0.9166,"offset":53,"vertices":[0]}]}}}}}},[0]]],0,0,[0],[-1],[0]]