[1,["7a/QZLET9IDreTiBfRn2PD","c4JvTLkxhHtYY6HuGfPJyN","2dy+nyj9xDe6sqJHpZ1NKT"],["node","root","ske","data","_N$skeletonData"],[["cc.Prefab",["_name"],2],["cc.Node",["_name","_groupIndex","_children","_components","_prefab"],1,2,9,4],["cc.Node",["_name","_groupIndex","_parent","_components","_prefab","_contentSize","_trs"],1,1,2,4,5,7],["cc.CircleCollider",["_radius","node"],2,1],["cc.BoxCollider",["node","_size"],3,1,5],["2fd84qgTxlNla8RAGPr2aOb",["node"],3,1],["1ab695SfTxHj46gL5xG1BMg",["node","ske"],3,1,1],["cc.PrefabInfo",["fileId","root"],2,1],["sp.Skeleton",["defaultAnimation","_preCacheMode","_cacheMode","_animationName","_N$enableBatch","node","_materials"],-2,1,3],["sp.SkeletonData",["_name","_atlasText","textureNames","_skeletonJson","textures"],-1,3]],[[7,0,1,2],[0,0,2],[1,0,1,2,3,4,3],[2,0,1,2,3,4,5,6,3],[3,0,1,2],[4,0,1,1],[5,0,1],[6,0,1,1],[8,0,1,2,3,4,5,6,6],[9,0,1,2,3,4,5]],[[[[1,"enemy5"],[2,"enemy5",1,[-7],[[4,25,-2],[5,-3,[5,50,35]],[6,-4],[7,-6,-5]],[0,"8f90PNcZdMUp0MuK5Satni",-1]],[3,"ske",1,1,[-8],[0,"5ea1gTGuVC3oMot6/lmGLl",1],[5,65.97,65.08],[0,-30,0,0,0,0,1,1,1,1]],[8,"walk",1,1,"walk",true,2,[0]]],0,[0,1,1,0,0,1,0,0,1,0,0,1,0,2,3,0,0,1,0,-1,2,0,-1,3,0,3,1,8],[0,3],[-1,4],[0,1]],[[[9,"enemy_005","\r\nenemy_005.png\r\nsize: 256,64\r\nformat: RGBA8888\r\nfilter: Linear,Linear\r\nrepeat: none\r\n005hand1\r\n  rotate: false\r\n  xy: 176, 10\r\n  size: 19, 24\r\n  orig: 19, 24\r\n  offset: 0, 0\r\n  index: -1\r\n005hand1a\r\n  rotate: false\r\n  xy: 143, 2\r\n  size: 8, 30\r\n  orig: 8, 30\r\n  offset: 0, 0\r\n  index: -1\r\n005hand2\r\n  rotate: true\r\n  xy: 151, 36\r\n  size: 26, 33\r\n  orig: 26, 33\r\n  offset: 0, 0\r\n  index: -1\r\n005hand3\r\n  rotate: true\r\n  xy: 221, 42\r\n  size: 20, 33\r\n  orig: 20, 33\r\n  offset: 0, 0\r\n  index: -1\r\n005hand4\r\n  rotate: false\r\n  xy: 197, 10\r\n  size: 19, 24\r\n  orig: 19, 24\r\n  offset: 0, 0\r\n  index: -1\r\n005hand5\r\n  rotate: true\r\n  xy: 186, 36\r\n  size: 26, 33\r\n  orig: 26, 33\r\n  offset: 0, 0\r\n  index: -1\r\n005hand6\r\n  rotate: true\r\n  xy: 221, 20\r\n  size: 20, 33\r\n  orig: 20, 33\r\n  offset: 0, 0\r\n  index: -1\r\n005hat\r\n  rotate: false\r\n  xy: 41, 29\r\n  size: 36, 33\r\n  orig: 36, 33\r\n  offset: 0, 0\r\n  index: -1\r\n005leg\r\n  rotate: false\r\n  xy: 235, 5\r\n  size: 12, 13\r\n  orig: 12, 13\r\n  offset: 0, 0\r\n  index: -1\r\n005shadow1\r\n  rotate: true\r\n  xy: 218, 4\r\n  size: 14, 15\r\n  orig: 14, 15\r\n  offset: 0, 0\r\n  index: -1\r\n005shadow2\r\n  rotate: false\r\n  xy: 2, 27\r\n  size: 37, 35\r\n  orig: 37, 35\r\n  offset: 0, 0\r\n  index: -1\r\n005shadow3\r\n  rotate: true\r\n  xy: 115, 11\r\n  size: 21, 26\r\n  orig: 21, 26\r\n  offset: 0, 0\r\n  index: -1\r\n005shadow4\r\n  rotate: true\r\n  xy: 79, 34\r\n  size: 28, 34\r\n  orig: 28, 34\r\n  offset: 0, 0\r\n  index: -1\r\n005shadow5\r\n  rotate: true\r\n  xy: 2, 3\r\n  size: 22, 34\r\n  orig: 22, 34\r\n  offset: 0, 0\r\n  index: -1\r\n005shadow6\r\n  rotate: false\r\n  xy: 153, 8\r\n  size: 21, 26\r\n  orig: 21, 26\r\n  offset: 0, 0\r\n  index: -1\r\n005shadow7\r\n  rotate: true\r\n  xy: 115, 34\r\n  size: 28, 34\r\n  orig: 28, 34\r\n  offset: 0, 0\r\n  index: -1\r\n005shadow8\r\n  rotate: true\r\n  xy: 79, 10\r\n  size: 22, 34\r\n  orig: 22, 34\r\n  offset: 0, 0\r\n  index: -1\r\n",["enemy_005.png"],{"skeleton":{"hash":"YPjA+YopRi2w3FabWy2vW5GsRsg","spine":"3.6.53","width":65.97,"height":65.08,"images":"../images/"},"bones":[{"name":"root","scaleX":0.2,"scaleY":0.2},{"name":"bone2","parent":"root","y":36.15},{"name":"005hand2","parent":"bone2","length":98.82,"rotation":26.21,"x":-0.83,"y":0.15},{"name":"005hand1","parent":"005hand2","length":91.18,"rotation":41.83,"x":105.53,"y":-0.26},{"name":"005hand4","parent":"005hand1","length":89.07,"rotation":40.26,"x":99.79,"y":0.53},{"name":"005hand5","parent":"bone2","length":96.74,"rotation":155.42,"x":-0.74,"y":0.15},{"name":"005hand7","parent":"005hand5","length":85.78,"rotation":-36.41,"x":104.15,"y":-6.36},{"name":"005hand6","parent":"005hand7","length":88.91,"rotation":-45.5,"x":87.38,"y":-5.56},{"name":"005hand1a","parent":"bone2","x":-8.37,"y":26.97},{"name":"005leg","parent":"bone2","length":43.01,"rotation":-75.3,"x":51.86,"y":14.47},{"name":"005leg2","parent":"bone2","length":43.01,"rotation":-100.78,"x":-56.01,"y":15.14},{"name":"bone","parent":"bone2","y":125.33}],"slots":[{"name":"005shadow8","bone":"005hand6","attachment":"005shadow8"},{"name":"005shadow7","bone":"005hand5","attachment":"005shadow7"},{"name":"005shadow6","bone":"005hand7","attachment":"005shadow6"},{"name":"005shadow5","bone":"005hand4","attachment":"005shadow5"},{"name":"005shadow4","bone":"005hand2","attachment":"005shadow4"},{"name":"005shadow3","bone":"005hand1","attachment":"005shadow3"},{"name":"005shadow2","bone":"bone","attachment":"005shadow2"},{"name":"005shadow1","bone":"005leg","attachment":"005shadow1"},{"name":"005shadow9","bone":"005leg2","attachment":"005shadow1"},{"name":"005hand1a","bone":"005hand1a","attachment":"005hand1a"},{"name":"005leg","bone":"005leg","attachment":"005leg"},{"name":"005leg2","bone":"005leg2","attachment":"005leg"},{"name":"005hand6","bone":"005hand6","attachment":"005hand6"},{"name":"005hand5","bone":"005hand5","attachment":"005hand5"},{"name":"005hand4","bone":"005hand7","attachment":"005hand4"},{"name":"005hand3","bone":"005hand4","attachment":"005hand3"},{"name":"005hand2","bone":"005hand2","attachment":"005hand2"},{"name":"005hand1","bone":"005hand1","attachment":"005hand1"},{"name":"005hat","bone":"bone","attachment":"005hat"}],"skins":{"default":{"005hand1":{"005hand1":{"x":50.67,"y":0.83,"rotation":-68.04,"width":96,"height":120}},"005hand1a":{"005hand1a":{"x":7.97,"y":39.7,"width":38,"height":151}},"005hand2":{"005hand2":{"x":88.41,"y":32.47,"rotation":-26.21,"width":132,"height":163}},"005hand3":{"005hand3":{"x":57.01,"y":1.85,"rotation":-108.3,"width":100,"height":164}},"005hand4":{"005hand4":{"x":48.15,"y":-5.08,"rotation":-119.01,"width":96,"height":120}},"005hand5":{"005hand5":{"x":85.63,"y":-35.81,"rotation":-155.42,"width":132,"height":163}},"005hand6":{"005hand6":{"x":67.38,"y":-0.5,"rotation":-73.51,"width":100,"height":164}},"005hat":{"005hat":{"width":178,"height":167}},"005leg":{"005leg":{"x":14.48,"y":-0.55,"rotation":75.3,"width":60,"height":65}},"005leg2":{"005leg":{"x":14.48,"y":-0.55,"rotation":75.3,"width":60,"height":65}},"005shadow1":{"005shadow1":{"x":14.48,"y":-0.55,"rotation":75.3,"width":68,"height":73}},"005shadow2":{"005shadow2":{"width":186,"height":175}},"005shadow3":{"005shadow3":{"x":50.67,"y":0.83,"rotation":-68.04,"width":104,"height":128}},"005shadow4":{"005shadow4":{"x":88.41,"y":32.47,"rotation":-26.21,"width":140,"height":171}},"005shadow5":{"005shadow5":{"x":57.01,"y":1.85,"rotation":-108.3,"width":108,"height":172}},"005shadow6":{"005shadow6":{"x":48.15,"y":-5.08,"rotation":-119.01,"width":104,"height":128}},"005shadow7":{"005shadow7":{"x":85.63,"y":-35.81,"rotation":-155.42,"width":140,"height":171}},"005shadow8":{"005shadow8":{"x":67.38,"y":-0.5,"rotation":-73.51,"width":108,"height":172}},"005shadow9":{"005shadow1":{"x":14.48,"y":-0.55,"rotation":75.3,"width":68,"height":73}}}},"events":{"hit":{}},"animations":{"beaten":{"bones":{"bone2":{"translate":[{"time":0,"x":0,"y":-7.35},{"time":0.1667,"x":0,"y":-10.68},{"time":0.2667,"x":0,"y":-8.01},{"time":0.4333,"x":0,"y":0}]},"005hand5":{"rotate":[{"time":0,"angle":7.58},{"time":0.1667,"angle":-8.17},{"time":0.2667,"angle":-9.17},{"time":0.4333,"angle":0}],"translate":[{"time":0,"x":0,"y":-2.16},{"time":0.1667,"x":0,"y":1.44},{"time":0.2667,"x":0,"y":3.6}]},"005hand7":{"rotate":[{"time":0.0667,"angle":0.85},{"time":0.1667,"angle":0,"curve":"stepped"},{"time":0.2667,"angle":0,"curve":"stepped"},{"time":0.4333,"angle":0}]},"005hand6":{"rotate":[{"time":0.0667,"angle":1.71},{"time":0.1667,"angle":0,"curve":"stepped"},{"time":0.2667,"angle":0,"curve":"stepped"},{"time":0.4333,"angle":0}]},"005hand2":{"rotate":[{"time":0,"angle":-6.47},{"time":0.1667,"angle":9.61},{"time":0.2667,"angle":10.34},{"time":0.4333,"angle":0}],"translate":[{"time":0,"x":0,"y":-2.16},{"time":0.1667,"x":0,"y":1.44},{"time":0.2667,"x":0,"y":3.6}]},"005hand1":{"rotate":[{"time":0.0667,"angle":-0.59},{"time":0.1667,"angle":0,"curve":"stepped"},{"time":0.2667,"angle":0,"curve":"stepped"},{"time":0.4333,"angle":0}]},"005hand4":{"rotate":[{"time":0.0667,"angle":-2.1},{"time":0.1667,"angle":0,"curve":"stepped"},{"time":0.2667,"angle":0,"curve":"stepped"},{"time":0.4333,"angle":0}]},"bone":{"translate":[{"time":0,"x":0,"y":-1.63,"curve":[0.25,0,0.75,1]},{"time":0.0667,"x":0,"y":-9.26,"curve":[0.25,0,0.75,1]},{"time":0.1667,"x":0,"y":0,"curve":"stepped"},{"time":0.2667,"x":0,"y":0,"curve":"stepped"},{"time":0.4333,"x":0,"y":0}]},"005hand1a":{"translate":[{"time":0,"x":0,"y":0,"curve":"stepped"},{"time":0.1,"x":0,"y":0},{"time":0.2667,"x":0,"y":6.18}]},"005leg2":{"translate":[{"time":0,"x":0,"y":0},{"time":0.1667,"x":0,"y":8.01},{"time":0.2667,"x":0,"y":10.68},{"time":0.4333,"x":0,"y":0}]},"005leg":{"translate":[{"time":0,"x":0,"y":0},{"time":0.1667,"x":0,"y":8.01},{"time":0.2667,"x":0,"y":10.68},{"time":0.4333,"x":0,"y":0}]}}},"beaten2":{"bones":{"bone2":{"translate":[{"time":0,"x":0,"y":-7.35}]},"005hand5":{"rotate":[{"time":0,"angle":7.58}],"translate":[{"time":0,"x":0,"y":-2.16}]},"005hand2":{"rotate":[{"time":0,"angle":-6.47}],"translate":[{"time":0,"x":0,"y":-2.16}]},"bone":{"translate":[{"time":0,"x":0,"y":-1.63}]},"005hand1a":{"translate":[{"time":0,"x":0,"y":0}]},"005leg2":{"translate":[{"time":0,"x":0,"y":0}]},"005leg":{"translate":[{"time":0,"x":0,"y":0}]}}},"dead":{"slots":{"005hand1":{"color":[{"time":0,"color":"ffffffff","curve":"stepped"},{"time":0.1,"color":"ffffffff"},{"time":0.1667,"color":"ffffff00"}]},"005hand2":{"color":[{"time":0,"color":"ffffffff","curve":"stepped"},{"time":0.1,"color":"ffffffff"},{"time":0.1667,"color":"ffffff00"}]},"005hand3":{"color":[{"time":0,"color":"ffffffff","curve":"stepped"},{"time":0.1,"color":"ffffffff"},{"time":0.1667,"color":"ffffff00"}]},"005hand4":{"color":[{"time":0,"color":"ffffffff","curve":"stepped"},{"time":0.1,"color":"ffffffff"},{"time":0.1667,"color":"ffffff00"}]},"005hand5":{"color":[{"time":0,"color":"ffffffff","curve":"stepped"},{"time":0.1,"color":"ffffffff"},{"time":0.1667,"color":"ffffff00"}]},"005hand6":{"color":[{"time":0,"color":"ffffffff","curve":"stepped"},{"time":0.1,"color":"ffffffff"},{"time":0.1667,"color":"ffffff00"}]},"005hat":{"color":[{"time":0,"color":"ffffffff","curve":"stepped"},{"time":0.1,"color":"ffffffff"},{"time":0.1667,"color":"ffffff00"}]},"005leg":{"color":[{"time":0,"color":"ffffffff","curve":"stepped"},{"time":0.1,"color":"ffffffff"},{"time":0.1667,"color":"ffffff00"}]},"005leg2":{"color":[{"time":0,"color":"ffffffff","curve":"stepped"},{"time":0.1,"color":"ffffffff"},{"time":0.1667,"color":"ffffff00"}]},"005shadow1":{"color":[{"time":0,"color":"ffffffff","curve":"stepped"},{"time":0.1,"color":"ffffffff"},{"time":0.1667,"color":"ffffff00"}]},"005shadow2":{"color":[{"time":0,"color":"ffffffff","curve":"stepped"},{"time":0.1,"color":"ffffffff"},{"time":0.1667,"color":"ffffff00"}]},"005shadow3":{"color":[{"time":0,"color":"ffffffff","curve":"stepped"},{"time":0.1,"color":"ffffffff"},{"time":0.1667,"color":"ffffff00"}]},"005shadow4":{"color":[{"time":0,"color":"ffffffff","curve":"stepped"},{"time":0.1,"color":"ffffffff"},{"time":0.1667,"color":"ffffff00"}]},"005shadow5":{"color":[{"time":0,"color":"ffffffff","curve":"stepped"},{"time":0.1,"color":"ffffffff"},{"time":0.1667,"color":"ffffff00"}]},"005shadow6":{"color":[{"time":0,"color":"ffffffff","curve":"stepped"},{"time":0.1,"color":"ffffffff"},{"time":0.1667,"color":"ffffff00"}]},"005shadow7":{"color":[{"time":0,"color":"ffffffff","curve":"stepped"},{"time":0.1,"color":"ffffffff"},{"time":0.1667,"color":"ffffff00"}]},"005shadow8":{"color":[{"time":0,"color":"ffffffff","curve":"stepped"},{"time":0.1,"color":"ffffffff"},{"time":0.1667,"color":"ffffff00"}]},"005shadow9":{"color":[{"time":0,"color":"ffffffff","curve":"stepped"},{"time":0.1,"color":"ffffffff"},{"time":0.1667,"color":"ffffff00"}]}},"bones":{"005hand5":{"rotate":[{"time":0,"angle":0,"curve":"stepped"},{"time":0.1667,"angle":0}],"translate":[{"time":0,"x":0,"y":0},{"time":0.1667,"x":-136.45,"y":-460.88}]},"005hand2":{"rotate":[{"time":0,"angle":0,"curve":"stepped"},{"time":0.1667,"angle":0}],"translate":[{"time":0,"x":0,"y":0},{"time":0.1667,"x":176.76,"y":-452.95}],"scale":[{"time":0,"x":1,"y":1,"curve":"stepped"},{"time":0.1667,"x":1,"y":1}]},"005hand7":{"rotate":[{"time":0,"angle":0,"curve":"stepped"},{"time":0.1667,"angle":0}],"translate":[{"time":0,"x":0,"y":0},{"time":0.1667,"x":50.19,"y":164.43}],"scale":[{"time":0,"x":1,"y":1,"curve":"stepped"},{"time":0.1667,"x":1,"y":1}]},"005hand6":{"rotate":[{"time":0,"angle":0},{"time":0.1667,"angle":-97.02}],"translate":[{"time":0,"x":0,"y":0},{"time":0.1667,"x":160.18,"y":-245.09}],"scale":[{"time":0,"x":1,"y":1,"curve":"stepped"},{"time":0.1667,"x":1,"y":1}]},"005hand1":{"rotate":[{"time":0,"angle":0,"curve":"stepped"},{"time":0.1667,"angle":0}],"translate":[{"time":0,"x":0,"y":0},{"time":0.1667,"x":37.83,"y":-147.3}],"scale":[{"time":0,"x":1,"y":1,"curve":"stepped"},{"time":0.1667,"x":1,"y":1}]},"005hand4":{"rotate":[{"time":0,"angle":0},{"time":0.1667,"angle":-155.7}],"translate":[{"time":0,"x":0,"y":0},{"time":0.1667,"x":153.42,"y":284.79}],"scale":[{"time":0,"x":1,"y":1,"curve":"stepped"},{"time":0.1667,"x":1,"y":1}]},"bone":{"rotate":[{"time":0,"angle":0},{"time":0.1667,"angle":-143.26}],"translate":[{"time":0,"x":0,"y":0},{"time":0.1667,"x":27.03,"y":-424.3}],"scale":[{"time":0,"x":1,"y":1,"curve":"stepped"},{"time":0.1667,"x":1,"y":1}]},"005leg2":{"rotate":[{"time":0,"angle":0},{"time":0.1667,"angle":228.66}],"translate":[{"time":0,"x":0,"y":0},{"time":0.1667,"x":-234.24,"y":-36.04}],"scale":[{"time":0,"x":1,"y":1,"curve":"stepped"},{"time":0.1667,"x":1,"y":1}]},"005leg":{"rotate":[{"time":0,"angle":0},{"time":0.1667,"angle":226.27}],"translate":[{"time":0,"x":0,"y":0},{"time":0.1667,"x":159.23,"y":-29.75}],"scale":[{"time":0,"x":1,"y":1,"curve":"stepped"},{"time":0.1667,"x":1,"y":1}]}}},"stand":{"bones":{"005hand2":{"rotate":[{"time":0,"angle":0}],"translate":[{"time":0,"x":0,"y":0}]},"005hand5":{"rotate":[{"time":0,"angle":0}],"translate":[{"time":0,"x":0,"y":0}]},"bone2":{"translate":[{"time":0,"x":0,"y":0}]},"005leg2":{"translate":[{"time":0,"x":0,"y":0}]},"005leg":{"translate":[{"time":0,"x":0,"y":0}]}}},"strike":{"bones":{"005hand2":{"rotate":[{"time":0,"angle":0},{"time":0.2333,"angle":-12.23},{"time":0.3,"angle":13.55},{"time":0.4667,"angle":0}],"translate":[{"time":0,"x":0,"y":0},{"time":0.2333,"x":-1.8,"y":-2.71},{"time":0.3,"x":0,"y":0,"curve":"stepped"},{"time":0.4667,"x":0,"y":0}]},"005hand5":{"rotate":[{"time":0,"angle":0},{"time":0.2333,"angle":11.09},{"time":0.3,"angle":-12.53},{"time":0.4667,"angle":0}],"translate":[{"time":0,"x":0,"y":0},{"time":0.2333,"x":5.41,"y":-3.61},{"time":0.3,"x":0,"y":0,"curve":"stepped"},{"time":0.4667,"x":0,"y":0}]},"bone2":{"translate":[{"time":0,"x":0,"y":0},{"time":0.2,"x":0,"y":-7.05},{"time":0.3,"x":0,"y":5.22},{"time":0.4667,"x":0,"y":0}]},"005leg2":{"translate":[{"time":0,"x":0,"y":5.22},{"time":0.2,"x":0,"y":4.7},{"time":0.3,"x":0,"y":11.74},{"time":0.4667,"x":0,"y":5.22}]},"005leg":{"translate":[{"time":0,"x":0,"y":5.22},{"time":0.2,"x":0,"y":4.7},{"time":0.3,"x":0,"y":11.74},{"time":0.4667,"x":0,"y":5.22}]},"005hand6":{"rotate":[{"time":0,"angle":0},{"time":0.2,"angle":6.22},{"time":0.3333,"angle":-7.01},{"time":0.4667,"angle":-9.44}]},"005hand4":{"rotate":[{"time":0,"angle":-4.85},{"time":0.2,"angle":-15.42},{"time":0.3333,"angle":7.03},{"time":0.4667,"angle":0}]},"bone":{"translate":[{"time":0,"x":0,"y":-9.14,"curve":"stepped"},{"time":0.2,"x":0,"y":-9.14},{"time":0.3333,"x":0,"y":-3.92},{"time":0.4667,"x":0,"y":-9.14}]}},"events":[{"time":0.3,"name":"hit"}]},"walk":{"bones":{"005leg":{"translate":[{"time":0,"x":0.62,"y":1.14},{"time":0.2667,"x":-0.03,"y":15.62},{"time":0.3333,"x":-0.06,"y":17.61},{"time":0.6,"x":-2.22,"y":26.9,"curve":"stepped"},{"time":0.6667,"x":-2.22,"y":26.9},{"time":0.8,"x":-0.38,"y":17.18},{"time":0.8667,"x":2.13,"y":14.06},{"time":1,"x":0.62,"y":1.14}]},"005leg2":{"translate":[{"time":0,"x":3.6,"y":31.77},{"time":0.2667,"x":4.15,"y":23.33,"curve":"stepped"},{"time":0.3333,"x":4.15,"y":23.33},{"time":0.6,"x":1.67,"y":4},{"time":0.6667,"x":0.79,"y":2.9},{"time":0.8333,"x":4.44,"y":20.79},{"time":1,"x":3.6,"y":31.77}]},"bone":{"rotate":[{"time":0,"angle":0,"curve":[0.25,0,0.75,1]},{"time":0.3333,"angle":-1.55,"curve":[0.25,0,0.75,1]},{"time":0.6667,"angle":0.47,"curve":[0.25,0,0.75,1]},{"time":1,"angle":0}]},"bone2":{"rotate":[{"time":0,"angle":8},{"time":0.1,"angle":11.31},{"time":0.3,"angle":-0.21},{"time":0.3667,"angle":-0.7},{"time":0.5333,"angle":-8.83},{"time":0.6,"angle":-9.18},{"time":0.8333,"angle":-0.21},{"time":0.9,"angle":0.88},{"time":1,"angle":8}]},"005hand5":{"rotate":[{"time":0,"angle":0.74,"curve":"stepped"},{"time":0.1,"angle":0.74},{"time":0.1667,"angle":1.81},{"time":0.2667,"angle":-5.5},{"time":0.3333,"angle":-5.52},{"time":0.5333,"angle":-11.6},{"time":0.6,"angle":-12.28},{"time":0.8333,"angle":-5.5,"curve":"stepped"},{"time":0.9,"angle":-5.5},{"time":1,"angle":0.74}],"scale":[{"time":0,"x":0.974,"y":1,"curve":"stepped"},{"time":0.1,"x":0.974,"y":1},{"time":0.2667,"x":1,"y":1,"curve":"stepped"},{"time":0.3333,"x":1,"y":1},{"time":0.5333,"x":1.035,"y":1,"curve":"stepped"},{"time":0.6,"x":1.035,"y":1},{"time":0.8333,"x":1,"y":1,"curve":"stepped"},{"time":0.9,"x":1,"y":1},{"time":1,"x":0.974,"y":1}]},"005hand2":{"rotate":[{"time":0,"angle":7.23,"curve":"stepped"},{"time":0.0667,"angle":7.23},{"time":0.2333,"angle":0.63},{"time":0.3,"angle":0.57},{"time":0.5333,"angle":-4.95},{"time":0.6,"angle":-5.15},{"time":0.6667,"angle":-8.16},{"time":0.8333,"angle":0.63},{"time":0.9,"angle":0.8},{"time":1,"angle":7.23}],"scale":[{"time":0,"x":1.079,"y":1},{"time":0.0667,"x":1.064,"y":1},{"time":0.2333,"x":1.055,"y":1},{"time":0.3,"x":1.065,"y":1},{"time":0.5333,"x":0.933,"y":1},{"time":0.6,"x":0.919,"y":1},{"time":0.8333,"x":1.055,"y":1,"curve":"stepped"},{"time":0.9,"x":1.055,"y":1},{"time":1,"x":1.079,"y":1}]},"005hand7":{"scale":[{"time":0,"x":1,"y":1},{"time":0.2667,"x":0.954,"y":1},{"time":0.6667,"x":0.985,"y":1},{"time":0.7667,"x":1.017,"y":1},{"time":1,"x":1,"y":1}]},"005hand1":{"scale":[{"time":0,"x":1,"y":1},{"time":0.2333,"x":0.964,"y":1},{"time":0.3333,"x":0.963,"y":1},{"time":0.6667,"x":0.989,"y":0.985},{"time":0.8,"x":1.013,"y":1},{"time":1,"x":1,"y":1}]},"005hand4":{"scale":[{"time":0,"x":1.142,"y":1},{"time":0.0667,"x":1.151,"y":1},{"time":0.2333,"x":1.095,"y":1},{"time":0.3,"x":1.105,"y":1},{"time":0.5333,"x":1.004,"y":1,"curve":"stepped"},{"time":0.6,"x":1.004,"y":1},{"time":0.8333,"x":1.095,"y":1,"curve":"stepped"},{"time":0.9,"x":1.095,"y":1},{"time":1,"x":1.142,"y":1}]},"005hand6":{"scale":[{"time":0,"x":0.975,"y":1},{"time":0.1,"x":0.923,"y":1},{"time":0.2667,"x":1,"y":1,"curve":"stepped"},{"time":0.3333,"x":1,"y":1},{"time":0.5333,"x":1.106,"y":1,"curve":"stepped"},{"time":0.6,"x":1.106,"y":1},{"time":0.8333,"x":1,"y":1,"curve":"stepped"},{"time":0.9,"x":1,"y":1,"curve":"stepped"},{"time":1,"x":1,"y":1}]}}},"walk_bak":{"bones":{"005leg":{"translate":[{"time":0,"x":0,"y":7.96},{"time":0.2,"x":0,"y":6.66},{"time":0.3,"x":0,"y":5.37},{"time":0.5667,"x":0,"y":13.15},{"time":0.7,"x":0,"y":14.88},{"time":1,"x":0,"y":7.96}]},"005leg2":{"translate":[{"time":0,"x":0,"y":16.84},{"time":0.1667,"x":0,"y":18.45},{"time":0.2667,"x":0,"y":19.31},{"time":0.5667,"x":0,"y":9.8},{"time":0.7667,"x":0,"y":8.52},{"time":1,"x":0,"y":16.84}]},"bone":{"rotate":[{"time":0,"angle":0,"curve":[0.25,0,0.75,1]},{"time":0.3333,"angle":-1.55,"curve":[0.25,0,0.75,1]},{"time":0.6667,"angle":0.47,"curve":[0.25,0,0.75,1]},{"time":1,"angle":0}]},"bone2":{"rotate":[{"time":0,"angle":3.12},{"time":0.1667,"angle":4.26},{"time":0.3,"angle":4.24},{"time":0.5667,"angle":-2.45},{"time":0.7,"angle":-3.09},{"time":1,"angle":3.12}]},"005hand5":{"rotate":[{"time":0,"angle":-5.74},{"time":0.2667,"angle":-1.87},{"time":0.6667,"angle":-5.06},{"time":0.7667,"angle":-6.09},{"time":1,"angle":-5.82}],"scale":[{"time":0,"x":1,"y":1,"curve":"stepped"},{"time":0.2667,"x":1,"y":1}]},"005hand2":{"rotate":[{"time":0,"angle":0},{"time":0.2,"angle":1.23},{"time":0.3,"angle":2.26},{"time":0.7,"angle":0.21},{"time":0.8,"angle":-1.79},{"time":1,"angle":0}]}}}}},[0]]],0,0,[0],[-1],[2]]]]