[1,["7eSw/ak81MDLyVJqmO4BfN","d9AEN8ZrtFrKY62f2S+n2T"],["node","root","data","_N$skeletonData"],[["cc.Prefab",["_name"],2],["cc.Node",["_name","_groupIndex","_components","_prefab","_contentSize","_trs"],1,9,4,5,7],["sp.Skeleton",["defaultAnimation","_preCacheMode","_cacheMode","_animationName","_N$enableBatch","node","_N$skeletonData"],-2,1,6],["d6485tJEkdMoIplWDIZNrRd",["node"],3,1],["cc.CircleCollider",["tag","_radius","node"],1,1],["cc.PrefabInfo",["fileId","root"],2,1],["sp.SkeletonData",["_name","_atlasText","textureNames","_skeletonJson","textures"],-1,3]],[[0,0,2],[1,0,1,2,3,4,5,3],[2,0,1,2,3,4,5,6,6],[3,0,1],[4,0,1,2,3],[5,0,1,2],[6,0,1,2,3,4,5]],[[[[0,"bullet10"],[1,"bullet10",2,[[2,"djp",1,1,"djp",true,-2,0],[3,-3],[4,8,60,-4]],[5,"beQGKxOL1MO5FYHA98RVDe",-1],[5,132.8,132.8],[209,149,0,0,0,0,1,1,1,1]]],0,[0,1,1,0,0,1,0,0,1,0,0,1,0,2,1,4],[0],[3],[0]],[[[6,"biubiu_010","\r\nbiubiu_010.png\r\nsize: 512,512\r\nformat: RGBA8888\r\nfilter: Linear,Linear\r\nrepeat: none\r\na1\r\n  rotate: true\r\n  xy: 298, 2\r\n  size: 84, 102\r\n  orig: 84, 102\r\n  offset: 0, 0\r\n  index: -1\r\na2\r\n  rotate: false\r\n  xy: 299, 88\r\n  size: 123, 122\r\n  orig: 123, 122\r\n  offset: 0, 0\r\n  index: -1\r\na3\r\n  rotate: false\r\n  xy: 2, 42\r\n  size: 145, 144\r\n  orig: 145, 144\r\n  offset: 0, 0\r\n  index: -1\r\na4\r\n  rotate: false\r\n  xy: 310, 358\r\n  size: 142, 143\r\n  orig: 142, 143\r\n  offset: 0, 0\r\n  index: -1\r\na5\r\n  rotate: true\r\n  xy: 153, 58\r\n  size: 141, 143\r\n  orig: 141, 143\r\n  offset: 0, 0\r\n  index: -1\r\na6\r\n  rotate: false\r\n  xy: 153, 201\r\n  size: 144, 144\r\n  orig: 144, 144\r\n  offset: 0, 0\r\n  index: -1\r\na7\r\n  rotate: false\r\n  xy: 2, 347\r\n  size: 155, 154\r\n  orig: 155, 154\r\n  offset: 0, 0\r\n  index: -1\r\na8\r\n  rotate: false\r\n  xy: 159, 347\r\n  size: 149, 154\r\n  orig: 149, 154\r\n  offset: 0, 0\r\n  index: -1\r\na9\r\n  rotate: false\r\n  xy: 2, 188\r\n  size: 149, 157\r\n  orig: 149, 157\r\n  offset: 0, 0\r\n  index: -1\r\nback\r\n  rotate: false\r\n  xy: 299, 212\r\n  size: 133, 133\r\n  orig: 133, 133\r\n  offset: 0, 0\r\n  index: -1\r\n",["biubiu_010.png"],{"skeleton":{"hash":"WAuOc/0VPOOCBFdjYhuQxQTxk0g","spine":"3.6.53","width":132.8,"height":132.8,"images":"./images/"},"bones":[{"name":"root","scaleX":0.4,"scaleY":0.4},{"name":"bone","parent":"root"}],"slots":[{"name":"back","bone":"bone","attachment":"back"},{"name":"a1","bone":"bone","attachment":"a1"},{"name":"a2","bone":"bone"},{"name":"a3","bone":"bone"},{"name":"a4","bone":"bone"},{"name":"a5","bone":"bone"},{"name":"a6","bone":"bone"},{"name":"a7","bone":"bone"},{"name":"a8","bone":"bone"},{"name":"a9","bone":"bone"}],"skins":{"default":{"a1":{"a1":{"x":-6,"y":-6,"width":210,"height":256}},"a2":{"a2":{"x":12.5,"y":-33.5,"width":307,"height":305}},"a3":{"a3":{"x":-4.5,"y":-10.5,"width":363,"height":359}},"a4":{"a4":{"x":-2.5,"y":-14,"width":355,"height":358}},"a5":{"a5":{"y":-14,"width":352,"height":358}},"a6":{"a6":{"x":-4.5,"y":-2,"width":359,"height":360}},"a7":{"a7":{"x":0.5,"y":-1,"width":387,"height":384}},"a8":{"a8":{"x":2,"width":372,"height":386}},"a9":{"a9":{"x":1,"y":3.5,"width":372,"height":393}},"back":{"back":{"width":332,"height":332}}}},"animations":{"djp":{"slots":{"a1":{"attachment":[{"time":0.1,"name":null}]},"a2":{"attachment":[{"time":0.1,"name":"a2"},{"time":0.2,"name":null}]},"a3":{"attachment":[{"time":0.2,"name":"a3"},{"time":0.3,"name":null}]},"a4":{"attachment":[{"time":0.3,"name":"a4"},{"time":0.4,"name":null}]},"a5":{"attachment":[{"time":0.4,"name":"a5"},{"time":0.5,"name":null}]},"a6":{"attachment":[{"time":0.5,"name":"a6"},{"time":0.6,"name":null}]},"a7":{"attachment":[{"time":0.6,"name":"a7"},{"time":0.7,"name":null}]},"a8":{"attachment":[{"time":0.7,"name":"a8"},{"time":0.8,"name":null}]},"a9":{"attachment":[{"time":0,"name":null},{"time":0.8,"name":"a9"},{"time":0.9,"name":null}]},"back":{"attachment":[{"time":0.9,"name":null}]}}}}},[0]]],0,0,[0],[-1],[1]]]]