[1,["c0LGLAUj9JWZMhiWencQQN","12d9e6856"],["node","root","data","_spriteFrame","_textureSetter"],[["cc.Node",["_name","_components","_prefab","_children","_parent","_contentSize","_trs"],2,9,4,2,1,5,7],"cc.SpriteFrame",["cc.Prefab",["_name"],2],["a91eflkUmlHFK31B+j3oPQW",["node"],3,1],["cc.PrefabInfo",["fileId","root"],2,1],["cc.Sprite",["node","_spriteFrame"],3,1,6]],[[4,0,1,2],[2,0,2],[0,0,3,1,2,2],[0,0,4,1,2,5,6,2],[3,0,1],[5,0,1,1]],[[[[1,"bullet7Strike"],[2,"bullet7Strike",[-3],[[4,-2]],[0,"f8oZyZnHBEkJn/Y6rlYQc+",-1]],[3,"New Sprite",1,[[5,-4,0]],[0,"1dcCbL0QNLr63o5uDLo6N2",1],[5,111,64],[1.7,-0.6,0,0,0,0,1,1,1,1]]],0,[0,1,1,0,0,1,0,-1,2,0,0,2,0,2,1,4],[0],[3],[0]],[[{"name":"biubiu_007g","rect":[386,443,111,64],"offset":[0,0],"originalSize":[111,64],"capInsets":[0,0,0,0]}],[1],0,[0],[4],[1]]]]