[1,["9bdFQsaQZPN6gxCiu9VY2q"],0,[["sp.SkeletonData",["_name","_atlasText","textureNames","_skeletonJson","textures"],-1,3]],[[0,0,1,2,3,4,5]],[[0,"eff_skill_icespike","\r\neff_skill_icespike.png\r\nsize: 1024, 256\r\nformat: RGBA8888\r\nfilter: Linear,Linear\r\nrepeat: none\r\nice_1_1\r\n  rotate: false\r\n  xy: 950, 198\r\n  size: 56, 56\r\n  orig: 56, 56\r\n  offset: 0, 0\r\n  index: -1\r\nice_1_2\r\n  rotate: false\r\n  xy: 460, 58\r\n  size: 208, 196\r\n  orig: 208, 196\r\n  offset: 0, 0\r\n  index: -1\r\nice_1_3\r\n  rotate: false\r\n  xy: 246, 54\r\n  size: 212, 200\r\n  orig: 212, 200\r\n  offset: 0, 0\r\n  index: -1\r\nice_2_1\r\n  rotate: false\r\n  xy: 850, 100\r\n  size: 64, 40\r\n  orig: 64, 40\r\n  offset: 0, 0\r\n  index: -1\r\nice_2_2\r\n  rotate: false\r\n  xy: 812, 142\r\n  size: 136, 112\r\n  orig: 136, 112\r\n  offset: 0, 0\r\n  index: -1\r\nice_2_3\r\n  rotate: false\r\n  xy: 670, 138\r\n  size: 140, 116\r\n  orig: 140, 116\r\n  offset: 0, 0\r\n  index: -1\r\nice_3_1\r\n  rotate: false\r\n  xy: 950, 172\r\n  size: 24, 24\r\n  orig: 24, 24\r\n  offset: 0, 0\r\n  index: -1\r\nice_3_2\r\n  rotate: true\r\n  xy: 768, 44\r\n  size: 92, 80\r\n  orig: 92, 80\r\n  offset: 0, 0\r\n  index: -1\r\nice_3_3\r\n  rotate: false\r\n  xy: 670, 52\r\n  size: 96, 84\r\n  orig: 96, 84\r\n  offset: 0, 0\r\n  index: -1\r\nparticle01\r\n  rotate: false\r\n  xy: 36, 2\r\n  size: 28, 28\r\n  orig: 28, 28\r\n  offset: 0, 0\r\n  index: -1\r\nparticle02\r\n  rotate: false\r\n  xy: 246, 32\r\n  size: 20, 20\r\n  orig: 20, 20\r\n  offset: 0, 0\r\n  index: -1\r\nsmoke\r\n  rotate: false\r\n  xy: 2, 2\r\n  size: 32, 28\r\n  orig: 32, 28\r\n  offset: 0, 0\r\n  index: -1\r\nwhite\r\n  rotate: false\r\n  xy: 2, 32\r\n  size: 242, 222\r\n  orig: 242, 222\r\n  offset: 0, 0\r\n  index: -1\r\n",["eff_skill_icespike.png"],{"skeleton":{"hash":"8wKtbKP4nO/E4pLtTX1ZWgOQbks","spine":"2.1.27","width":242,"height":222,"images":""},"bones":[{"name":"root"},{"name":"1","parent":"root","x":-50},{"name":"2","parent":"root","x":6},{"name":"3","parent":"root","x":46},{"name":"par01a1","parent":"root","x":-68.14,"y":11.45},{"name":"par01a2","parent":"root","x":20.95,"y":15.34},{"name":"par01a3","parent":"root","x":62.03,"y":57.3},{"name":"par01a4","parent":"root","x":-26,"y":41.49},{"name":"par01a5","parent":"root","x":-1.19,"y":85.09},{"name":"par01a6","parent":"root","x":4.15,"y":60.99},{"name":"par01a7","parent":"root","x":49.68,"y":114.55},{"name":"par01a8","parent":"root","x":80.31,"y":28.99},{"name":"pat02b1","parent":"root","x":-39.1,"y":14.97},{"name":"pat02b10","parent":"root","x":-11.03,"y":68.3},{"name":"pat02b2","parent":"root","x":24.05,"y":96.37},{"name":"pat02b3","parent":"root","x":-9.62,"y":25.5},{"name":"pat02b4","parent":"root","x":37.38,"y":41.64},{"name":"pat02b5","parent":"root","x":78.08,"y":69},{"name":"pat02b6","parent":"root","x":87.21,"y":41.64},{"name":"pat02b7","parent":"root","x":43,"y":23.39},{"name":"pat02b8","parent":"root","x":55.63,"y":16.37},{"name":"pat02b9","parent":"root","x":8.61,"y":73.92},{"name":"smoke1","parent":"root","x":-37.15,"y":31.35},{"name":"smoke2","parent":"root","x":-34.34,"y":17.31},{"name":"smoke3","parent":"root","x":-51.88,"y":15.91},{"name":"smoke4","parent":"root","x":38.63,"y":27.14},{"name":"smoke5","parent":"root","x":28.81,"y":21.52},{"name":"smoke6","parent":"root","x":42.14,"y":15.21},{"name":"white","parent":"root"}],"slots":[{"name":"ice_1_1","bone":"1","attachment":"ice_1_3"},{"name":"ice_2_3","bone":"2","attachment":"ice_2_3"},{"name":"ice_3_3","bone":"3","attachment":"ice_3_3"},{"name":"smoke","bone":"smoke3","attachment":"smoke"},{"name":"smoke4","bone":"smoke4","attachment":"smoke"},{"name":"smoke5","bone":"smoke5","attachment":"smoke"},{"name":"smoke6","bone":"smoke6","attachment":"smoke"},{"name":"smoke2","bone":"smoke1","attachment":"smoke"},{"name":"smoke3","bone":"smoke2","attachment":"smoke"},{"name":"particle01","bone":"par01a1","attachment":"particle01"},{"name":"particle1","bone":"par01a2","attachment":"particle01"},{"name":"particle2","bone":"par01a3","attachment":"particle01"},{"name":"particle3","bone":"par01a4","attachment":"particle01"},{"name":"particle4","bone":"par01a5","attachment":"particle01"},{"name":"particle5","bone":"par01a6","attachment":"particle01"},{"name":"particle6","bone":"par01a7","attachment":"particle01"},{"name":"particle7","bone":"par01a8","attachment":"particle01"},{"name":"particle02","bone":"pat02b1","attachment":"particle02"},{"name":"particle8","bone":"pat02b2","attachment":"particle02"},{"name":"particle9","bone":"pat02b3","attachment":"particle02"},{"name":"particle10","bone":"pat02b4","attachment":"particle02"},{"name":"particle11","bone":"pat02b5","attachment":"particle02"},{"name":"particle12","bone":"pat02b6","attachment":"particle02"},{"name":"particle13","bone":"pat02b7","attachment":"particle02"},{"name":"particle14","bone":"pat02b8","attachment":"particle02"},{"name":"particle15","bone":"pat02b9","attachment":"particle02"},{"name":"particle16","bone":"pat02b10","attachment":"particle02"},{"name":"white","bone":"white","attachment":"white"}],"skins":{"default":{"ice_1_1":{"ice_1_1":{"x":16,"y":29,"width":56,"height":56},"ice_1_2":{"x":64,"y":99,"width":208,"height":196},"ice_1_3":{"x":66,"y":101,"width":212,"height":200}},"ice_2_3":{"ice_2_1":{"x":16,"y":21,"width":64,"height":40},"ice_2_2":{"x":48,"y":57,"width":136,"height":112},"ice_2_3":{"x":49,"y":59,"width":140,"height":116}},"ice_3_3":{"ice_3_1":{"x":15,"y":13,"width":24,"height":24},"ice_3_2":{"x":32,"y":41,"width":92,"height":80},"ice_3_3":{"x":35,"y":43.01,"width":96,"height":84}},"particle01":{"particle01":{"width":28,"height":28}},"particle02":{"particle02":{"width":20,"height":20}},"particle1":{"particle01":{"width":28,"height":28}},"particle10":{"particle02":{"width":20,"height":20}},"particle11":{"particle02":{"width":20,"height":20}},"particle12":{"particle02":{"width":20,"height":20}},"particle13":{"particle02":{"width":20,"height":20}},"particle14":{"particle02":{"width":20,"height":20}},"particle15":{"particle02":{"width":20,"height":20}},"particle16":{"particle02":{"width":20,"height":20}},"particle2":{"particle01":{"width":28,"height":28}},"particle3":{"particle01":{"width":28,"height":28}},"particle4":{"particle01":{"width":28,"height":28}},"particle5":{"particle01":{"width":28,"height":28}},"particle6":{"particle01":{"width":28,"height":28}},"particle7":{"particle01":{"width":28,"height":28}},"particle8":{"particle02":{"width":20,"height":20}},"particle9":{"particle02":{"width":20,"height":20}},"smoke":{"smoke":{"width":32,"height":28}},"smoke2":{"smoke":{"width":32,"height":28}},"smoke3":{"smoke":{"width":32,"height":28}},"smoke4":{"smoke":{"width":32,"height":28}},"smoke5":{"smoke":{"width":32,"height":28}},"smoke6":{"smoke":{"width":32,"height":28}},"white":{"white":{"x":20,"y":101,"width":242,"height":222}}}},"animations":{"animation":{"slots":{"ice_1_1":{"attachment":[{"time":0,"name":"ice_1_1"},{"time":0.0333,"name":"ice_1_1"},{"time":0.1,"name":"ice_1_2"},{"time":0.1666,"name":"ice_1_3"},{"time":1.3333,"name":"ice_1_3"}],"color":[{"time":0,"color":"ffffff00"},{"time":0.0333,"color":"ffffffff","curve":"stepped"},{"time":0.5,"color":"ffffffff","curve":"stepped"},{"time":0.7333,"color":"ffffffff"},{"time":0.7666,"color":"ffffff00","curve":"stepped"},{"time":1.3333,"color":"ffffff00"}]},"ice_2_3":{"attachment":[{"time":0,"name":"ice_2_3"},{"time":0.0666,"name":"ice_2_1"},{"time":0.1666,"name":"ice_2_2"},{"time":0.2333,"name":"ice_2_3"},{"time":1.3333,"name":"ice_2_3"}],"color":[{"time":0,"color":"ffffff00","curve":"stepped"},{"time":0.0666,"color":"ffffff00"},{"time":0.1,"color":"ffffffff","curve":"stepped"},{"time":0.5,"color":"ffffffff","curve":"stepped"},{"time":0.7333,"color":"ffffffff"},{"time":0.7666,"color":"ffffff00","curve":"stepped"},{"time":1.3333,"color":"ffffff00"}]},"ice_3_3":{"attachment":[{"time":0,"name":"ice_3_3"},{"time":0.1333,"name":"ice_3_1"},{"time":0.2333,"name":"ice_3_2"},{"time":0.3,"name":"ice_3_3"},{"time":1.3333,"name":"ice_3_3"}],"color":[{"time":0,"color":"ffffff00","curve":"stepped"},{"time":0.1333,"color":"ffffff00"},{"time":0.1666,"color":"ffffffff","curve":"stepped"},{"time":0.5,"color":"ffffffff","curve":"stepped"},{"time":0.7333,"color":"ffffffff"},{"time":0.7666,"color":"ffffff00","curve":"stepped"},{"time":1.3333,"color":"ffffff00"}]},"particle01":{"attachment":[{"time":0,"name":"particle01"},{"time":1.3333,"name":"particle01"}],"color":[{"time":0,"color":"ffffff00","curve":"stepped"},{"time":0.7666,"color":"ffffff00","curve":[0.02,0.63,0.411,0.92]},{"time":0.8,"color":"ffffffff","curve":"stepped"},{"time":1.0666,"color":"ffffffff"},{"time":1.1666,"color":"ffffff00","curve":"stepped"},{"time":1.3333,"color":"ffffff00"}]},"particle1":{"attachment":[{"time":0,"name":"particle01"},{"time":1.3333,"name":"particle01"}],"color":[{"time":0,"color":"ffffff00","curve":"stepped"},{"time":0.7666,"color":"ffffff00","curve":[0.02,0.63,0.411,0.92]},{"time":0.8,"color":"ffffffff","curve":"stepped"},{"time":1.0666,"color":"ffffffff"},{"time":1.1666,"color":"ffffff00","curve":"stepped"},{"time":1.3333,"color":"ffffff00"}]},"particle2":{"attachment":[{"time":0,"name":"particle01"},{"time":1.3333,"name":"particle01"}],"color":[{"time":0,"color":"ffffff00","curve":"stepped"},{"time":0.7666,"color":"ffffff00","curve":[0.02,0.63,0.411,0.92]},{"time":0.8,"color":"ffffffff","curve":"stepped"},{"time":1.0666,"color":"ffffffff"},{"time":1.1666,"color":"ffffff00","curve":"stepped"},{"time":1.3333,"color":"ffffff00"}]},"particle02":{"attachment":[{"time":0,"name":"particle02"},{"time":0.6666,"name":"particle02"},{"time":1.3333,"name":"particle02"}],"color":[{"time":0,"color":"ffffff00"},{"time":0.0333,"color":"ffffffff","curve":"stepped"},{"time":0.5,"color":"ffffffff"},{"time":0.6666,"color":"ffffff00","curve":"stepped"},{"time":0.7666,"color":"ffffff00","curve":[0.02,0.63,0.411,0.92]},{"time":0.8,"color":"ffffffff","curve":"stepped"},{"time":1.0666,"color":"ffffffff"},{"time":1.1666,"color":"ffffff00","curve":"stepped"},{"time":1.3333,"color":"ffffff00"}]},"particle3":{"attachment":[{"time":0,"name":"particle01"},{"time":1.3333,"name":"particle01"}],"color":[{"time":0,"color":"ffffff00","curve":"stepped"},{"time":0.7666,"color":"ffffff00","curve":[0.02,0.63,0.411,0.92]},{"time":0.8,"color":"ffffffff","curve":"stepped"},{"time":1.0666,"color":"ffffffff"},{"time":1.1666,"color":"ffffff00","curve":"stepped"},{"time":1.3333,"color":"ffffff00"}]},"particle4":{"attachment":[{"time":0,"name":"particle01"},{"time":1.3333,"name":"particle01"}],"color":[{"time":0,"color":"ffffff00","curve":"stepped"},{"time":0.7666,"color":"ffffff00","curve":[0.02,0.63,0.411,0.92]},{"time":0.8,"color":"ffffffff","curve":"stepped"},{"time":1.0666,"color":"ffffffff"},{"time":1.1666,"color":"ffffff00","curve":"stepped"},{"time":1.3333,"color":"ffffff00"}]},"particle5":{"attachment":[{"time":0,"name":"particle01"},{"time":1.3333,"name":"particle01"}],"color":[{"time":0,"color":"ffffff00","curve":"stepped"},{"time":0.7666,"color":"ffffff00","curve":[0.02,0.63,0.411,0.92]},{"time":0.8,"color":"ffffffff","curve":"stepped"},{"time":1.0666,"color":"ffffffff"},{"time":1.1666,"color":"ffffff00","curve":"stepped"},{"time":1.3333,"color":"ffffff00"}]},"particle6":{"attachment":[{"time":0,"name":"particle01"},{"time":1.3333,"name":"particle01"}],"color":[{"time":0,"color":"ffffff00","curve":"stepped"},{"time":0.7666,"color":"ffffff00","curve":[0.02,0.63,0.411,0.92]},{"time":0.8,"color":"ffffffff","curve":"stepped"},{"time":1.0666,"color":"ffffffff"},{"time":1.1666,"color":"ffffff00","curve":"stepped"},{"time":1.3333,"color":"ffffff00"}]},"particle7":{"attachment":[{"time":0,"name":"particle01"},{"time":1.3333,"name":"particle01"}],"color":[{"time":0,"color":"ffffff00","curve":"stepped"},{"time":0.7666,"color":"ffffff00","curve":[0.02,0.63,0.411,0.92]},{"time":0.8,"color":"ffffffff","curve":"stepped"},{"time":1.0666,"color":"ffffffff"},{"time":1.1666,"color":"ffffff00","curve":"stepped"},{"time":1.3333,"color":"ffffff00"}]},"particle8":{"attachment":[{"time":0,"name":"particle02"},{"time":0.6666,"name":"particle02"},{"time":1.3333,"name":"particle02"}],"color":[{"time":0,"color":"ffffff00","curve":"stepped"},{"time":0.0666,"color":"ffffff00"},{"time":0.1,"color":"ffffffff","curve":"stepped"},{"time":0.5,"color":"ffffffff"},{"time":0.6666,"color":"ffffff00","curve":"stepped"},{"time":0.7666,"color":"ffffff00","curve":[0.02,0.63,0.411,0.92]},{"time":0.8,"color":"ffffffff","curve":"stepped"},{"time":1.0666,"color":"ffffffff"},{"time":1.1666,"color":"ffffff00","curve":"stepped"},{"time":1.3333,"color":"ffffff00"}]},"particle9":{"attachment":[{"time":0,"name":"particle02"},{"time":1.3333,"name":"particle02"}],"color":[{"time":0,"color":"ffffff00","curve":"stepped"},{"time":0.7666,"color":"ffffff00","curve":[0.02,0.63,0.411,0.92]},{"time":0.8,"color":"ffffffff","curve":"stepped"},{"time":1.0666,"color":"ffffffff"},{"time":1.1666,"color":"ffffff00","curve":"stepped"},{"time":1.3333,"color":"ffffff00"}]},"particle10":{"attachment":[{"time":0,"name":"particle02"},{"time":0.6666,"name":"particle02"},{"time":1.3333,"name":"particle02"}],"color":[{"time":0,"color":"ffffff00","curve":"stepped"},{"time":0.1666,"color":"ffffff00"},{"time":0.2,"color":"ffffffff","curve":"stepped"},{"time":0.5,"color":"ffffffff"},{"time":0.6666,"color":"ffffff00","curve":"stepped"},{"time":0.7666,"color":"ffffff00","curve":[0.02,0.63,0.411,0.92]},{"time":0.8,"color":"ffffffff","curve":"stepped"},{"time":1.0666,"color":"ffffffff"},{"time":1.1666,"color":"ffffff00","curve":"stepped"},{"time":1.3333,"color":"ffffff00"}]},"particle11":{"attachment":[{"time":0,"name":"particle02"},{"time":1.3333,"name":"particle02"}],"color":[{"time":0,"color":"ffffff00","curve":"stepped"},{"time":0.7666,"color":"ffffff00","curve":[0.02,0.63,0.411,0.92]},{"time":0.8,"color":"ffffffff","curve":"stepped"},{"time":1.0666,"color":"ffffffff"},{"time":1.1666,"color":"ffffff00","curve":"stepped"},{"time":1.3333,"color":"ffffff00"}]},"particle12":{"attachment":[{"time":0,"name":"particle02"},{"time":1.3333,"name":"particle02"}],"color":[{"time":0,"color":"ffffff00","curve":"stepped"},{"time":0.7666,"color":"ffffff00","curve":[0.02,0.63,0.411,0.92]},{"time":0.8,"color":"ffffffff","curve":"stepped"},{"time":1.0666,"color":"ffffffff"},{"time":1.1666,"color":"ffffff00","curve":"stepped"},{"time":1.3333,"color":"ffffff00"}]},"particle13":{"attachment":[{"time":0,"name":"particle02"},{"time":1.3333,"name":"particle02"}],"color":[{"time":0,"color":"ffffff00","curve":"stepped"},{"time":0.7666,"color":"ffffff00","curve":[0.02,0.63,0.411,0.92]},{"time":0.8,"color":"ffffffff","curve":"stepped"},{"time":1.0666,"color":"ffffffff"},{"time":1.1666,"color":"ffffff00","curve":"stepped"},{"time":1.3333,"color":"ffffff00"}]},"particle14":{"attachment":[{"time":0,"name":"particle02"},{"time":1.3333,"name":"particle02"}],"color":[{"time":0,"color":"ffffff00","curve":"stepped"},{"time":0.7666,"color":"ffffff00","curve":[0.02,0.63,0.411,0.92]},{"time":0.8,"color":"ffffffff","curve":"stepped"},{"time":1.0666,"color":"ffffffff"},{"time":1.1666,"color":"ffffff00","curve":"stepped"},{"time":1.3333,"color":"ffffff00"}]},"particle15":{"attachment":[{"time":0,"name":"particle02"},{"time":1.3333,"name":"particle02"}],"color":[{"time":0,"color":"ffffff00","curve":"stepped"},{"time":0.7666,"color":"ffffff00","curve":[0.02,0.63,0.411,0.92]},{"time":0.8,"color":"ffffffff","curve":"stepped"},{"time":1.0666,"color":"ffffffff"},{"time":1.1666,"color":"ffffff00","curve":"stepped"},{"time":1.3333,"color":"ffffff00"}]},"particle16":{"attachment":[{"time":0,"name":"particle02"},{"time":1.3333,"name":"particle02"}],"color":[{"time":0,"color":"ffffff00","curve":"stepped"},{"time":0.7666,"color":"ffffff00","curve":[0.02,0.63,0.411,0.92]},{"time":0.8,"color":"ffffffff","curve":"stepped"},{"time":1.0666,"color":"ffffffff"},{"time":1.1666,"color":"ffffff00","curve":"stepped"},{"time":1.3333,"color":"ffffff00"}]},"smoke":{"attachment":[{"time":0,"name":"smoke"},{"time":1.3333,"name":"smoke"}],"color":[{"time":0,"color":"ffffff00","curve":"stepped"},{"time":0.1333,"color":"ffffff00"},{"time":0.3333,"color":"ffffffad","curve":"stepped"},{"time":0.5,"color":"ffffffad"},{"time":0.7333,"color":"ffffff00","curve":"stepped"},{"time":1.3333,"color":"ffffff00"}]},"smoke2":{"attachment":[{"time":0,"name":"smoke"},{"time":0.1333,"name":"smoke"},{"time":1.3333,"name":"smoke"}],"color":[{"time":0,"color":"ffffff00","curve":"stepped"},{"time":0.1333,"color":"ffffff00","curve":[0.088,0.45,0.75,1]},{"time":0.2666,"color":"ffffffff","curve":"stepped"},{"time":0.5,"color":"ffffffff"},{"time":0.7333,"color":"ffffff00","curve":"stepped"},{"time":1.3333,"color":"ffffff00"}]},"smoke3":{"attachment":[{"time":0,"name":"smoke"},{"time":1.3333,"name":"smoke"}],"color":[{"time":0,"color":"ffffff00","curve":"stepped"},{"time":0.1333,"color":"ffffff00"},{"time":0.1666,"color":"ffffffff","curve":"stepped"},{"time":0.5,"color":"ffffffff"},{"time":0.7333,"color":"ffffff00","curve":"stepped"},{"time":1.3333,"color":"ffffff00"}]},"smoke4":{"attachment":[{"time":0,"name":"smoke"},{"time":0.1333,"name":"smoke"},{"time":1.3333,"name":"smoke"}],"color":[{"time":0,"color":"ffffff00","curve":"stepped"},{"time":0.1333,"color":"ffffff00"},{"time":0.1666,"color":"ffffffd0","curve":"stepped"},{"time":0.5,"color":"ffffffd0"},{"time":0.7333,"color":"ffffff00","curve":"stepped"},{"time":1.3333,"color":"ffffff00"}]},"smoke5":{"attachment":[{"time":0,"name":"smoke"},{"time":0.1333,"name":"smoke"},{"time":1.3333,"name":"smoke"}],"color":[{"time":0,"color":"ffffff00","curve":"stepped"},{"time":0.1333,"color":"ffffff00"},{"time":0.1666,"color":"ffffffa3","curve":"stepped"},{"time":0.5,"color":"ffffffa3"},{"time":0.7333,"color":"ffffff00","curve":"stepped"},{"time":1.3333,"color":"ffffff00"}]},"smoke6":{"attachment":[{"time":0,"name":"smoke"},{"time":0.1333,"name":"smoke"},{"time":1.3333,"name":"smoke"}],"color":[{"time":0,"color":"ffffff00","curve":"stepped"},{"time":0.1333,"color":"ffffff00"},{"time":0.1666,"color":"ffffff71","curve":"stepped"},{"time":0.5,"color":"ffffff71"},{"time":0.7333,"color":"ffffff00","curve":"stepped"},{"time":1.3333,"color":"ffffff00"}]},"white":{"attachment":[{"time":0,"name":"white"},{"time":1.3333,"name":"white"}],"color":[{"time":0,"color":"ffffff00","curve":"stepped"},{"time":0.7333,"color":"ffffff00"},{"time":0.7666,"color":"ffffffff","curve":"stepped"},{"time":0.8666,"color":"ffffffff"},{"time":0.9666,"color":"ffffff00","curve":"stepped"},{"time":1.3333,"color":"ffffff00"}]}},"bones":{"1":{"rotate":[{"time":0,"angle":0,"curve":"stepped"},{"time":1.3333,"angle":0}],"translate":[{"time":0,"x":0,"y":0,"curve":"stepped"},{"time":1.3333,"x":0,"y":0}],"scale":[{"time":0,"x":1,"y":1,"curve":"stepped"},{"time":1.3333,"x":1,"y":1}]},"2":{"rotate":[{"time":0,"angle":0,"curve":"stepped"},{"time":1.3333,"angle":0}],"translate":[{"time":0,"x":0,"y":0,"curve":"stepped"},{"time":1.3333,"x":0,"y":0}],"scale":[{"time":0,"x":1,"y":1,"curve":"stepped"},{"time":1.3333,"x":1,"y":1}]},"3":{"rotate":[{"time":0,"angle":0,"curve":"stepped"},{"time":1.3333,"angle":0}],"translate":[{"time":0,"x":0,"y":0,"curve":"stepped"},{"time":1.3333,"x":0,"y":0}],"scale":[{"time":0,"x":1,"y":1,"curve":"stepped"},{"time":1.3333,"x":1,"y":1}]},"white":{"rotate":[{"time":0,"angle":0,"curve":"stepped"},{"time":1.3333,"angle":0}],"translate":[{"time":0,"x":0,"y":0,"curve":"stepped"},{"time":1.3333,"x":0,"y":0}],"scale":[{"time":0,"x":1,"y":1,"curve":"stepped"},{"time":0.1333,"x":1,"y":1,"curve":"stepped"},{"time":0.7666,"x":1,"y":1,"curve":"stepped"},{"time":1.3333,"x":1,"y":1}]},"smoke3":{"rotate":[{"time":0,"angle":0,"curve":"stepped"},{"time":0.1333,"angle":0},{"time":0.6666,"angle":50.55,"curve":"stepped"},{"time":1.3333,"angle":50.55}],"translate":[{"time":0,"x":0,"y":0,"curve":"stepped"},{"time":0.1333,"x":0,"y":0,"curve":[0,0.41,0.625,0.88]},{"time":0.6666,"x":-9.46,"y":33.01,"curve":"stepped"},{"time":1.3333,"x":-9.46,"y":33.01}],"scale":[{"time":0,"x":1,"y":1},{"time":0.1333,"x":1.621,"y":1.621},{"time":0.6666,"x":1.957,"y":1.957,"curve":"stepped"},{"time":1.3333,"x":1.957,"y":1.957}]},"smoke4":{"rotate":[{"time":0,"angle":0,"curve":"stepped"},{"time":0.1333,"angle":0},{"time":0.6666,"angle":-42.53,"curve":"stepped"},{"time":1.3333,"angle":-42.53}],"translate":[{"time":0,"x":0,"y":0,"curve":"stepped"},{"time":0.1333,"x":0,"y":0,"curve":[0.145,0.46,0.75,1]},{"time":0.6666,"x":62.43,"y":40.65,"curve":"stepped"},{"time":1.3333,"x":62.43,"y":40.65}],"scale":[{"time":0,"x":1,"y":1,"curve":"stepped"},{"time":0.1333,"x":1,"y":1},{"time":0.6666,"x":1.217,"y":1.217,"curve":"stepped"},{"time":1.3333,"x":1.217,"y":1.217}]},"smoke5":{"rotate":[{"time":0,"angle":0,"curve":"stepped"},{"time":0.1333,"angle":0},{"time":0.6666,"angle":68.1,"curve":"stepped"},{"time":1.3333,"angle":68.1}],"translate":[{"time":0,"x":0,"y":0,"curve":"stepped"},{"time":0.1333,"x":0,"y":0},{"time":0.6666,"x":53.72,"y":37.75,"curve":"stepped"},{"time":1.3333,"x":53.72,"y":37.75}],"scale":[{"time":0,"x":1,"y":1,"curve":"stepped"},{"time":0.1333,"x":1,"y":1},{"time":0.6666,"x":1.507,"y":1.507,"curve":"stepped"},{"time":1.3333,"x":1.507,"y":1.507}]},"smoke6":{"rotate":[{"time":0,"angle":0,"curve":"stepped"},{"time":0.1333,"angle":0},{"time":0.6666,"angle":-32.44,"curve":"stepped"},{"time":1.3333,"angle":-32.44}],"translate":[{"time":0,"x":0,"y":0,"curve":"stepped"},{"time":0.1333,"x":0,"y":0,"curve":[0.171,0.36,0.609,0.91]},{"time":0.6666,"x":34.84,"y":50.82,"curve":"stepped"},{"time":1.3333,"x":34.84,"y":50.82}],"scale":[{"time":0,"x":1,"y":1},{"time":0.1333,"x":2.2,"y":2.2,"curve":"stepped"},{"time":1.3333,"x":2.2,"y":2.2}]},"smoke1":{"rotate":[{"time":0,"angle":0,"curve":"stepped"},{"time":0.1333,"angle":0,"curve":[0.088,0.45,0.75,1]},{"time":0.7,"angle":-17.56,"curve":"stepped"},{"time":1.3333,"angle":-17.56}],"translate":[{"time":0,"x":0,"y":0,"curve":"stepped"},{"time":0.1333,"x":0,"y":0,"curve":[0.088,0.45,0.75,1]},{"time":0.7,"x":-17.1,"y":43.72,"curve":"stepped"},{"time":1.3333,"x":-17.1,"y":43.72}],"scale":[{"time":0,"x":1,"y":1,"curve":"stepped"},{"time":0.1333,"x":1,"y":1,"curve":[0.088,0.45,0.75,1]},{"time":0.7,"x":1.38,"y":1.38,"curve":"stepped"},{"time":1.3333,"x":1.38,"y":1.38}]},"smoke2":{"rotate":[{"time":0,"angle":0,"curve":"stepped"},{"time":0.1333,"angle":0},{"time":0.6666,"angle":-53.32,"curve":"stepped"},{"time":1.3333,"angle":-53.32}],"translate":[{"time":0,"x":0,"y":0,"curve":"stepped"},{"time":0.1333,"x":0,"y":0,"curve":[0.088,0.92,0.75,1]},{"time":0.6666,"x":-4.64,"y":48.04,"curve":"stepped"},{"time":1.3333,"x":-4.64,"y":48.04}],"scale":[{"time":0,"x":1,"y":1,"curve":"stepped"},{"time":0.1333,"x":1,"y":1},{"time":0.6666,"x":0.864,"y":0.864,"curve":"stepped"},{"time":1.3333,"x":0.864,"y":0.864}]},"par01a1":{"rotate":[{"time":0,"angle":0,"curve":"stepped"},{"time":0.7666,"angle":0,"curve":"stepped"},{"time":1.3333,"angle":0}],"translate":[{"time":0,"x":0,"y":0,"curve":"stepped"},{"time":0.7666,"x":0,"y":0,"curve":[0.02,0.63,0.411,0.92]},{"time":1.3333,"x":-14.94,"y":12.23}],"scale":[{"time":0,"x":1,"y":1,"curve":"stepped"},{"time":0.7666,"x":1,"y":1,"curve":"stepped"},{"time":1.3333,"x":1,"y":1}]},"par01a2":{"rotate":[{"time":0,"angle":0,"curve":"stepped"},{"time":0.7666,"angle":0,"curve":"stepped"},{"time":1.3333,"angle":0}],"translate":[{"time":0,"x":0,"y":0,"curve":"stepped"},{"time":0.7666,"x":0,"y":0,"curve":[0.02,0.63,0.411,0.92]},{"time":1.3333,"x":9.51,"y":-4.07}],"scale":[{"time":0,"x":1,"y":1,"curve":"stepped"},{"time":0.7666,"x":1,"y":1,"curve":"stepped"},{"time":1.3333,"x":1,"y":1}]},"par01a3":{"rotate":[{"time":0,"angle":0,"curve":"stepped"},{"time":0.7666,"angle":0,"curve":"stepped"},{"time":1.3333,"angle":0}],"translate":[{"time":0,"x":0,"y":0,"curve":"stepped"},{"time":0.7666,"x":0,"y":0,"curve":[0.02,0.63,0.411,0.92]},{"time":1.3333,"x":33.97,"y":9.51}],"scale":[{"time":0,"x":1,"y":1,"curve":"stepped"},{"time":0.7666,"x":1,"y":1,"curve":"stepped"},{"time":1.3333,"x":1,"y":1}]},"par01a4":{"rotate":[{"time":0,"angle":0,"curve":"stepped"},{"time":0.7666,"angle":0,"curve":"stepped"},{"time":1.3333,"angle":0}],"translate":[{"time":0,"x":0,"y":0,"curve":"stepped"},{"time":0.7666,"x":0,"y":0,"curve":[0.02,0.63,0.411,0.92]},{"time":1.3333,"x":-13.59,"y":9.51}],"scale":[{"time":0,"x":1,"y":1,"curve":"stepped"},{"time":0.7666,"x":1,"y":1,"curve":"stepped"},{"time":1.3333,"x":1,"y":1}]},"par01a5":{"rotate":[{"time":0,"angle":0,"curve":"stepped"},{"time":0.7666,"angle":0,"curve":"stepped"},{"time":1.3333,"angle":0}],"translate":[{"time":0,"x":0,"y":0,"curve":"stepped"},{"time":0.7666,"x":0,"y":0,"curve":[0.02,0.63,0.411,0.92]},{"time":1.3333,"x":-25.07,"y":18.39}],"scale":[{"time":0,"x":1,"y":1,"curve":"stepped"},{"time":0.7666,"x":1,"y":1,"curve":"stepped"},{"time":1.3333,"x":1,"y":1}]},"par01a6":{"rotate":[{"time":0,"angle":0,"curve":"stepped"},{"time":0.7666,"angle":0,"curve":"stepped"},{"time":1.3333,"angle":0}],"translate":[{"time":0,"x":0,"y":0,"curve":"stepped"},{"time":0.7666,"x":0,"y":0,"curve":[0.02,0.63,0.411,0.92]},{"time":1.3333,"x":10.87,"y":12.23}],"scale":[{"time":0,"x":1,"y":1,"curve":"stepped"},{"time":0.7666,"x":1,"y":1,"curve":"stepped"},{"time":1.3333,"x":1,"y":1}]},"par01a7":{"rotate":[{"time":0,"angle":0,"curve":"stepped"},{"time":0.7666,"angle":0,"curve":"stepped"},{"time":1.3333,"angle":0}],"translate":[{"time":0,"x":0,"y":0,"curve":"stepped"},{"time":0.7666,"x":0,"y":0,"curve":[0.02,0.63,0.411,0.92]},{"time":1.3333,"x":12.23,"y":17.66}],"scale":[{"time":0,"x":1,"y":1,"curve":"stepped"},{"time":0.7666,"x":1,"y":1,"curve":"stepped"},{"time":1.3333,"x":1,"y":1}]},"par01a8":{"rotate":[{"time":0,"angle":0,"curve":"stepped"},{"time":0.7666,"angle":0,"curve":"stepped"},{"time":1.3333,"angle":0}],"translate":[{"time":0,"x":0,"y":0,"curve":"stepped"},{"time":0.7666,"x":0,"y":0,"curve":[0.02,0.63,0.411,0.92]},{"time":1.3333,"x":21.74,"y":-1.35}],"scale":[{"time":0,"x":1,"y":1,"curve":"stepped"},{"time":0.7666,"x":1,"y":1,"curve":"stepped"},{"time":1.3333,"x":1,"y":1}]},"pat02b1":{"rotate":[{"time":0,"angle":0,"curve":"stepped"},{"time":0.6666,"angle":0,"curve":"stepped"},{"time":0.7666,"angle":0,"curve":"stepped"},{"time":1.3333,"angle":0}],"translate":[{"time":0,"x":0,"y":0,"curve":"stepped"},{"time":0.0333,"x":0,"y":0,"curve":[0.248,0.37,0.59,0.71]},{"time":0.1333,"x":47.47,"y":105.72,"curve":[0.303,0.36,0.639,0.7]},{"time":0.2,"x":80.25,"y":146.37,"curve":[0.301,0.42,0.644,0.74]},{"time":0.3333,"x":134.18,"y":194.53,"curve":[0.331,0.46,0.673,0.78]},{"time":0.4666,"x":133.21,"y":219.1,"curve":[0.351,0.52,0.69,0.83]},{"time":0.5666,"x":122.66,"y":227.35},{"time":0.6666,"x":120.38,"y":234.17},{"time":0.7666,"x":0,"y":0,"curve":[0.02,0.63,0.411,0.92]},{"time":1.3333,"x":-47.56,"y":-44.84}],"scale":[{"time":0,"x":1,"y":1,"curve":"stepped"},{"time":0.6666,"x":1,"y":1,"curve":"stepped"},{"time":0.7666,"x":1,"y":1,"curve":"stepped"},{"time":1.3333,"x":1,"y":1}]},"pat02b2":{"rotate":[{"time":0,"angle":0,"curve":"stepped"},{"time":0.6666,"angle":0,"curve":"stepped"},{"time":0.7666,"angle":0,"curve":"stepped"},{"time":1.3333,"angle":0}],"translate":[{"time":0,"x":0,"y":0,"curve":"stepped"},{"time":0.1,"x":0,"y":0,"curve":[0.259,0.35,0.596,0.68]},{"time":0.1333,"x":50.86,"y":40.68,"curve":[0.232,0.4,0.582,0.73]},{"time":0.2333,"x":104.97,"y":96.84,"curve":[0.299,0.75,0.761,0.92]},{"time":0.5666,"x":133.95,"y":145.43},{"time":0.6666,"x":143.05,"y":154.53},{"time":0.7666,"x":0,"y":0,"curve":[0.02,0.63,0.411,0.92]},{"time":1.3333,"x":76.1,"y":63.87}],"scale":[{"time":0,"x":1,"y":1,"curve":"stepped"},{"time":0.6666,"x":1,"y":1,"curve":"stepped"},{"time":0.7666,"x":1,"y":1,"curve":"stepped"},{"time":1.3333,"x":1,"y":1}]},"pat02b3":{"rotate":[{"time":0,"angle":0,"curve":"stepped"},{"time":0.7666,"angle":0,"curve":"stepped"},{"time":1.3333,"angle":0}],"translate":[{"time":0,"x":0,"y":0,"curve":"stepped"},{"time":0.7666,"x":0,"y":0,"curve":[0.02,0.63,0.411,0.92]},{"time":1.3333,"x":46.2,"y":-47.56}],"scale":[{"time":0,"x":1,"y":1,"curve":"stepped"},{"time":0.7666,"x":1,"y":1,"curve":"stepped"},{"time":1.3333,"x":1,"y":1}]},"pat02b4":{"rotate":[{"time":0,"angle":0,"curve":"stepped"},{"time":0.6666,"angle":0,"curve":"stepped"},{"time":0.7666,"angle":0,"curve":"stepped"},{"time":1.3333,"angle":0}],"translate":[{"time":0,"x":0,"y":0,"curve":"stepped"},{"time":0.2,"x":0,"y":0,"curve":[0.161,0.8,0.75,1]},{"time":0.6666,"x":138.71,"y":140.98},{"time":0.7666,"x":0,"y":0,"curve":[0.02,0.63,0.411,0.92]},{"time":1.3333,"x":54.35,"y":58.43}],"scale":[{"time":0,"x":1,"y":1,"curve":"stepped"},{"time":0.6666,"x":1,"y":1,"curve":"stepped"},{"time":0.7666,"x":1,"y":1,"curve":"stepped"},{"time":1.3333,"x":1,"y":1}]},"pat02b5":{"rotate":[{"time":0,"angle":0,"curve":"stepped"},{"time":0.7666,"angle":0,"curve":"stepped"},{"time":1.3333,"angle":0}],"translate":[{"time":0,"x":0,"y":0,"curve":"stepped"},{"time":0.7666,"x":0,"y":0,"curve":[0.02,0.63,0.411,0.92]},{"time":1.3333,"x":63.87,"y":9.51}],"scale":[{"time":0,"x":1,"y":1,"curve":"stepped"},{"time":0.7666,"x":1,"y":1,"curve":"stepped"},{"time":1.3333,"x":1,"y":1}]},"pat02b6":{"rotate":[{"time":0,"angle":0,"curve":"stepped"},{"time":0.7666,"angle":0,"curve":"stepped"},{"time":1.3333,"angle":0}],"translate":[{"time":0,"x":0,"y":0,"curve":"stepped"},{"time":0.7666,"x":0,"y":0,"curve":[0.02,0.63,0.411,0.92]},{"time":1.3333,"x":63.87,"y":-25.82}],"scale":[{"time":0,"x":1,"y":1,"curve":"stepped"},{"time":0.7666,"x":1,"y":1,"curve":"stepped"},{"time":1.3333,"x":1,"y":1}]},"pat02b7":{"rotate":[{"time":0,"angle":0,"curve":"stepped"},{"time":0.7666,"angle":0,"curve":"stepped"},{"time":1.3333,"angle":0}],"translate":[{"time":0,"x":0,"y":0,"curve":"stepped"},{"time":0.7666,"x":0,"y":0,"curve":[0.02,0.63,0.411,0.92]},{"time":1.3333,"x":35.33,"y":-48.92}],"scale":[{"time":0,"x":1,"y":1,"curve":"stepped"},{"time":0.7666,"x":1,"y":1,"curve":"stepped"},{"time":1.3333,"x":1,"y":1}]},"pat02b8":{"rotate":[{"time":0,"angle":0,"curve":"stepped"},{"time":0.7666,"angle":0,"curve":"stepped"},{"time":1.3333,"angle":0}],"translate":[{"time":0,"x":0,"y":0,"curve":"stepped"},{"time":0.7666,"x":0,"y":0,"curve":[0.02,0.63,0.411,0.92]},{"time":1.3333,"x":58.43,"y":-23.1}],"scale":[{"time":0,"x":1,"y":1,"curve":"stepped"},{"time":0.7666,"x":1,"y":1,"curve":"stepped"},{"time":1.3333,"x":1,"y":1}]},"pat02b9":{"rotate":[{"time":0,"angle":0,"curve":"stepped"},{"time":0.7666,"angle":0,"curve":"stepped"},{"time":1.3333,"angle":0}],"translate":[{"time":0,"x":0,"y":0,"curve":"stepped"},{"time":0.7666,"x":0,"y":0,"curve":[0.02,0.63,0.411,0.92]},{"time":1.3333,"x":-24.46,"y":80.18}],"scale":[{"time":0,"x":1,"y":1,"curve":"stepped"},{"time":0.7666,"x":1,"y":1,"curve":"stepped"},{"time":1.3333,"x":1,"y":1}]},"pat02b10":{"rotate":[{"time":0,"angle":0,"curve":"stepped"},{"time":0.7666,"angle":0,"curve":"stepped"},{"time":1.3333,"angle":0}],"translate":[{"time":0,"x":0,"y":0,"curve":"stepped"},{"time":0.7666,"x":0,"y":0,"curve":[0.02,0.63,0.411,0.92]},{"time":1.3333,"x":-108.72,"y":30.16}],"scale":[{"time":0,"x":1,"y":1,"curve":"stepped"},{"time":0.7666,"x":1,"y":1,"curve":"stepped"},{"time":1.3333,"x":1,"y":1}]},"root":{"rotate":[{"time":0,"angle":0,"curve":"stepped"},{"time":1.3333,"angle":0}],"translate":[{"time":0,"x":0,"y":0,"curve":"stepped"},{"time":1.3333,"x":0,"y":0}],"scale":[{"time":0,"x":1,"y":1,"curve":"stepped"},{"time":1.3333,"x":1,"y":1}]}},"drawOrder":[{"time":0},{"time":1.3333}]}}},[0]]],0,0,[0],[-1],[0]]