[1,["ecpdLyjvZBwrvm+cedCcQy","65OwbGQetJ67mAK1Dy5uRV","a2MjXRFdtLlYQ5ouAFv/+R","1b52ed026"],["node","_spriteFrame","bgNode","scene","_parent","_textureSetter"],[["cc.Node",["_name","_id","_components","_contentSize","_parent","_children","_trs","_color"],1,9,5,1,2,7,5],"cc.SpriteFrame",["cc.SceneAsset",["_name","asyncLoadAssets"],1],["cc.Canvas",["_fitWidth","_fitHeight","node","_designResolution"],1,1,5],["349a5CzWoFFmqjGbjcw5R0A",["node"],3,1],["9e3f6FMdypHP65fD2gjB7kj",["node","bgNode"],3,1,1],["cc.Widget",["_alignFlags","node"],2,1],["cc.Sprite",["_sizeMode","node","_materials","_spriteFrame"],2,1,3,6],["cc.Scene",["_name","_active","_children","_anchorPoint","_trs"],1,2,5,7],["cc.Camera",["_cullingMask","_depth","node","_backgroundColor"],1,1,5]],[[7,0,1,2,3,2],[2,0,1,3],[0,0,1,5,2,3,6,3],[0,0,4,5,2,7,3,2],[0,0,4,2,2],[0,0,4,2,3,2],[3,0,1,2,3,3],[4,0,1],[5,0,1,1],[6,0,1,2],[8,0,1,2,3,4,3],[9,0,1,2,3,3]],[[[[1,"Menu",{}],[2,"Canvas","03kZnVTv5Ag4HsyQdMBomF",[-6,-7],[[6,true,false,-1,[5,750,1334]],[7,-2],[8,-4,-3],[9,45,-5]],[5,750,1334],[375,667,0,0,0,0,1,1,1,1]],[3,"colorBg",1,[-9],[[0,0,-8,[2],3]],[4,4294966778],[5,2000,2000]],[10,"New Node",false,[1],[0,0,0],[0,0,0,0,0,0,1,1,1,1]],[4,"Main Camera",1,[[11,1,10,-10,[4,0]]]],[5,"logo",2,[[0,0,-11,[0],1]],[5,288,288]]],0,[0,0,1,0,0,1,0,2,2,0,0,1,0,0,1,0,-1,4,0,-2,2,0,0,2,0,-1,5,0,0,4,0,0,5,0,3,3,1,4,3,11],[0,0,0,0],[-1,1,-1,1],[0,1,0,2]],[[{"name":"huli","rect":[3,3,288,288],"offset":[0,0],"originalSize":[288,288],"capInsets":[0,0,0,0]}],[1],0,[0],[5],[3]]]]