[1,["a8mbEhbuZFELqCtWJLm4Zd"],0,[["sp.SkeletonData",["_name","_atlasText","textureNames","_skeletonJson","textures"],-1,3]],[[0,0,1,2,3,4,5]],[[0,"eff_skill_icestorm_bg","\r\neff_skill_icestorm_bg.png\r\nsize: 512, 128\r\nformat: RGBA8888\r\nfilter: Linear,Linear\r\nrepeat: none\r\nglow01\r\n  rotate: false\r\n  xy: 2, 2\r\n  size: 156, 122\r\n  orig: 156, 122\r\n  offset: 0, 0\r\n  index: -1\r\nglow02\r\n  rotate: false\r\n  xy: 160, 20\r\n  size: 137, 104\r\n  orig: 137, 104\r\n  offset: 0, 0\r\n  index: -1\r\ngradation\r\n  rotate: true\r\n  xy: 160, 16\r\n  size: 2, 42\r\n  orig: 2, 42\r\n  offset: 0, 0\r\n  index: -1\r\n",["eff_skill_icestorm_bg.png"],{"skeleton":{"hash":"SjMEjKVLNFqOykgwYqX+cWagAQE","spine":"2.1.27","width":547.26,"height":481.35,"images":""},"bones":[{"name":"root"},{"name":"glow_a1","parent":"root","length":49.92,"x":-206.25,"y":147.78,"scaleY":0.577,"rotation":320},{"name":"glow_a2","parent":"root","length":49.92,"x":-131.24,"y":157.45,"scaleY":1.765,"rotation":320},{"name":"glow_a3","parent":"root","length":49.92,"x":-231.25,"y":128.5,"rotation":320},{"name":"glow_a4","parent":"root","length":49.92,"x":-102.57,"y":172.78,"scaleY":0.577,"rotation":320},{"name":"glow_b1","parent":"root","length":49.92,"x":-135.91,"y":154.55,"rotation":-40.44},{"name":"glow_b2","parent":"root","length":49.92,"x":-252.61,"y":180.08,"scaleX":2.057,"scaleY":2.057,"rotation":-40.44},{"name":"glow_b3","parent":"root","length":49.92,"x":-185.22,"y":110.23,"scaleY":0.655,"rotation":-40.44},{"name":"gradation1","parent":"root","length":11.3,"y":80,"rotation":-90},{"name":"gradation2","parent":"root","length":11.3,"y":-80,"scaleX":-1,"rotation":-90}],"slots":[{"name":"gradation","bone":"gradation1","color":"ffffff00","attachment":"gradation"},{"name":"gradation2","bone":"gradation2","color":"ffffff00","attachment":"gradation"},{"name":"glow01","bone":"glow_a1","color":"ffffff00","attachment":"glow01"},{"name":"glowb1","bone":"glow_b1","color":"ffffff00","attachment":"glow02"},{"name":"glowb3","bone":"glow_b3","color":"ffffff00","attachment":"glow02"},{"name":"glowb2","bone":"glow_b2","color":"ffffff00","attachment":"glow02"},{"name":"glow3","bone":"glow_a4","color":"ffffff00","attachment":"glow01"},{"name":"glow2","bone":"glow_a3","color":"ffffff00","attachment":"glow01"},{"name":"glow1","bone":"glow_a2","color":"ffffff00","attachment":"glow01"}],"skins":{"default":{"glow01":{"glow01":{"scaleX":1.523,"scaleY":1.523,"rotation":40,"width":156,"height":122}},"glow1":{"glow01":{"scaleX":1.523,"scaleY":1.523,"rotation":40,"width":156,"height":122}},"glow2":{"glow01":{"scaleX":1.523,"scaleY":1.523,"rotation":40,"width":156,"height":122}},"glow3":{"glow01":{"scaleX":1.523,"scaleY":1.523,"rotation":40,"width":156,"height":122}},"glowb1":{"glow02":{"scaleY":1.732,"rotation":59.88,"width":137,"height":104}},"glowb2":{"glow02":{"scaleY":1.732,"rotation":59.88,"width":137,"height":104}},"glowb3":{"glow02":{"scaleY":1.732,"rotation":59.88,"width":137,"height":104}},"gradation":{"gradation":{"x":21.44,"scaleX":100,"rotation":90,"width":2,"height":42}},"gradation2":{"gradation":{"x":21.44,"scaleX":100,"rotation":90,"width":2,"height":42}}}},"animations":{"animation":{"slots":{"glow01":{"attachment":[{"time":0,"name":"glow01"},{"time":2,"name":"glow01"}],"color":[{"time":0,"color":"ffffff00"},{"time":0.0333,"color":"ffffffff","curve":"stepped"},{"time":0.4,"color":"ffffffff"},{"time":0.4333,"color":"ffffff00","curve":"stepped"},{"time":2,"color":"ffffff00"}]},"glow1":{"attachment":[{"time":0,"name":"glow01"},{"time":2,"name":"glow01"}],"color":[{"time":0,"color":"ffffff00","curve":"stepped"},{"time":0.1666,"color":"ffffff00"},{"time":0.2,"color":"ffffffff","curve":"stepped"},{"time":0.6666,"color":"ffffffff"},{"time":0.7,"color":"ffffff00","curve":"stepped"},{"time":0.8,"color":"ffffff00"},{"time":0.8333,"color":"ffffffff","curve":"stepped"},{"time":1.3,"color":"ffffffff"},{"time":1.3333,"color":"ffffff00","curve":"stepped"},{"time":2,"color":"ffffff00"}]},"glow2":{"attachment":[{"time":0,"name":"glow01"},{"time":2,"name":"glow01"}],"color":[{"time":0,"color":"ffffff00","curve":"stepped"},{"time":0.2333,"color":"ffffff00"},{"time":0.2666,"color":"ffffffff","curve":"stepped"},{"time":0.8,"color":"ffffffff"},{"time":0.8333,"color":"ffffff00","curve":"stepped"},{"time":0.9333,"color":"ffffff00"},{"time":0.9666,"color":"ffffffff","curve":"stepped"},{"time":1.5,"color":"ffffffff"},{"time":1.5333,"color":"ffffff00","curve":"stepped"},{"time":2,"color":"ffffff00"}]},"glow3":{"attachment":[{"time":0,"name":"glow01"},{"time":2,"name":"glow01"}],"color":[{"time":0,"color":"ffffff00","curve":"stepped"},{"time":0.0666,"color":"ffffff00"},{"time":0.1,"color":"ffffffff","curve":"stepped"},{"time":0.6,"color":"ffffffff"},{"time":0.6333,"color":"ffffff00","curve":"stepped"},{"time":0.7333,"color":"ffffff00"},{"time":0.7666,"color":"ffffffff","curve":"stepped"},{"time":1.2666,"color":"ffffffff"},{"time":1.3,"color":"ffffff00","curve":"stepped"},{"time":1.3666,"color":"ffffff00"},{"time":1.4,"color":"ffffffff","curve":"stepped"},{"time":1.5,"color":"ffffffff"},{"time":1.6333,"color":"ffffff00","curve":"stepped"},{"time":2,"color":"ffffff00"}]},"glowb1":{"attachment":[{"time":0,"name":"glow02"},{"time":0.2,"name":"glow02"},{"time":2,"name":"glow02"}],"color":[{"time":0,"color":"ffffff00","curve":"stepped"},{"time":0.2,"color":"ffffff00"},{"time":0.2333,"color":"ffffffff","curve":"stepped"},{"time":0.6333,"color":"ffffffff"},{"time":0.6666,"color":"ffffff00","curve":"stepped"},{"time":2,"color":"ffffff00"}]},"glowb2":{"attachment":[{"time":0,"name":"glow02"},{"time":0.6,"name":"glow02"},{"time":2,"name":"glow02"}],"color":[{"time":0,"color":"ffffff00"},{"time":0.0333,"color":"ffffffff","curve":"stepped"},{"time":0.5333,"color":"ffffffff"},{"time":0.5666,"color":"ffffff00","curve":"stepped"},{"time":0.6,"color":"ffffff00"},{"time":0.6333,"color":"ffffffff","curve":"stepped"},{"time":1.1333,"color":"ffffffff"},{"time":1.1666,"color":"ffffff00","curve":"stepped"},{"time":2,"color":"ffffff00"}]},"glowb3":{"attachment":[{"time":0,"name":"glow02"},{"time":2,"name":"glow02"}],"color":[{"time":0,"color":"ffffff00","curve":"stepped"},{"time":0.3333,"color":"ffffff00"},{"time":0.3666,"color":"ffffffff","curve":"stepped"},{"time":0.8,"color":"ffffffff"},{"time":0.8333,"color":"ffffff00","curve":"stepped"},{"time":2,"color":"ffffff00"}]},"gradation":{"attachment":[{"time":0,"name":"gradation"},{"time":2,"name":"gradation"}],"color":[{"time":0,"color":"ffffff00"},{"time":0.5,"color":"ffffffff","curve":"stepped"},{"time":1.6666,"color":"ffffffff"},{"time":2,"color":"ffffff00"}]},"gradation2":{"attachment":[{"time":0,"name":"gradation"},{"time":2,"name":"gradation"}],"color":[{"time":0,"color":"ffffff00"},{"time":0.5,"color":"ffffffff","curve":"stepped"},{"time":1.6666,"color":"ffffffff"},{"time":2,"color":"ffffff00"}]}},"bones":{"root":{"rotate":[{"time":0,"angle":0,"curve":"stepped"},{"time":2,"angle":0}],"translate":[{"time":0,"x":0,"y":0,"curve":"stepped"},{"time":2,"x":0,"y":0}],"scale":[{"time":0,"x":1,"y":1,"curve":"stepped"},{"time":2,"x":1,"y":1}]},"glow_a1":{"rotate":[{"time":0,"angle":0,"curve":"stepped"},{"time":2,"angle":0}],"translate":[{"time":0,"x":0,"y":0},{"time":0.4,"x":394.11,"y":-330.71,"curve":"stepped"},{"time":0.4333,"x":394.11,"y":-330.71},{"time":0.5,"x":0,"y":0,"curve":"stepped"},{"time":2,"x":0,"y":0}],"scale":[{"time":0,"x":1,"y":1,"curve":"stepped"},{"time":2,"x":1,"y":1}]},"glow_a2":{"rotate":[{"time":0,"angle":0,"curve":"stepped"},{"time":2,"angle":0}],"translate":[{"time":0,"x":0,"y":0,"curve":"stepped"},{"time":0.2,"x":0,"y":0},{"time":0.6666,"x":336.26,"y":-282.17,"curve":"stepped"},{"time":0.7,"x":336.26,"y":-282.17},{"time":0.8333,"x":-49,"y":-58.39},{"time":1.3,"x":298,"y":-327.76,"curve":"stepped"},{"time":1.3333,"x":298,"y":-327.76},{"time":2,"x":0,"y":0}],"scale":[{"time":0,"x":1,"y":1,"curve":"stepped"},{"time":2,"x":1,"y":1}]},"glow_a3":{"rotate":[{"time":0,"angle":0,"curve":"stepped"},{"time":0.2666,"angle":0,"curve":"stepped"},{"time":0.9666,"angle":0,"curve":"stepped"},{"time":2,"angle":0}],"translate":[{"time":0,"x":0,"y":0,"curve":"stepped"},{"time":0.2666,"x":0,"y":0},{"time":0.8,"x":405.42,"y":-340.2,"curve":"stepped"},{"time":0.8333,"x":405.42,"y":-340.2},{"time":0.9666,"x":63.36,"y":75.5},{"time":1.5,"x":463.84,"y":-270.59,"curve":"stepped"},{"time":1.5333,"x":463.84,"y":-270.59},{"time":2,"x":0,"y":0}],"scale":[{"time":0,"x":1,"y":1,"curve":"stepped"},{"time":0.2666,"x":1,"y":1,"curve":"stepped"},{"time":0.9666,"x":1,"y":1,"curve":"stepped"},{"time":2,"x":1,"y":1}]},"glow_a4":{"rotate":[{"time":0,"angle":0,"curve":"stepped"},{"time":0.1,"angle":0,"curve":"stepped"},{"time":0.7666,"angle":0,"curve":"stepped"},{"time":1.4,"angle":0,"curve":"stepped"},{"time":2,"angle":0}],"translate":[{"time":0,"x":0,"y":0,"curve":"stepped"},{"time":0.1,"x":0,"y":0},{"time":0.6,"x":321.46,"y":-269.75,"curve":"stepped"},{"time":0.6333,"x":321.46,"y":-269.75},{"time":0.7666,"x":-101.49,"y":-55.45},{"time":1.2666,"x":275.09,"y":-325.01},{"time":1.3,"x":321.46,"y":-269.75},{"time":1.4,"x":-101.49,"y":-55.45},{"time":1.8,"x":256.11,"y":-347.63,"curve":"stepped"},{"time":1.8333,"x":256.11,"y":-347.63},{"time":2,"x":0,"y":0}],"scale":[{"time":0,"x":1,"y":1,"curve":"stepped"},{"time":0.1,"x":1,"y":1,"curve":"stepped"},{"time":0.7666,"x":1,"y":1,"curve":"stepped"},{"time":1.3,"x":1,"y":1},{"time":1.4,"x":1,"y":0.262,"curve":"stepped"},{"time":2,"x":1,"y":0.262}]},"glow_b1":{"rotate":[{"time":0,"angle":0,"curve":"stepped"},{"time":0.2,"angle":0,"curve":"stepped"},{"time":2,"angle":0}],"translate":[{"time":0,"x":0,"y":0,"curve":"stepped"},{"time":0.2,"x":0,"y":0},{"time":0.6333,"x":340.37,"y":-289.96},{"time":2,"x":0,"y":0}],"scale":[{"time":0,"x":1,"y":1,"curve":"stepped"},{"time":0.2,"x":1,"y":1,"curve":"stepped"},{"time":2,"x":1,"y":1}]},"glow_b2":{"rotate":[{"time":0,"angle":0,"curve":"stepped"},{"time":0.6,"angle":0,"curve":"stepped"},{"time":2,"angle":0}],"translate":[{"time":0,"x":0,"y":0},{"time":0.5333,"x":473.37,"y":-403.27,"curve":"stepped"},{"time":0.5666,"x":473.37,"y":-403.27},{"time":0.6,"x":20.66,"y":24.26},{"time":1.1333,"x":512.33,"y":-357.54,"curve":"stepped"},{"time":1.1666,"x":512.33,"y":-357.54},{"time":2,"x":0,"y":0}],"scale":[{"time":0,"x":1,"y":2.244,"curve":"stepped"},{"time":0.6,"x":1,"y":2.244},{"time":2,"x":1,"y":1}]},"glow_b3":{"rotate":[{"time":0,"angle":0,"curve":"stepped"},{"time":0.3666,"angle":0,"curve":"stepped"},{"time":2,"angle":0}],"translate":[{"time":0,"x":0,"y":0,"curve":"stepped"},{"time":0.3666,"x":0,"y":0},{"time":0.8,"x":344.75,"y":-293.69,"curve":"stepped"},{"time":0.8333,"x":344.75,"y":-293.69},{"time":2,"x":0,"y":0}],"scale":[{"time":0,"x":1,"y":1,"curve":"stepped"},{"time":0.3666,"x":1,"y":1,"curve":"stepped"},{"time":2,"x":1,"y":1}]},"gradation1":{"rotate":[{"time":0,"angle":0,"curve":"stepped"},{"time":2,"angle":0}],"translate":[{"time":0,"x":0,"y":0,"curve":"stepped"},{"time":2,"x":0,"y":0}],"scale":[{"time":0,"x":0.1,"y":1},{"time":0.5,"x":1.5,"y":1,"curve":"stepped"},{"time":1.6666,"x":1.5,"y":1},{"time":2,"x":0.1,"y":1}]},"gradation2":{"rotate":[{"time":0,"angle":0,"curve":"stepped"},{"time":2,"angle":0}],"translate":[{"time":0,"x":0,"y":0,"curve":"stepped"},{"time":2,"x":0,"y":0}],"scale":[{"time":0,"x":0.1,"y":1},{"time":0.5,"x":1.5,"y":1,"curve":"stepped"},{"time":1.6666,"x":1.5,"y":1},{"time":2,"x":0.1,"y":1}]}},"drawOrder":[{"time":0},{"time":0.2},{"time":0.6},{"time":0.8},{"time":0.8333},{"time":1.2333},{"time":1.4333},{"time":2}]}}},[0]]],0,0,[0],[-1],[0]]