[1,["0f5Dl5+VVNgZqJI/Z0OtvK"],0,[["sp.SkeletonData",["_name","_atlasText","textureNames","_skeletonJson","textures"],-1,3]],[[0,0,1,2,3,4,5]],[[0,"face","\nface.png\nsize: 256,96\nformat: RGBA8888\nfilter: Linear,Linear\nrepeat: none\nbiaoqing/naodai\n  rotate: false\n  xy: 66, 1\n  size: 55, 54\n  orig: 55, 54\n  offset: 0, 0\n  index: -1\nbiaoqing/shengqi_hongnian\n  rotate: false\n  xy: 123, 1\n  size: 54, 25\n  orig: 54, 25\n  offset: 0, 0\n  index: -1\nbiaoqing/maozi\n  rotate: false\n  xy: 1, 1\n  size: 63, 70\n  orig: 63, 70\n  offset: 0, 0\n  index: -1\nbiaoqing/bishi_zuiba\n  rotate: false\n  xy: 200, 58\n  size: 13, 8\n  orig: 13, 8\n  offset: 0, 0\n  index: -1\nbiaoqing/bishi_shouzhi\n  rotate: false\n  xy: 221, 25\n  size: 25, 27\n  orig: 25, 27\n  offset: 0, 0\n  index: -1\nbiaoqing/bishi_yanjing\n  rotate: false\n  xy: 104, 65\n  size: 38, 11\n  orig: 38, 11\n  offset: 0, 0\n  index: -1\nbiaoqing/bishi_hongnian2\n  rotate: false\n  xy: 162, 46\n  size: 12, 7\n  orig: 12, 7\n  offset: 0, 0\n  index: -1\nbiaoqing/bishi_meimao1\n  rotate: false\n  xy: 144, 65\n  size: 12, 7\n  orig: 12, 7\n  offset: 0, 0\n  index: -1\nbiaoqing/deyi_zuiba1\n  rotate: false\n  xy: 104, 57\n  size: 14, 5\n  orig: 14, 5\n  offset: 0, 0\n  index: -1\nbiaoqing/deyi_zuiba2\n  rotate: false\n  xy: 40, 76\n  size: 30, 12\n  orig: 30, 12\n  offset: 0, 0\n  index: -1\nbiaoqing/deyi_zuiba3\n  rotate: false\n  xy: 66, 57\n  size: 36, 17\n  orig: 36, 17\n  offset: 0, 0\n  index: -1\nbiaoqing/deyi_yanjing\n  rotate: false\n  xy: 200, 70\n  size: 38, 10\n  orig: 38, 10\n  offset: 0, 0\n  index: -1\nbiaoqing/deyi_liandan\n  rotate: false\n  xy: 123, 28\n  size: 51, 16\n  orig: 51, 16\n  offset: 0, 0\n  index: -1\nbiaoqing/deyi_meimao\n  rotate: false\n  xy: 1, 73\n  size: 37, 10\n  orig: 37, 10\n  offset: 0, 0\n  index: -1\nbiaoqing/ku_yanlei4\n  rotate: false\n  xy: 179, 1\n  size: 33, 37\n  orig: 33, 37\n  offset: 0, 0\n  index: -1\nbiaoqing/ku_yanlei1\n  rotate: false\n  xy: 144, 77\n  size: 33, 10\n  orig: 33, 10\n  offset: 0, 0\n  index: -1\nbiaoqing/ku_yanlei3\n  rotate: false\n  xy: 214, 1\n  size: 33, 22\n  orig: 33, 22\n  offset: 0, 0\n  index: -1\nbiaoqing/ku_yanlei2\n  rotate: false\n  xy: 221, 54\n  size: 33, 14\n  orig: 33, 14\n  offset: 0, 0\n  index: -1\nbiaoqing/ku_zuiba\n  rotate: false\n  xy: 210, 82\n  size: 16, 12\n  orig: 16, 12\n  offset: 0, 0\n  index: -1\nbiaoqing/ku_yanjing\n  rotate: false\n  xy: 123, 46\n  size: 37, 17\n  orig: 37, 17\n  offset: 0, 0\n  index: -1\nbiaoqing/xiao_zuiba\n  rotate: false\n  xy: 162, 58\n  size: 36, 17\n  orig: 36, 17\n  offset: 0, 0\n  index: -1\nbiaoqing/xiao_yanjing\n  rotate: false\n  xy: 176, 40\n  size: 43, 16\n  orig: 43, 16\n  offset: 0, 0\n  index: -1\nbiaoqing/xiao_yaci1\n  rotate: false\n  xy: 179, 82\n  size: 29, 7\n  orig: 29, 7\n  offset: 0, 0\n  index: -1\nbiaoqing/xiao_yaci2\n  rotate: false\n  xy: 72, 76\n  size: 26, 11\n  orig: 26, 11\n  offset: 0, 0\n  index: -1\nbiaoqing/ku_yanguang\n  rotate: false\n  xy: 100, 78\n  size: 28, 10\n  orig: 28, 10\n  offset: 0, 0\n  index: -1\n",["face.png"],{"skeleton":{"width":63,"height":71.79,"fps":24,"hash":" ","name":"Armaturebiaoqing"},"bones":[{"name":"root"},{"x":4.725,"y":-3.65,"name":"ku_yanguang","parent":"root"},{"x":5.0507,"y":-9.5752,"name":"bone","parent":"root"},{"x":11.3,"y":4,"name":"ku_yanjing","parent":"root"},{"x":9.775,"y":-1.625,"name":"xiao_yanjing","parent":"root"},{"x":-6.65,"y":5.725,"name":"deyi_meimao","parent":"root"},{"x":4.975,"y":-4.375,"name":"deyi_yanjing","parent":"root"},{"x":14.8,"y":-0.625,"name":"ku_yanguang1","parent":"root"},{"x":17.975,"y":-11.775,"name":"ku_yanlei4","parent":"root"},{"x":20.75,"y":-13.25,"name":"xiao_zuiba","parent":"root"},{"x":-16.725,"y":-10.75,"name":"xiao_yaci2","parent":"xiao_zuiba"},{"x":-16.175,"y":-3.35,"name":"xiao_yaci1","parent":"xiao_zuiba"},{"x":-0.0757,"y":0.9502,"name":"naodai","parent":"bone"},{"x":-18.875,"y":-8.75,"name":"deyi_liandan","parent":"deyi_yanjing"},{"x":-12.525,"y":1.75,"name":"bishi_yanjing","parent":"naodai"},{"x":-10.1,"y":12.25,"name":"bishi_meimao1","parent":"naodai"},{"x":8.475,"y":9.825,"name":"bishi_hongnian2","parent":"naodai"},{"x":-35.626,"y":-14,"name":"bishi_shouzhi","parent":"naodai"},{"x":-1.075,"y":19.25,"name":"shengqi_hongnian","parent":"naodai"},{"x":-0.25,"y":-11.3495,"name":"ku_zuiba","parent":"naodai"},{"x":3.17175,"y":-12.4645,"name":"bishi_zuiba","parent":"naodai"},{"x":-0.45,"y":-17.625,"name":"deyi_zuiba1","parent":"naodai"},{"x":-0.125,"y":15.31785,"name":"maozi","parent":"naodai"}],"slots":[{"name":"naodai","bone":"naodai","attachment":"biaoqing/naodai"},{"name":"shengqi_hongnian","bone":"shengqi_hongnian"},{"name":"maozi","bone":"maozi","attachment":"biaoqing/maozi"},{"name":"bishi_zuiba","bone":"bishi_zuiba"},{"name":"bishi_shouzhi","bone":"bishi_shouzhi"},{"name":"bishi_yanjing","bone":"bishi_yanjing"},{"name":"bishi_hongnian2","bone":"bishi_hongnian2"},{"name":"bishi_meimao1","bone":"bishi_meimao1"},{"name":"deyi_zuiba1","bone":"deyi_zuiba1"},{"name":"deyi_yanjing","bone":"deyi_yanjing"},{"name":"deyi_liandan","bone":"deyi_liandan"},{"name":"deyi_meimao","bone":"deyi_meimao"},{"name":"ku_yanlei4","bone":"ku_yanlei4"},{"name":"ku_zuiba","bone":"ku_zuiba"},{"name":"ku_yanjing","bone":"ku_yanjing"},{"name":"xiao_zuiba","bone":"xiao_zuiba"},{"name":"xiao_yanjing","bone":"xiao_yanjing"},{"name":"xiao_yaci1","bone":"xiao_yaci1"},{"name":"xiao_yaci2","bone":"xiao_yaci2"},{"name":"ku_yanguang","bone":"ku_yanguang1"}],"skins":{"default":{"deyi_meimao":{"biaoqing/deyi_meimao":{"name":"biaoqing/deyi_meimao","width":37,"height":10,"x":11.15,"y":-0.72}},"bishi_shouzhi":{"biaoqing/bishi_shouzhi":{"name":"biaoqing/bishi_shouzhi","width":25,"height":27,"x":0.42,"y":1.88}},"ku_zuiba":{"biaoqing/ku_zuiba":{"name":"biaoqing/ku_zuiba","width":16,"height":12,"x":-0.23,"y":-4.25}},"bishi_hongnian2":{"biaoqing/bishi_hongnian2":{"name":"biaoqing/bishi_hongnian2","width":12,"height":7,"x":0.3,"y":-0.2}},"xiao_zuiba":{"biaoqing/xiao_zuiba":{"name":"biaoqing/xiao_zuiba","width":36,"height":17,"x":-16.5,"y":-7.25}},"bishi_meimao1":{"biaoqing/bishi_meimao1":{"name":"biaoqing/bishi_meimao1","width":12,"height":7,"x":-0.13,"y":-0.13}},"deyi_zuiba1":{"biaoqing/deyi_zuiba1":{"name":"biaoqing/deyi_zuiba1","width":14,"height":5,"x":3.23,"y":0.5},"biaoqing/deyi_zuiba3":{"name":"biaoqing/deyi_zuiba3","width":36,"height":17,"x":0.97,"y":6.5},"biaoqing/deyi_zuiba2":{"name":"biaoqing/deyi_zuiba2","width":30,"height":12,"x":2.73,"y":4.25}},"xiao_yanjing":{"biaoqing/xiao_yanjing":{"name":"biaoqing/xiao_yanjing","width":43,"height":16,"x":-5.78,"y":4.13}},"shengqi_hongnian":{"biaoqing/shengqi_hongnian":{"name":"biaoqing/shengqi_hongnian","width":54,"height":25,"x":-0.4,"y":-4.63}},"deyi_liandan":{"biaoqing/deyi_liandan":{"name":"biaoqing/deyi_liandan","width":51,"height":16,"x":19.4,"y":0.38}},"xiao_yaci2":{"biaoqing/xiao_yaci2":{"name":"biaoqing/xiao_yaci2","width":26,"height":11,"x":0.23}},"bishi_zuiba":{"biaoqing/bishi_zuiba":{"name":"biaoqing/bishi_zuiba","width":13,"height":8,"x":-1.77,"y":-1.65}},"ku_yanlei4":{"biaoqing/ku_yanlei4":{"name":"biaoqing/ku_yanlei4","width":33,"height":37,"x":-12.97,"y":-8.22},"biaoqing/ku_yanlei2":{"name":"biaoqing/ku_yanlei2","width":33,"height":14,"x":-12.97,"y":2.27},"biaoqing/ku_yanlei1":{"name":"biaoqing/ku_yanlei1","width":33,"height":10,"x":-12.97,"y":4.28},"biaoqing/ku_yanlei3":{"name":"biaoqing/ku_yanlei3","width":33,"height":22,"x":-12.97,"y":-0.72}},"bishi_yanjing":{"biaoqing/bishi_yanjing":{"name":"biaoqing/bishi_yanjing","width":38,"height":11,"x":11.8,"y":-0.63}},"ku_yanjing":{"biaoqing/ku_yanjing":{"name":"biaoqing/ku_yanjing","width":37,"height":17,"x":-7.05,"y":-5.75}},"ku_yanguang":{"biaoqing/ku_yanguang":{"name":"biaoqing/ku_yanguang","width":28,"height":10,"x":-10.55,"y":-1.88}},"naodai":{"biaoqing/naodai":{"name":"biaoqing/naodai","width":55,"height":54,"x":-0.72,"y":1.88}},"deyi_yanjing":{"biaoqing/deyi_yanjing":{"name":"biaoqing/deyi_yanjing","width":38,"height":10,"x":-0.23,"y":0.38}},"xiao_yaci1":{"biaoqing/xiao_yaci1":{"name":"biaoqing/xiao_yaci1","width":29,"height":7,"x":-0.57,"y":0.85}},"maozi":{"biaoqing/maozi":{"name":"biaoqing/maozi","width":63,"height":70,"x":-0.85,"y":-3.65}}}},"animations":{"bq_bishi":{"bones":{"bishi_shouzhi":{"translate":[{"time":0,"x":2.02,"y":-4.59},{"time":0.2083,"x":-1.71,"y":8.54},{"time":0.4166,"x":-1.71,"y":6.57},{"time":0.8333,"x":-1.71,"y":6.57},{"time":1.0416,"x":-1.71,"y":8.54},{"time":1.2499,"x":-1.71,"y":6.57}],"scale":[{"time":0,"x":0.85,"y":0.8},{"time":0.2083,"x":1.15,"y":1.15},{"time":0.4166,"x":1,"y":1},{"time":0.8333,"x":1,"y":1},{"time":1.0416,"x":1.15,"y":1.15},{"time":1.2499,"x":1,"y":1}]},"bishi_hongnian2":{"translate":[{"time":0},{"time":0.2083,"x":-0.51,"y":-2.56}]},"bishi_meimao1":{"translate":[{"time":0},{"time":0.2083,"x":1.87,"y":-3}]},"bishi_zuiba":{"translate":[{"time":0},{"time":0.2083,"x":6.25,"y":4.46},{"time":0.4166,"x":6.25,"y":4.91}],"scale":[{"time":0,"x":1,"y":1},{"time":0.4167,"x":0.91,"y":0.91}]}},"slots":{"shengqi_hongnian":{"color":[{"time":0,"color":"FFFFFF00"},{"time":0.2083,"color":"FFFFFFFF"},{"time":1.0416,"color":"FFFFFF9E"},{"time":1.9999,"color":"FFFFFFFF"}]},"bishi_zuiba":{"attachment":[{"time":0,"name":"biaoqing/bishi_zuiba"}]},"bishi_shouzhi":{"attachment":[{"time":0,"name":"biaoqing/bishi_shouzhi"}],"color":[{"time":0,"color":"FFFFFF00"},{"time":0.2083,"color":"FFFFFFFF"}]},"bishi_yanjing":{"attachment":[{"time":0,"name":"biaoqing/bishi_yanjing"}]},"bishi_hongnian2":{"attachment":[{"time":0,"name":"biaoqing/bishi_hongnian2"}]},"bishi_meimao1":{"attachment":[{"time":0,"name":"biaoqing/bishi_meimao1"}]}}},"bq_ku":{"bones":{"ku_zuiba":{"translate":[{"time":0},{"time":0.25,"y":-0.61}],"scale":[{"time":0,"x":1,"y":1},{"time":0.25,"x":1,"y":1.13},{"time":0.5,"x":1,"y":1},{"time":0.75,"x":1,"y":1.13},{"time":1,"x":1,"y":1},{"time":1.25,"x":1,"y":1.13},{"time":1.5,"x":1,"y":1},{"time":1.75,"x":1,"y":1.13},{"time":2,"x":1,"y":1}]},"ku_yanguang1":{"translate":[{"time":0,"curve":"stepped"},{"time":0.5,"curve":"stepped","y":-4.73},{"time":1,"curve":"stepped"},{"time":1.6667,"curve":"stepped","y":-4.73},{"time":2}],"scale":[{"time":0,"curve":"stepped","x":1,"y":1},{"time":0.5,"curve":"stepped","x":1,"y":-1},{"time":1,"x":1,"y":1}]}},"slots":{"ku_yanlei4":{"attachment":[{"time":0,"name":"biaoqing/ku_yanlei3"},{"time":0.125,"name":"biaoqing/ku_yanlei4"},{"time":0.25,"name":"biaoqing/ku_yanlei1"},{"time":0.375,"name":"biaoqing/ku_yanlei2"},{"time":0.5,"name":"biaoqing/ku_yanlei3"},{"time":0.625,"name":"biaoqing/ku_yanlei4"},{"time":0.75,"name":"biaoqing/ku_yanlei1"},{"time":0.875,"name":"biaoqing/ku_yanlei2"},{"time":1,"name":"biaoqing/ku_yanlei3"},{"time":1.25,"name":"biaoqing/ku_yanlei4"},{"time":1.375,"name":"biaoqing/ku_yanlei1"},{"time":1.5,"name":"biaoqing/ku_yanlei2"},{"time":1.625,"name":"biaoqing/ku_yanlei3"},{"time":1.75,"name":"biaoqing/ku_yanlei4"},{"time":1.875,"name":"biaoqing/ku_yanlei1"},{"time":2,"name":"biaoqing/ku_yanlei2"}]},"ku_zuiba":{"attachment":[{"time":0,"name":"biaoqing/ku_zuiba"}]},"ku_yanjing":{"attachment":[{"time":0,"name":"biaoqing/ku_yanjing"}]},"ku_yanguang":{"attachment":[{"time":0,"name":"biaoqing/ku_yanguang"}]}}},"bq_xiao":{"bones":{"xiao_yaci1":{"translate":[{"time":0,"y":1.59},{"time":0.25,"y":-0.26},{"time":0.5,"y":1.59},{"time":0.75,"y":-0.26},{"time":1,"y":1.59},{"time":1.25,"y":-0.26},{"time":1.5,"y":1.59},{"time":1.75,"y":-0.26},{"time":2,"y":1.59}],"scale":[{"time":0,"x":1,"y":0.68},{"time":0.25,"x":1,"y":1.12},{"time":0.5,"x":1,"y":0.68},{"time":0.75,"x":1,"y":1.12},{"time":1,"x":1,"y":0.68},{"time":1.25,"x":1,"y":1.12},{"time":1.5,"x":1,"y":0.68},{"time":1.75,"x":1,"y":1.12},{"time":2,"x":1,"y":0.68}]},"xiao_yaci2":{"translate":[{"time":0,"y":-0.32},{"time":0.25,"y":-0.22},{"time":0.5,"y":-0.32},{"time":0.75,"y":-0.22},{"time":1,"y":-0.32},{"time":1.25,"y":-0.22},{"time":1.5,"y":-0.32},{"time":1.75,"y":-0.22},{"time":2,"y":-0.32}],"scale":[{"time":0,"x":1,"y":0.83},{"time":0.25,"x":1,"y":0.93},{"time":0.5,"x":1,"y":0.83},{"time":0.75,"x":1,"y":0.93},{"time":1,"x":1,"y":0.83},{"time":1.25,"x":1,"y":0.93},{"time":1.5,"x":1,"y":0.83},{"time":1.75,"x":1,"y":0.93},{"time":2,"x":1,"y":0.83}]},"xiao_zuiba":{"translate":[{"time":0},{"time":0.25,"y":-2.3},{"time":0.5,"y":0.67},{"time":0.75,"y":-2.3},{"time":1,"y":0.67},{"time":1.25,"y":-2.3},{"time":1.5,"y":0.67},{"time":1.75,"y":-2.3},{"time":2,"y":0.67}],"scale":[{"time":0,"x":1,"y":1},{"time":0.25,"x":1,"y":0.71},{"time":0.5,"x":1,"y":1.08},{"time":0.75,"x":1,"y":0.71},{"time":1,"x":1,"y":1.08},{"time":1.25,"x":1,"y":0.71},{"time":1.5,"x":1,"y":1.08},{"time":1.75,"x":1,"y":0.71},{"time":2,"x":1,"y":1.08}]},"xiao_yanjing":{"translate":[{"time":0},{"time":0.25,"y":-1.47},{"time":0.5},{"time":0.75,"y":-1.47},{"time":1},{"time":1.25,"y":-1.47},{"time":1.5},{"time":1.75,"y":-1.47},{"time":2}]}},"slots":{"xiao_zuiba":{"attachment":[{"time":0,"name":"biaoqing/xiao_zuiba"}]},"xiao_yanjing":{"attachment":[{"time":0,"name":"biaoqing/xiao_yanjing"}]},"xiao_yaci1":{"attachment":[{"time":0,"name":"biaoqing/xiao_yaci1"}]},"xiao_yaci2":{"attachment":[{"time":0,"name":"biaoqing/xiao_yaci2"}]}}},"bq_deyi":{"bones":{"deyi_meimao":{"translate":[{"time":0,"x":-1.29},{"time":0.25},{"time":0.375,"y":-0.24},{"time":0.5417,"y":-1.74},{"time":0.6667,"y":2.98},{"time":0.7917,"y":-0.76},{"time":0.9167,"y":2.95},{"time":1.0417,"y":0.76},{"time":1.1667}]},"deyi_yanjing":{"translate":[{"time":0,"x":-1.29},{"time":0.25,"y":0.97}]}},"slots":{"deyi_zuiba1":{"attachment":[{"time":0,"name":"biaoqing/deyi_zuiba1"},{"time":0.25,"name":"biaoqing/deyi_zuiba2"},{"time":0.375,"name":"biaoqing/deyi_zuiba3"}]},"deyi_yanjing":{"attachment":[{"time":0,"name":"biaoqing/deyi_yanjing"}]},"deyi_liandan":{"attachment":[{"time":0,"name":"biaoqing/deyi_liandan"}],"color":[{"time":0,"color":"FFFFFF00"},{"time":0.25,"color":"FFFFFF00"},{"time":0.6667,"color":"FFFFFF4F"},{"time":1.0417,"color":"FFFFFF8F"}]},"deyi_meimao":{"attachment":[{"time":0,"name":"biaoqing/deyi_meimao"}]}}}}},[0]]],0,0,[0],[-1],[0]]