[1,["23tcWdwapJO6Osv4or9L/N"],0,[["sp.SkeletonData",["_name","_atlasText","textureNames","_skeletonJson","textures"],-1,3]],[[0,0,1,2,3,4,5]],[[0,"shouzhi","\nshouzhi.png\nsize: 120,96\nformat: RGBA8888\nfilter: Linear,Linear\nrepeat: none\nshouzhi/yuan1\n  rotate: false\n  xy: 94, 1\n  size: 15, 15\n  orig: 15, 15\n  offset: 0, 0\n  index: -1\nshouzhi/yuan2\n  rotate: false\n  xy: 47, 44\n  size: 36, 36\n  orig: 36, 36\n  offset: 0, 0\n  index: -1\nshouzhi/shouzhi2\n  rotate: false\n  xy: 47, 1\n  size: 45, 41\n  orig: 45, 41\n  offset: 0, 0\n  index: -1\nshouzhi/shouzhi1\n  rotate: false\n  xy: 1, 1\n  size: 44, 46\n  orig: 44, 46\n  offset: 0, 0\n  index: -1\nshouzhi/2\n  rotate: false\n  xy: 1, 49\n  size: 44, 45\n  orig: 44, 45\n  offset: 0, 0\n  index: -1\nshouzhi/1\n  rotate: false\n  xy: 85, 44\n  size: 33, 38\n  orig: 33, 38\n  offset: 0, 0\n  index: -1\n",["shouzhi.png"],{"skeleton":{"width":44,"height":46,"fps":24,"hash":" ","name":"Armatureshouzhi"},"bones":[{"name":"root"},{"x":22.025,"y":-9.85,"name":"shouzhi2","parent":"root"},{"x":-1.65065,"y":0.4,"name":"yuan1","parent":"root"},{"x":-2.2,"y":0.125,"name":"1","parent":"root"},{"x":-3.025,"y":2.6,"name":"yuan2","parent":"root"}],"slots":[{"name":"yuan1","bone":"yuan1"},{"name":"yuan2","bone":"yuan2"},{"name":"shouzhi2","bone":"shouzhi2","attachment":"shouzhi/shouzhi1"},{"name":"1","bone":"1"}],"skins":{"default":{"1":{"shouzhi/1":{"name":"shouzhi/1","width":33,"height":38,"x":-3.03,"y":0.38},"shouzhi/2":{"name":"shouzhi/2","width":44,"height":45,"x":-4.53,"y":0.63}},"yuan1":{"shouzhi/yuan1":{"name":"shouzhi/yuan1","width":15,"height":15,"x":-0.33,"y":0.1}},"yuan2":{"shouzhi/yuan2":{"name":"shouzhi/yuan2","width":36,"height":36,"x":0.79,"y":-2.35}},"shouzhi2":{"shouzhi/shouzhi2":{"name":"shouzhi/shouzhi2","width":45,"height":41,"x":-6.51,"y":1.6},"shouzhi/shouzhi1":{"name":"shouzhi/shouzhi1","width":44,"height":46,"x":-5.01,"y":3.85}}}},"animations":{"normal":{"drawOrder":[{"time":0,"offsets":[{"slot":"yuan1","offset":2}]}]},"click":{"bones":{"shouzhi2":{"rotate":[{"time":0,"angle":0},{"time":0.0417,"angle":-3.96},{"time":0.0834,"angle":0}],"shear":[{"time":0},{"time":0.0417},{"time":0.0834}]},"yuan1":{"scale":[{"time":0,"curve":"stepped","x":1,"y":1},{"time":0.0833,"x":1,"y":1},{"time":0.25,"x":2.43,"y":2.43}]},"yuan2":{"scale":[{"time":0,"curve":"stepped","x":1,"y":1},{"time":0.1667,"x":1,"y":1},{"time":0.375,"x":1.32,"y":1.32}]}},"slots":{"1":{"attachment":[{"time":0,"name":""},{"time":0.0833,"name":"shouzhi/1"},{"time":0.2083,"name":"shouzhi/2"},{"time":0.3333,"name":""}],"color":[{"time":0,"curve":"stepped","color":"FFFFFFFF"},{"time":0.1667,"color":"FFFFFFFF"},{"time":0.2084,"color":"FFBA00FF"}]},"yuan1":{"attachment":[{"time":0,"name":""},{"time":0.0833,"name":"shouzhi/yuan1"}],"color":[{"time":0,"curve":"stepped","color":"FFFFFFFF"},{"time":0.0833,"color":"FFFFFFFF"},{"time":0.1666,"color":"FFFFFF70"},{"time":0.2499,"color":"FFE5B300"}]},"yuan2":{"attachment":[{"time":0,"name":""},{"time":0.1667,"name":"shouzhi/yuan2"}],"color":[{"time":0,"curve":"stepped","color":"FFFFFFFF"},{"time":0.1667,"color":"FFFFFFFF"},{"time":0.375,"color":"FFFFFF00"}]},"shouzhi2":{"attachment":[{"time":0,"name":"shouzhi/shouzhi1"},{"time":0.0833,"name":"shouzhi/shouzhi2"},{"time":0.5,"name":"shouzhi/shouzhi1"}]}}}}},[0]]],0,0,[0],[-1],[0]]