{"paths":{},"types":[],"uuids":["a7MqhrNAxAEbpM8iH4ZvYP","c4pUYMLKZHl5/4XGm7ldCc","b9zzAen2RH9pMjqfkSdAh/","012YVKd7BIFL9ozFOZ0RP+","0bHQ83hLVH0JixxuPIV8GD","a9w71R/2hAlIoIRTyxAddn","70nuiBOvlJbpM+yn7PUkG6","d8HsitJHxOYqo801xBk8ev","6fRlik5pRLoI++4xRW8pXj","d6u8uOZSBGeIKW8cro1uDQ","8eJK3/OJJBR7rkKARuqQX4","c6lhye6jhEB7sXjUhdFRVP","b3gzaEiyNNravTttRhiwzV","201lpNTBtFKZwHMu3B+dzV","bfW2abahJHyaPrAl5KUx/a","6424ZjC2NMl7tUpgPJATlR","ca6uE2XxFPuq12TAwogtJq","52yyr6ZwpBnIcnzg2aWVp2","f5v+I4P91NDpqWCTpqMepD","80wiaGGvRPiaVRjAJpLOBg","a02K+gPhpMWb7YGJ6feB5m","f2GUfAb+lIxaUJ+Mbol6By","10DrZ3z5JHJaeRbHAPbjcK","5731jvr1xN1KAg1r3lfUNK","b4P/PCArtIdIH38t6mlw8Y","71VhFCTINJM6/Ky3oX9nBT","0bd3t3i75AW5z3HOHk8LfV","4c5li0RzlCgqDPP89ZOKsp","6cu5EdkJVFFrxW1WJCXykO","14bd3a795","139b3a6ab","1bb33d059","131f7d7ff","4c4imBrB9HFqjY/Db+oCQx","e3CAprnHZJ5ashYSfnuaQp","e2EIvJRrFFxpAtw4ZeeK6U","7f/VuxbsJMp79mMpTOTovz","e1uyRHtdBGF65Rm4NubYpE","e0psoVPI9KKb8PQHs5+Y4Z","7dbZ+mXp9F65gIoAkOITzB","68QlKyc5JFZa5DPXnBZXj0","31Fkzt1PtK4510XU0ZAjPN","14QKMFGqdNmbIzJJu82/3i","66XcRW2DtHd6WqnprX3+Ae","b6FBTf3ClLzalFeHLwoZqi","5fDPQuwTFAgrhR6xv9utGo","3eF4dNxJtNiYN5fhl82QcU","ac0rBcIK1Kuan5lkn1/Sbo","6eQzQKOx5Eeb0ccPQzu149","3eVK9hm29GXpZ3ZONfPN0W","a679TzWWxFNrSSvkNojgqm","2cIWq3i91M8LvAX4+8Y4tB","79hsppiDROObUqF3WWUG7N","0aLjKFvcFA4KRRl0UYnqMo","16vsP4lmlDXKZ2j7kPB2AK","40GjA2Qt5AKbUTkwDF//U/","c5Mvo/L2lIOoY3rRPvLnS0","81txH3El1G3bMWo5uawdNk","cdf6YHx3JNk4cTtYwiSeP2","ecpdLyjvZBwrvm+cedCcQy","45087ABCxK1ZDcDPmUimoI","41D7kWhyFGY7q4NDlzkazn","9bvaMerUlDyary99mJa6xp","79E4FkTB9DfJzbd8aGgSGw","7dwduMCSdH4JoapH3GONr7","5dGXQEaLRLe6bQQ+e03Ewc","5e4pAVpqxGz5JlWkSiiSB1","cdFgZaAmVD37zxiN+LN/lt","d58GGY5zlC3aUhSmGJyH4r","74dJEQ+alKZ6gga84z/bN9","dcKZwOBpxOobWTn5YtUk0r","54CBxyvHhC/azzQnv/XSyz","3ckhiCXbdMGLT35v45OUpC","05sASQozdBrKcajGL9GvD4","73KwzhCLtCNr1wJ6UNhD7i","acdZXuHL1CQ5U/YVb9aCMg","a30i7c9tJNoYdUwWUYrEYA","d0ElE5CT5D0q58GV/flNcW","2b8tkMa/xHTpSAP4+H2My3","e5f/oUnUhHw5ukBbLom19w","a1I3II6LdPPLMnx5LLDAPm","5aT7m7YqJKsKWiy03aNgkR","61EvprBzlExKIfqYwYeDoc","edSnkncf1Hu5BUOWbiLRe1","84Kgc2kslA6pzoq0e9YRaf","f3f3nCKrJGSrfaDyPt6PU0","01BuXvESdNPY9jAnXV0lKE","f3sC0GGDVElZGWTY80RSfl","e4HWZygINGrq2wSluFukGA","17Rr16zK5PTqlpwQYE00WH","55iTNANX9EkYGRMcLd/HIt","10XtcBiXpKeLjU1Xdbaez7","3fLhrQERtMIIQpJFPkxc1H","3aZ+ZVEcFCEJr7gN3g5Ab/","c9Stbg8pJGt6fhK2nLpT3E","fbJSbUImNBuaoyELqfWZv+","735tW9//dNjaq88BKOqsHW","25xOvLWaBBkZDw1TqmqCBy","bbqBwcQKJHzYoHE7ql1TXR","1eh/czD1hDRJp/Er6MIXNm","d312OM455H46grU5VxOvhz","56yMZHqW1Ab4ouazMPBn31","0d4nOvUC5Ko5Z0+9JksCVl","5aF2/6codH9J0+p/vAjocX","f3dDSUuldChYLh5DvyqQ0V","c2gNc0kZJNmJTq5pDuflLK","33vjMVKwxML5CchhtvQXok","f7RKqDmV1F04YdnCh7PncC","58ZorgYWpB+Y1rpukU2koO","be+LlrYz1JpK5N2pycPvCE","e9XB/T3V9DGautO2xsjynv","4falrO8C1Mvr8bQE/hGwTv","b1DG1UoaFLMYSvTPGkCYbs","a9sscsW+tBnYCQioYDwnxr","361Cw5eTZLBbS6BOabyKmJ","4alW0zqOhD5KVqTJXGmFsK","3fC8YJcwFLf49G9LDTn+TM","afG1afbRNJZq+YY+reQHFQ","c3i2Pcfy9IGpfDl2tDAmb/","35WeTCdhNAFYKOeIz/b7TG","2b463Nt6hK+7CzUlyHcKS4","8fNETUWfRCQ4YfQqdX6j1+","87A4/f3C5PT471jaDcBmGm","14Wx3CPMRIFabgMBYpg1QO","dcK5W6Kw1FKoTgBYNH6Hnk","95DjhVuxdALJWR9iA9Tue/","50TAjcZbRE47tJxRWL3tu+","0fROeOex5LhLvGqurTLICb","e2GUhVOMlFXq9PM9/sAd/H","0fKh1YvnlOSpwn4/XTqLRw","9dNF42fH5L/ZsiT9B1UspM","0b70hbTaVJYZn89OMtc2aS","5fCbRu4wxML745Uvndh65C","56qd1jyl5JDKNRHE1y/pW1","76/lSJkbBBZqPBA7c0ep/T","17ttw3IFpB7a+3NbGN0zzp","a8UmH5TDRCjLptOIOzZGTn","6fP4N2PNRMrIaHEafkNFI/","e97GVMl6JHh5Ml5qEDdSGa","29FYIk+N1GYaeWH/q1NxQO","c3CmIJxTVDQ4bbK0Qlo917","4bByBBiCFODKSdN60odM6z","3bOQ6kWmlLdaWLKCm0IQW+","e2LHtIVGZKTKUSEbeNJFPr","f2hAgl8G1Lf6zMDbVpmz/i","767GZ7b5lOmo2CSMFiHVPi","28eoKlFMdCYIUOlUEVVTRg"],"scenes":{"db://assets/Scene/MainGameScene.fire":0},"redirect":[59,0],"deps":["internal"],"packs":{"0ff133323":[86,3,73,53,131,102,129,127,91,42,123,54,89,135,99,97,146,139,120,78,51,41,106,119,114,93,142,72,46,49,116,92,55,61,60,115,141,33,111,126,71,90,133,101,108,103,81,65,66,132,45,82,43,40,48,137,74,96,69,145,134,63,52,39,64,36,57,84,122,121,125,62,130,80,76,50,0,136,113,75,47,117,112,44,2,98,109,105,140,118,1,56,94,67,58,77,100,68,70,124,38,37,35,128,143,34,88,79,110,138,83,144,104,85,87,107,95],"0a6ebbd26":[4,26,22,32,30,29,31,13,27,17,23,15,28,8,6,25,19,10,20,5,12,24,14,11,16,9,7,21,18]},"name":"main","importBase":"import","nativeBase":"native","debug":false,"isZip":false,"encrypted":false,"versions":{"import":["0a6ebbd26","ce88e","0ff133323","9786b"],"native":[3,"de749",4,"a72af",26,"0a5d8",22,"92fd3",32,"81214",30,"477b6",29,"04b49",31,"b0532",13,"31bf3",27,"c51dc",17,"f2c21",23,"91680",15,"759ec",28,"1fb75",8,"0ba26",6,"14038",25,"c06a9",19,"a7794",10,"65ac2",20,"84404",5,"79462",12,"57beb",24,"83fcc",2,"8dd82",14,"3938e",1,"f5b37",11,"75d5c",16,"78b85",9,"0b746",7,"cdbc9",21,"5ccbd",18,"0a4c5"]}}