[1,["bbPhaYvhxPS7cNomZnAOv7","12d9e6856"],["node","root","data","_spriteFrame","_textureSetter"],["cc.SpriteFrame",["cc.Prefab",["_name"],2],["cc.Node",["_name","_components","_prefab","_contentSize","_trs"],2,9,4,5,7],["cc.Sprite",["node","_spriteFrame"],3,1,6],["cc.BoxCollider",["tag","node","_size"],2,1,5],["be01bjDEqJBnot/Ow1MalHA",["node"],3,1],["cc.PrefabInfo",["fileId","root"],2,1]],[[1,0,2],[2,0,1,2,3,4,2],[3,0,1,1],[4,0,1,2,2],[5,0,1],[6,0,1,2]],[[[[0,"enemyBullet2"],[1,"enemyBullet2",[[2,-2,0],[3,1,-3,[5,10,50]],[4,-4]],[5,"d8eApu9uNAj4SlbXyoHHR1",-1],[5,15,63],[209,149,0,0,0,0,1,1,1,1]]],0,[0,1,1,0,0,1,0,0,1,0,0,1,0,2,1,4],[0],[3],[0]],[[{"name":"enemy_002b","rect":[180,314,15,63],"offset":[0.5,-0.5],"originalSize":[16,64],"capInsets":[0,0,0,0]}],[0],0,[0],[4],[1]]]]