[1,["dcDOFR2DVMJpIA+cp6oH2E","50VAR9LgFJ7bzjMj+uQT36"],["node","root","data","_N$skeletonData"],[["sp.SkeletonData",["_name","_atlasText","textureNames","_skeletonJson","textures"],-1,3],["cc.Prefab",["_name"],2],["cc.Node",["_name","_groupIndex","_components","_prefab","_contentSize","_trs"],1,9,4,5,7],["cc.BoxCollider",["tag","node","_size"],2,1,5],["sp.Skeleton",["defaultAnimation","_preCacheMode","_cacheMode","_animationName","_N$enableBatch","node","_N$skeletonData"],-2,1,6],["ea76fcmuIdJV6eQoHlSHVSh",["node"],3,1],["cc.PrefabInfo",["fileId","root"],2,1]],[[0,0,1,2,3,4,5],[1,0,2],[2,0,1,2,3,4,5,3],[3,0,1,2,2],[4,0,1,2,3,4,5,6,6],[5,0,1],[6,0,1,2]],[[[[0,"prop_003","\r\nprop_003.png\r\nsize: 128,64\r\nformat: RGBA8888\r\nfilter: Linear,Linear\r\nrepeat: none\r\nboomB1\r\n  rotate: false\r\n  xy: 42, 16\r\n  size: 24, 24\r\n  orig: 24, 24\r\n  offset: 0, 0\r\n  index: -1\r\nboomB2\r\n  rotate: false\r\n  xy: 2, 2\r\n  size: 38, 38\r\n  orig: 38, 38\r\n  offset: 0, 0\r\n  index: -1\r\n",["prop_003.png"],{"skeleton":{"hash":"vk9bWg5jaFxz723XF42/v7jQJr0","spine":"3.6.53","width":37.6,"height":37.6,"images":"./images/"},"bones":[{"name":"root","scaleX":0.4,"scaleY":0.4},{"name":"bone","parent":"root","x":1,"y":1}],"slots":[{"name":"boomB2","bone":"bone","attachment":"boomB2"},{"name":"boomB1","bone":"bone","attachment":"boomB1"}],"skins":{"default":{"boomB1":{"boomB1":{"width":60,"height":60}},"boomB2":{"boomB2":{"width":94,"height":94}}}},"animations":{"animation":{"slots":{"boomB1":{"color":[{"time":0,"color":"ffffffff","curve":[0.25,0,0.75,1]},{"time":0.3333,"color":"ffffff00","curve":[0.25,0,0.75,1]},{"time":0.6667,"color":"ffffffff"}]}}}}},[0]]],0,0,[0],[-1],[0]],[[[1,"propBullet3"],[2,"propBullet3",2,[[3,1,-2,[5,32,32]],[4,"animation",1,1,"animation",true,-3,0],[5,-4]],[6,"d8eApu9uNAj4SlbXyoHHR1",-1],[5,37.6,37.6],[209,149,0,0,0,0,1,1,1,1]]],0,[0,1,1,0,0,1,0,0,1,0,0,1,0,2,1,4],[0],[3],[1]]]]