[1,["ecpdLyjvZBwrvm+cedCcQy","a2MjXRFdtLlYQ5ouAFv/+R","526riivPNPpLUS0DhEXGCe","93CuRq73FEZ6gb4kJRbKQv","7f1bTk5LBIlKd6E4+8hSPB"],["node","_spriteFrame","root","data","_textureSetter"],[["cc.Node",["_name","_opacity","_components","_prefab","_contentSize","_trs","_parent","_children","_color"],1,9,4,5,7,1,2,5],["cc.Sprite",["_sizeMode","_type","node","_materials","_spriteFrame"],1,1,3,6],["cc.Widget",["_alignFlags","_left","_right","_top","_bottom","_originalWidth","_originalHeight","node"],-4,1],["cc.PrefabInfo",["fileId","root","asset"],2,1,1],"cc.SpriteFrame",["cc.Prefab",["_name"],2],["2100d973PxJ2bTccmk4fG7H",["node"],3,1],["cc.BlockInputEvents",["node"],3,1],["cc.Button",["node","clickEvents"],3,1,9],["cc.ClickEvent",["_componentId","handler","target"],1,1]],[[3,0,1,2,2],[0,0,6,2,3,4,5,2],[8,0,1,1],[9,0,1,2,3],[5,0,2],[0,0,7,2,3,4,5,2],[0,0,1,6,2,3,8,4,5,3],[2,0,7,2],[2,0,1,2,3,4,5,6,7,8],[6,0,1],[3,1,2,1],[1,1,0,2,3,4,3],[1,0,2,3,4,2],[1,2,3,4,1],[7,0,1]],[[[[4,"ZhouBianADUI"],[5,"ZhouBianADUI",[-4,-5,-6],[[7,45,-2],[9,-3]],[10,-1,0],[5,640,1335],[320,667.5,0,0,0,0,1,1,1,1]],[1,"kbg",1,[[11,1,0,-7,[2],3],[8,40,46.649,43.351,310.906,339.09399999999994,100,200,-8],[14,-9]],[0,"30Q3LVlklIQJdinqkA2GTb",1,0],[5,550,500],[1.649000000000001,17.004,0,0,0,0,1,1,1,1]],[6,"bg",157,1,[[12,0,-10,[0],1],[2,-11,[[3,"2100d973PxJ2bTccmk4fG7H","close",1]]]],[0,"eeAOBqlIVNmKZXce/H+t1x",1,0],[4,4278190080],[5,2000,2000],[0,5.639,0,0,0,0,1,1,1,1]],[1,"zbad",1,[[13,-12,[4],5],[2,-13,[[3,"2100d973PxJ2bTccmk4fG7H","zbClick",1]]]],[0,"6cGVD0sEBDeZPnR2NJn/JT",1,0],[5,500,401],[0,20.129,0,0,0,0,1,1,1,1]]],0,[0,2,1,0,0,1,0,0,1,0,-1,3,0,-2,2,0,-3,4,0,0,2,0,0,2,0,0,2,0,0,3,0,0,3,0,0,4,0,0,4,0,3,1,13],[0,0,0,0,0,0],[-1,1,-1,1,-1,1],[0,1,0,2,0,3]],[[{"name":"zbad","rect":[0,0,500,401],"offset":[0,0],"originalSize":[500,401],"capInsets":[0,0,0,0]}],[4],0,[0],[4],[4]]]]