[1,["ecpdLyjvZBwrvm+cedCcQy","a7P0GuHy5Ga5CbJhxqlIsg","8ee8DaYK9BiLdwz9pLuwaS"],["node","root","data","_spriteFrame","_textureSetter"],["cc.SpriteFrame",["cc.Prefab",["_name"],2],["cc.Node",["_name","_components","_prefab","_contentSize","_trs"],2,9,4,5,7],["cc.Sprite",["node","_materials","_spriteFrame"],3,1,3,6],["d2654VW6lRILa/kPqFBz1du",["node"],3,1],["cc.PrefabInfo",["root","asset"],3,1,1]],[[1,0,2],[2,0,1,2,3,4,2],[3,0,1,2,1],[4,0,1],[5,0,1,1]],[[[[0,"shanbi"],[1,"shanbi",[[2,-2,[0],1],[3,-3]],[4,-1,0],[5,80,39],[0,0,0,0,0,0,1,1.3,1.3,1]]],0,[0,1,1,0,0,1,0,0,1,0,2,1,3],[0,0],[-1,3],[0,1]],[[{"name":"shanbi","rect":[0,0,80,39],"offset":[0,0],"originalSize":[80,39],"capInsets":[0,0,0,0]}],[0],0,[0],[4],[2]]]]