[1,["ecpdLyjvZBwrvm+cedCcQy","bfqzk589JBaJeBSj0SZLHf","da7Ox5pttE6YffWKn7M0sj","93QO7HII9Hbpuadvg+03tQ","4cphItmAZH5Y2nJPCkME4u"],["node","_spriteFrame","_textureSetter","root","wz","content","data","_N$file"],[["cc.Node",["_name","_components","_prefab","_children","_parent","_contentSize","_trs","_color"],2,9,4,2,1,5,7,5],["cc.PrefabInfo",["fileId","root","asset"],2,1,1],"cc.SpriteFrame",["cc.Prefab",["_name"],2],["cc.Node",["_name","_parent","_components","_prefab","_color","_contentSize","_trs"],2,1,2,4,5,5,7],["f3590dgzsFHmKnBZSH4cBdG",["node","content","wz"],3,1,1,1],["cc.Sprite",["node","_materials","_spriteFrame"],3,1,3,6],["cc.Label",["_string","_fontSize","_isSystemFontUsed","_N$horizontalAlign","_N$verticalAlign","node","_materials"],-2,1,3]],[[1,0,1,2,2],[6,0,1,2,1],[3,0,2],[0,0,3,1,2,2],[0,0,4,3,1,2,5,6,2],[0,0,4,1,2,7,5,6,2],[4,0,1,2,3,4,5,6,2],[5,0,1,2,1],[1,1,2,1],[7,0,1,2,3,4,5,6,6]],[[[{"name":"gedang","rect":[0,0,58,30],"offset":[0,0],"originalSize":[58,30],"capInsets":[0,0,0,0]}],[2],0,[0],[2],[1]],[[[2,"gedang_num"],[3,"gedang_num",[-5,-6],[[7,-4,-3,-2]],[8,-1,0]],[4,"wz",1,[-8],[[1,-7,[2],3]],[0,"67QyRnm6tPBJnQ2heA35jc",1,0],[5,58,30],[0,0,0,0,0,0,1,1.2,1.2,1]],[5,"jianhao",2,[[1,-9,[0],1]],[0,"84ziC05vhKyba/F69B68BE",1,0],[4,4294639526],[5,20,11],[42.874,0,0,0,0,0,1,1,1,0.83333]],[6,"num",1,[-10],[0,"c6MPcfWldNVqlsBjMfRFUP",1,0],[4,4294639526],[5,31.25,40],[0,0,0,0,0,0,1,1,1,1.2]],[9,"0",30,false,1,1,4,[4]]],0,[0,3,1,0,4,2,0,5,5,0,0,1,0,-1,2,0,-2,4,0,0,2,0,-1,3,0,0,3,0,-1,5,0,6,1,10],[0,0,0,0,0,5],[-1,1,-1,1,-1,7],[0,2,0,3,0,4]]]]