{"paths":{"12":["ui_prefabs/ResLoading",0],"19":["ui_prefabs/GameTitle",0],"40":["ui_prefabs/GameUI",0],"67":["ui_prefabs/GameMain",0]},"types":["cc.Prefab"],"uuids":["05GrxQ85VGOpTZ1mQ6LCzJ","07n7XSvSZE+If8DBl0X3Fi","0cWfafz/dIpoSxNCSPnPdk","0eJS5o+i5O4p9NmTjNAbzm","0f5Dl5+VVNgZqJI/Z0OtvK","11xPBaY3NAA65KVL61T1sG","12GkG4PZxG67YaHQbj2nJz","12/49mR0BIkL2l43fwLVSn","16Y3FGl9pFYra954IlYJFA","16dcMrLDJHGLSXfKPPgFMy","1dg9tFws9IYq1tTsU1FFqd","1fwwii1vRKbav6BthzPphZ","23fZ9t0wlNV4BUMJeRWrGi","25fhOl0wNEe6uUA7hDZ+g6","28RNRGDzZNbriDbu0MzxVi","2ae9wtqxNNbZ1192oOp4+h","31dwT74wpE/IkZaihitZPH","38T/KnnWFBN7u7hvPHZU0X","385nUtpMRNs4otDHz470cP","46J26o9HBGHpOdMtb/lzVR","480eCu7o5HhZcu2nSlXKRa","50dwn+cAFA3bCj03iR5IuO","53Cm5N0CRC+4nbYUnih5F9","535Cm9O2hIKp+xhdIvg7w9","568Fvl+hNFwol68x0iSoJ8","57Ry7auLVK25UpARWByM2y","5cw6QlPv1Jr6+yHSDjqh2E","5f3CzqLEFHhLOh5Xkt61pJ","61Sh9tf0NIQJiyoeLyl06e","61cyPdEfRN047sDK9rO0W5","63rCq50GVMdY9zEVhgVAjy","65lSosZB5DHLUo4caGpSQ4","67UR1IjXJM2IdeqNzqVzwd","6bvgVagZpCqL559loUPRtg","6b0fybcQJDvqX1bSxiHWZW","6e8xNachxKDIywLZWADmYH","71VhFCTINJM6/Ky3oX9nBT","73xPRRN+xHh7S4VIEfQEho","76CqiBNL1CfqCb6hLWL3VJ","79XBPoOF9Eor4QzRVF029U","7avdgKibtBX5e/Ev9BoTYo","87R31epFVH3ae3WQqK3Cau","87n8igZ/ZDlYdAfRW3CAA1","8eEADhBh5Deq3OJY4TJZyA","8e2HU1wetFAbtHyXL1fjQe","91GssV5xBHspC+tuC140h7","93G9sv56NHWI/TzTDGJrNO","96Fp4FzxhJro5ZEzL777Sq","96ibo6UsNBPpFj3Axm8gg+","9aJ92cuUJPCbs+6UOC+qRK","9eCTggMH5Bfp02js6wKI89","a4e0ViIrFFUKJNEJgFz/UZ","a7HgZHeAtEwIya4PyZglw4","ac5kA0gMRNpqAb5SD4MgVZ","ad8t7kUuNNJpTp1ld/G30K","b3oTdI06VI3bJYxSSUyJIV","b4P/PCArtIdIH38t6mlw8Y","b5DONwNQdMebIjgrOye//h","bcUn5A+Z1OSb8nO/u+qO7L","c0lgKpjVVIvY2TFqNvpPSC","c2YLEk5UJOhYr55HRY2gR5","c4l6tPykJAC6gPB3G3wrLT","c71Ds7CotCC7dl4xPmse2J","c8vc93bXVIsJvGFG0HSe3R","c9LhITQwBHqYh34OI2HsQA","c9MYe96CBDnIJR62aJjYAp","c95HFomJNID49WC+rnd8Ra","cfYMbi/qJJWrftSzp9cpDx","cf/ogsdQ9PrresWT0DCFIU","d01VUWFgtIlbbAbov0j5oc","d2exNTpQtF5YKDkf5NRz9/","d6rYeMt+ZCHYSDbMs5fSbo","d608qFRoFHwbXd0Dap056i","d7sGss/qxCY4vYu7FmB1O4","d9G58j8iNJI6nPFLKbRbmP","dabxLhFs1EiZF9g+b6YovI","da9tvScmZOsLqayoASZ++7","ddKLAtJyBDo5XeuM2Xtocx","e3m1qjXKVAwZb9EHdKVsbC","e4MGLWt2JCuIYeA3jWEOcI","e4SaKCLHtJdb5v7E+pg7+B","e6RcS4wTJMtqODwbtnehco","e8Ueib+qJEhL6mXAHdnwbi","e8afsWjSRJMKBeZbJ807eK","ebUf/dInRFxp+XzNPCxr1/","ed0hW5J5ZKBar1gflskoHO","f1KzbFEldNOIMOR0H2p3tP","fcaIu4L95Lr7IO5NA/HWKG","ffgFrPNERAQqPItwis4AdR","00waWd68JF8J3yPHsgPRcS","01r73pYi1KApMHpqPoDbdo","03DsHuuSFMCJDN1uFf8mfb","06tIgRMhtDvayxXKavYTML","07nwQ/Vn5DgoPC4sXVIwxO","097IDHkDlI9qP0G6q8pPJM","0c+fkuPvlEZ7r/4EX1D/pp","0etlm1+s9Mu73arMoJUgXV","0fGi/PnCVLJpcUu6G4hopl","10VfHGtsxBmpBE7OANV/98","15zMdzD1xNkIgd3npDdiSJ","16GQhXUpNBTYmWYHvA5Bc8","1dex38Jj5MuJBsABI9txXj","1farHuY1xEFqQhtjvVDm4G","21nblDdjRNuYMPgrjUe9VQ","29FYIk+N1GYaeWH/q1NxQO","2aNzfB30NI4auF9xMRb2kR","2aUZZnkuVDmYs61/0UpIoD","2awtqFbptD3r8xH8hQCQbN","2crbhZfrhD+YWCCMgEjzcV","2f1LY3RudKyomM1Iytl+5a","31ENEb7GVCqqQnrg1W0l67","32RREoJQBAT5MG2el8FFvT","38Aw+h4O5KYop61YMliECJ","38odCVNitMarvMgO1WIFos","3b3msdCJ5A75qBR/okcJG7","3dJX563f1BEIi3b2sRvk4/","3e7SPdYlxEe7TOs59ajjDk","417VoYn/VH2KWZNUY5xl7v","43DQZP9VhDnpmZ9Y0y9OqY","442e9RQtlBjIPo/DegcyLL","48dVsgDBhGV6j24z8UY9fj","4ey5mh7/VNs7K9gj59l5a0","516v9SArFGQrkkpzjML8Zz","526riivPNPpLUS0DhEXGCe","55GdsHx1NHXJkdDbtWGlUM","59cFSZ8JtK/J/AS73aJ6Hk","5cO7kybDxGj4ipyMYdRYZB","5ebD9u5wFNC4Gl7bRgyg3D","5feC68qSJDz5ZHvX3nNA0U","5f5dyqtRNNxaFmVzYns6FZ","62uPbt0QlISZPTeQP6mGJz","655K69qOZEj4VzNCSw0ctZ","656Jvif8NJdZqCpcfEYlmf","69eW0UWQFN7ogsllk55Rc7","694GEFZ9JPrq0pA8dCpY/x","6bgXx08QpFO5nj8JnWUSVK","6cRyoYYuxKi7YxQd7XKBC0","71lq7qmPlJ1rrFu6OkwmZO","76CZXAzm1LEaaoCqqXL0Fp","77zOWh+j5Jn5olz0B10oZv","79muObDflAJoVS/0cdYxl2","7a/QZLET9IDreTiBfRn2PD","84IwHlVEtOeb2Eguxmv8sh","84jzvVF7xKmaBhdDpGxaLj","8bNjd0YudF3aKPYMqEaYyZ","95Vzn3czhHi4kU0vhvRe64","96bIaKQg1PIZSpkDdSBGZW","97FM6m7bJHBoMGv0IBxnV2","98Isked39PD44+nlVA24yl","99XaXlOgdIO57NHlaQ8rgE","99f0esG41HNJv9nAZeEcSw","9aH8BhRQJOXY5SBzxSkvxY","9bCZfdDdpOGL5duK9/jpGk","a0Y0ncvM5FEqsJA/ew7AX5","a112bSFrRHSrU7lctfKK66","a2MjXRFdtLlYQ5ouAFv/+R","a3+E7YlNFNxo3aFugZjhTD","a5+4gUzYVGA5RYtyKPaaTD","a8ShYPxYBHIpcGqHmUZa9P","a8o3jCOZ1I8pKfzoO8HIVB","aaqUzaelhK67CEgt55k5Xx","bc0pgo9n9Nlb94WxQp/myL","bdGjT6ynFAW4aUmA4sowdU","c3+3XFrsNMWZaEYIa0BTQ6","c4xLTtRTZB8JdytJy/CSxK","c8mt5zGg5BsIcVnSMNyKB1","c84quVto1D647nhQJt8ES0","c9MFMlantNFJhWe/qNbctd","c9w+MU+E5OIYoVTmOA6eEo","ceuZMt6jxHN4RdisctWRTX","cf4HM3+OZCI5E1n1Ze2PKJ","d4dkCnKNdBR6bni8R2gWIm","d4xwBQdJdJVpajcCyQIv5f","d5qOiL3PhLrawspy+bRdk7","d51OfAFPVG3YbPlqUNw68s","de4827jhhJfZgGgpJwJ8FG","e06q/hY5ZDm6ncvPO/TH/L","e2sGsmAolIMYBbcR8Sxx9Q","e8AdGhi/hINqe9qoX9WACd","e97GVMl6JHh5Ml5qEDdSGa","eaP1rsNCdBdK9Tg7yw4/Ji","ea/IB8JmlJq607nncza31w","ecpdLyjvZBwrvm+cedCcQy","efAgkKIJNAYp7I09iSL4NH","efqQv9r8ZCnJ9GFPePLvb7","f0BIwQ8D5Ml7nTNQbh1YlS","f1XAKIFqVBN67hWrjz/5nc","f4jBJobypN45YzS37deL1V","f4z7m/PRdJGLJWhlfyEqt4","f5DJnGXR1CiI3Rwn5LKH9x","f7R9OIH3NEMYky8+z8oubl","fb+bgo4z9INIyzcrsMS3BN","ffDpHHVcZAhqOfy25Fe4w7","ffa10AVOBEuJ+du1mnyIiK"],"scenes":{},"redirect":[90,0,119,0,120,0,128,1,130,1,135,0,136,0,140,0,141,2,144,0,145,0,146,0,150,0,151,0,155,0,160,0,167,1,171,0,182,2],"deps":["resources","main","internal"],"packs":{"012d50dd1":[12,175],"024b82e82":[107,19,125,127,157,161],"02c320f46":[0,1,2,3,4,5,6,7,8,9,10,11,13,14,15,16,17,18,20,21,22,23,24,25,26,27,28,29,30,31,32,33,34,35,36,37,38,39,41,42,43,44,45,46,47,48,49,50,51,52,53,54,55,56,57,58,59,60,61,62,63,64,65,66,68,69,70,71,72,73,74,75,76,77,78,79,80,81,82,83,84,85,86,87,88],"0489ea8dd":[89,92,93,96,97,99,101,102,103,105,106,110,111,113,115,118,122,126,129,131,133,137,138,40,142,143,147,148,152,153,156,162,163,168,169,172,173,177,178,180,181,183,188,189,191,192],"07e269380":[94,98,100,112,114,116,117,124,132,134,149,154,158,164,165,67,170,174,176,186,190,193],"08c88d4f7":[91,95,104,108,109,139,159,166,179,185,187],"0c997a63e":[121,123,184]},"name":"GUI","importBase":"import","nativeBase":"native","debug":false,"isZip":false,"encrypted":false,"versions":{"import":["012d50dd1","763d8","024b82e82","45116","02c320f46","42e3d","0489ea8dd","4bb98","07e269380","8921a","08c88d4f7","35843","0c997a63e","5df2f"],"native":[0,"b36fc",1,"2b517",2,"d0a33",3,"e008a",4,"867ed",5,"3155a",6,"d297a",7,"9db19",8,"e1396",9,"60e8f",10,"dbb32",11,"aabc8",13,"9dced",14,"f7f64",15,"cfb4a",16,"d2d82",17,"b7ebe",18,"2cb58",20,"f36e9",21,"f9dae",22,"2ee32",23,"8e1f2",24,"81ead",25,"e4ebd",26,"a787f",27,"16e2b",28,"1d5d0",29,"6d707",30,"c69a5",31,"45f09",32,"83abb",33,"9e401",34,"4ed26",35,"94692",36,"c06a9",37,"ef3fd",38,"e8287",39,"f729a",41,"ea903",42,"8d76d",43,"980e9",44,"a5017",45,"f50c2",46,"d7754",47,"ffab9",48,"a18b2",49,"016cc",50,"6921c",51,"24421",52,"0b8eb",53,"592a9",54,"a88ea",55,"6dc0a",56,"83fcc",57,"6b5ec",58,"467f6",59,"e6e36",60,"1e3b6",61,"47a90",62,"8347f",63,"2e285",64,"986ae",65,"03986",66,"b09df",68,"fbe90",69,"18f75",70,"c4a6e",71,"03145",72,"d55c2",73,"04e2a",74,"c7021",75,"e4f20",76,"68955",77,"2d408",78,"782b2",79,"99f7b",80,"733a2",81,"96e77",82,"90cf4",83,"d9977",84,"b6583",85,"17df6",86,"2d997",87,"c33f7",88,"80040"]}}