{"paths":{},"types":[],"uuids":["06EihvqJtEIYW5I/kIB8rl","07xlSFH5NJ9Lf3Z4tcT+1i","0843io7xhAWaXi1vTCxHsq","0ar254+OlBG5WVZCUtP5AQ","10arFavm9Cgb+P7OFQXC8i","11FUMnSJpBI4c8tkENwFI3","22MQHkgphIcamtwz8PMvHp","25NIrOv91KF4whtZQQ94WV","2cR/qLSldF8IH7DqURKYgX","2cn+mtIoxExYzn6hEc0VeO","2ftOVBrlNCZLgMi5l/pWUW","35OkZwRx1Nr7LF1vx27swR","39qx1j2Y1PxKMj4GzV4s+D","42mneFnCROW4O4+pfG9f5N","52mQDakW9CvKhhWTfkuW7q","53w/YPQVFPj5dJcOlBlJ/U","68GqOp71BBX7ulIPKKsm9w","6bwZr+hmtH44b3drMwh/Zp","6c1a0iAjpMPqjy6qf+OYDO","86IIyYwBlFV4/HPJFocbYo","892/nutG9HqZRekjqmdRF4","938CbPiCtID6nkNO7fwBo1","9emzyitFVFE4BwPjq70q/7","9e+loMWeBN8K1ptE7Lngvh","a5973yNiVO8IqESZ+l+8XD","d14/N7G0lIIY9c+exw3LNJ","e4TbPqKz9Mu5etRJP8rVGw","f9vU/Rq5tAhrV/lWdc67eo","5feC68qSJDz5ZHvX3nNA0U","62uPbt0QlISZPTeQP6mGJz","a2MjXRFdtLlYQ5ouAFv/+R","c9MFMlantNFJhWe/qNbctd","ecpdLyjvZBwrvm+cedCcQy"],"scenes":{"db://assets/scenes/main.fire":14},"redirect":[30,0,32,1],"deps":["resources","internal"],"packs":{"07c30d417":[3,4,15],"0da945848":[0,1,2,5,6,7,8,9,10,11,12,13,14,28,29,16,17,18,19,20,21,22,23,24,31,25,26,27]},"name":"main","importBase":"import","nativeBase":"native","debug":false,"isZip":false,"encrypted":false,"versions":{"import":["07c30d417","c36e8","0da945848","35b88"],"native":[0,"4b688",1,"e6983",2,"cefb8",3,"7fb31",4,"8db51",5,"a9ffc",6,"5aac8",7,"388a1",8,"e1664",9,"6a43a",10,"19c1a",11,"c7232",12,"799be",13,"5e698",15,"c2b4b",16,"dec58",17,"942f6",18,"9013a",19,"e362f",20,"77e63",21,"f328e",22,"8871f",23,"448c0",24,"e26a7",25,"62266",26,"a1578",27,"2c2da"]}}