[1,["a5ZUGrUIdP0Y5djHtsnwlI","b5dVIAYkBBIbqi7ngS4odc"],["node","root","data","_N$skeletonData"],[["cc.Prefab",["_name"],2],["cc.Node",["_name","_groupIndex","_components","_prefab","_contentSize","_trs"],1,9,4,5,7],["cc.BoxCollider",["tag","node","_size"],2,1,5],["sp.Skeleton",["defaultAnimation","_preCacheMode","_cacheMode","_animationName","_N$enableBatch","node","_N$skeletonData"],-2,1,6],["083284vH5tL8raqVw3y/gbv",["node"],3,1],["cc.PrefabInfo",["fileId","root"],2,1],["sp.SkeletonData",["_name","_atlasText","textureNames","_skeletonJson","textures"],-1,3]],[[0,0,2],[1,0,1,2,3,4,5,3],[2,0,1,2,2],[3,0,1,2,3,4,5,6,6],[4,0,1],[5,0,1,2],[6,0,1,2,3,4,5]],[[[[0,"propBullet2"],[1,"propBullet2",2,[[2,1,-2,[5,20,30]],[3,"animation",1,1,"animation",true,-3,0],[4,-4]],[5,"d8eApu9uNAj4SlbXyoHHR1",-1],[5,26.4,36.8],[209,149,0,0,0,0,1,1,1,1]]],0,[0,1,1,0,0,1,0,0,1,0,0,1,0,2,1,4],[0],[3],[0]],[[[6,"prop_002","\r\nprop_002.png\r\nsize: 128,32\r\nformat: RGBA8888\r\nfilter: Linear,Linear\r\nrepeat: none\r\nboomA01\r\n  rotate: false\r\n  xy: 73, 20\r\n  size: 10, 8\r\n  orig: 10, 8\r\n  offset: 0, 0\r\n  index: -1\r\nboomA02\r\n  rotate: true\r\n  xy: 41, 6\r\n  size: 22, 30\r\n  orig: 22, 30\r\n  offset: 0, 0\r\n  index: -1\r\nboomA03\r\n  rotate: true\r\n  xy: 2, 2\r\n  size: 26, 37\r\n  orig: 26, 37\r\n  offset: 0, 0\r\n  index: -1\r\n",["prop_002.png"],{"skeleton":{"hash":"y/sw/05U7AVqB2FhjLKDdsfpaEo","spine":"3.6.53","width":26.4,"height":36.8,"images":"./images/"},"bones":[{"name":"root","scaleX":0.4,"scaleY":0.4},{"name":"bone","parent":"root"},{"name":"bone2","parent":"root"}],"slots":[{"name":"boomA03","bone":"bone","attachment":"boomA03"},{"name":"boomA02","bone":"root","attachment":"boomA02"},{"name":"s","bone":"root","attachment":"s"},{"name":"boomA1","bone":"bone2","attachment":"boomA01"}],"skins":{"default":{"boomA02":{"boomA02":{"width":54,"height":74}},"boomA03":{"boomA03":{"width":66,"height":92}},"boomA1":{"boomA01":{"x":0.5,"y":-0.5,"width":25,"height":19}},"s":{"s":{"type":"clipping","end":"s","vertexCount":4,"color":"ce3a3aff","vertices":[-23.04,10,22.4,9.57,22.54,-11.3,-23.19,-11.02]}}}},"animations":{"animation":{"slots":{"boomA03":{"color":[{"time":0,"color":"ffffffff","curve":[0.25,0,0.75,1]},{"time":0.2333,"color":"ffffff44","curve":[0.25,0,0.75,1]},{"time":0.5,"color":"ffffffff"}]}},"bones":{"bone2":{"translate":[{"time":0,"x":-23.24,"y":0},{"time":0.5,"x":22.17,"y":0}]}}}}},[0]]],0,0,[0],[-1],[1]]]]