[1,["12d9e6856","ecpdLyjvZBwrvm+cedCcQy","bbc60xKAdNoLy5BhMTlogb","0fQTr19sxJBLHyhmva63gq","fbg7MH41tHlYbdPTfH5kTg","3ejBXPVyhMILE8sBmbyMjD","591s0XOLlBHqhn3rgwYKfi","97ePwS9wxBGZXC3YRznh91","99MJxhFjBJWK4+NGhZe4Ex"],["_textureSetter","_spriteFrame","node","root","cdTimer","prgressBar","sprite","data"],["cc.SpriteFrame",["cc.Sprite",["_isTrimmedMode","_type","_fillType","_fillStart","_fillRange","node","_materials","_spriteFrame","_fillCenter"],-2,1,3,6,5],["cc.Node",["_name","_parent","_components","_prefab","_contentSize","_children","_eulerAngles"],2,1,2,4,5,2,5],["cc.Prefab",["_name"],2],["cc.Node",["_name","_children","_components","_prefab","_contentSize"],2,2,12,4,5],["ad6c7iO+p1G1qYI4btYwplX",["node","spriteFrames","sprite","prgressBar","cdTimer"],3,1,3,1,1,1],["cc.PrefabInfo",["fileId","root"],2,1],["cc.ProgressBar",["_N$mode","_N$progress","node","_N$barSprite"],1,1,1],["c739atlrTdAc4RH4aaUDag6",["cd","pause","node","frameEventHandlers","zeroEventHandlers"],1,1,9,9],["cc.ClickEvent",["_componentId","handler","target"],1,1]],[[6,0,1,2],[2,0,1,2,3,4,2],[9,0,1,2,3],[3,0,2],[4,0,1,2,3,4,2],[2,0,1,5,2,3,4,6,2],[5,0,1,2,3,4,1],[1,5,6,7,1],[1,0,5,6,2],[1,1,2,3,4,5,6,8,5],[7,0,1,2,3,3],[8,0,1,2,3,4,3]],[[[{"name":"prop_009f","rect":[283,547,66,63],"offset":[4,1],"originalSize":[74,83],"capInsets":[0,0,0,0]}],[0],0,[0],[0],[0]],[[{"name":"prop_012f","rect":[172,612,55,55],"offset":[2.5,-1.5],"originalSize":[74,82],"capInsets":[0,0,0,0]}],[0],0,[0],[0],[0]],[[{"name":"prop_013f","rect":[3,601,60,60],"offset":[3.5,-2],"originalSize":[73,82],"capInsets":[0,0,0,0]}],[0],0,[0],[0],[0]],[[[3,"propState"],[4,"propState",[-8,-9],[[[6,-5,[2,3,4,5,6],-4,-3,-2],-6,[7,-7,[7],8]],4,1,4],[0,"a6p/moUOpKj5YISbJW1NbI",-1],[5,71,78]],[5,"progress",1,[-11],[-10],[0,"0d8Lo+7f1GwJQgd6ADstga",1],[5,71,78],[1,0,0,60]],[1,"New Sprite",1,[-12],[0,"bfX/4+DUdDF5neWnbJAmx7",1],[5,52,56]],[8,false,3,[0]],[1,"bar",2,[-13],[0,"7fBoJ25sJN1bKLUxag+kzw",1],[5,57,66]],[9,3,2,0.0833333,0.1,5,[1],[0,0.5,0.5]],[10,2,0.1,2,6],[11,12,true,1,[[2,"ad6c7iO+p1G1qYI4btYwplX","onProgressEvent",1]],[[2,"ad6c7iO+p1G1qYI4btYwplX","onZeroEvent",1]]]],0,[0,3,1,0,4,8,0,5,7,0,6,4,0,2,1,0,-2,8,0,2,1,0,-1,3,0,-2,2,0,-1,7,0,-1,5,0,-1,4,0,-1,6,0,7,1,13],[0,0,0,0,0,0,0,0,0,4,6],[-1,-1,-1,-2,-3,-4,-5,-1,1,1,1],[1,1,2,3,4,5,6,1,7,2,8]],[[{"name":"prop_500f","rect":[380,513,71,78],"offset":[0,0],"originalSize":[73,82],"rotated":1,"capInsets":[0,0,0,0]}],[0],0,[0],[0],[0]],[[{"name":"prop_501f","rect":[100,593,57,66],"offset":[0,0],"originalSize":[73,82],"rotated":1,"capInsets":[0,0,0,0]}],[0],0,[0],[0],[0]],[[{"name":"prop_005f","rect":[69,656,52,56],"offset":[2,-1.5],"originalSize":[74,83],"capInsets":[0,0,0,0]}],[0],0,[0],[0],[0]],[[{"name":"prop_010f","rect":[355,590,61,67],"offset":[2.5,-1.5],"originalSize":[74,82],"rotated":1,"capInsets":[0,0,0,0]}],[0],0,[0],[0],[0]]]]