[1,["94jEzOGrNLb6SLzByRjeK9","7a/QZLET9IDreTiBfRn2PD","27CV2OT6RAKZLatTr7gzQe"],["node","root","ske","data","_N$skeletonData"],[["sp.SkeletonData",["_name","_atlasText","textureNames","_skeletonJson","textures"],-1,3],["cc.Prefab",["_name"],2],["cc.Node",["_name","_groupIndex","_children","_components","_prefab","_contentSize","_anchorPoint","_trs"],1,2,9,4,5,5,7],["cc.Node",["_name","_groupIndex","_parent","_components","_prefab","_contentSize","_trs"],1,1,2,4,5,7],["cc.CircleCollider",["_radius","node"],2,1],["cc.BoxCollider",["node","_size"],3,1,5],["2fd84qgTxlNla8RAGPr2aOb",["node"],3,1],["1ab695SfTxHj46gL5xG1BMg",["node","ske"],3,1,1],["cc.PrefabInfo",["fileId","root"],2,1],["sp.Skeleton",["defaultAnimation","_preCacheMode","_cacheMode","_animationName","_N$enableBatch","node","_materials"],-2,1,3]],[[8,0,1,2],[0,0,1,2,3,4,5],[1,0,2],[2,0,1,2,3,4,5,6,7,3],[3,0,1,2,3,4,5,6,3],[4,0,1,2],[5,0,1,1],[6,0,1],[7,0,1,1],[9,0,1,2,3,4,5,6,6]],[[[[1,"enemy_008","\r\nenemy_008.png\r\nsize: 512,128\r\nformat: RGBA8888\r\nfilter: Linear,Linear\r\nrepeat: none\r\n008armL\r\n  rotate: false\r\n  xy: 427, 38\r\n  size: 40, 40\r\n  orig: 40, 40\r\n  offset: 0, 0\r\n  index: -1\r\n008armLS\r\n  rotate: true\r\n  xy: 384, 4\r\n  size: 42, 41\r\n  orig: 42, 41\r\n  offset: 0, 0\r\n  index: -1\r\n008armR\r\n  rotate: false\r\n  xy: 452, 82\r\n  size: 40, 40\r\n  orig: 40, 40\r\n  offset: 0, 0\r\n  index: -1\r\n008armRS\r\n  rotate: true\r\n  xy: 409, 80\r\n  size: 42, 41\r\n  orig: 42, 41\r\n  offset: 0, 0\r\n  index: -1\r\n008body\r\n  rotate: true\r\n  xy: 339, 48\r\n  size: 74, 68\r\n  orig: 74, 68\r\n  offset: 0, 0\r\n  index: -1\r\n008bodyS\r\n  rotate: true\r\n  xy: 268, 46\r\n  size: 76, 69\r\n  orig: 76, 69\r\n  offset: 0, 0\r\n  index: -1\r\n008handL\r\n  rotate: true\r\n  xy: 60, 4\r\n  size: 25, 54\r\n  orig: 25, 54\r\n  offset: 0, 0\r\n  index: -1\r\n008handLS\r\n  rotate: true\r\n  xy: 2, 2\r\n  size: 27, 56\r\n  orig: 27, 56\r\n  offset: 0, 0\r\n  index: -1\r\n008handR\r\n  rotate: true\r\n  xy: 176, 12\r\n  size: 18, 56\r\n  orig: 18, 56\r\n  offset: 0, 0\r\n  index: -1\r\n008handRS\r\n  rotate: true\r\n  xy: 116, 10\r\n  size: 19, 58\r\n  orig: 19, 58\r\n  offset: 0, 0\r\n  index: -1\r\n008hips\r\n  rotate: false\r\n  xy: 328, 10\r\n  size: 54, 34\r\n  orig: 54, 34\r\n  offset: 0, 0\r\n  index: -1\r\n008hipsS\r\n  rotate: false\r\n  xy: 271, 8\r\n  size: 55, 36\r\n  orig: 55, 36\r\n  offset: 0, 0\r\n  index: -1\r\n008leg\r\n  rotate: true\r\n  xy: 253, 9\r\n  size: 21, 16\r\n  orig: 21, 16\r\n  offset: 0, 0\r\n  index: -1\r\n008legS\r\n  rotate: true\r\n  xy: 234, 8\r\n  size: 22, 17\r\n  orig: 22, 17\r\n  offset: 0, 0\r\n  index: -1\r\n008weap\r\n  rotate: true\r\n  xy: 136, 32\r\n  size: 90, 130\r\n  orig: 90, 130\r\n  offset: 0, 0\r\n  index: -1\r\n008weapS\r\n  rotate: true\r\n  xy: 2, 31\r\n  size: 91, 132\r\n  orig: 91, 132\r\n  offset: 0, 0\r\n  index: -1\r\n",["enemy_008.png"],{"skeleton":{"hash":"nMSDu2PTCYlqSJ0WZuj5L8aYBiU","spine":"3.6.53","width":142.95,"height":153.93,"images":"../image1/"},"bones":[{"name":"root","scaleX":0.2,"scaleY":0.2},{"name":"bone","parent":"root"},{"name":"bone9","parent":"bone","y":187.7},{"name":"008body","parent":"bone9","length":67.89,"rotation":90,"y":-137.73},{"name":"008body2","parent":"008body","length":67.89,"x":67.87},{"name":"008body3","parent":"008body2","length":54.68,"x":65.9},{"name":"008body4","parent":"008body3","length":133.21,"x":55.38},{"name":"008body5","parent":"008body","length":112.84,"rotation":130.49,"x":193.16,"y":135.16},{"name":"008body6","parent":"008body5","length":87.26,"rotation":0.79,"x":112.84},{"name":"008body7","parent":"008body","length":107.98,"rotation":-123.18,"x":167.96,"y":-132.49},{"name":"008body8","parent":"008body7","length":76.34,"rotation":10.41,"x":107.98},{"name":"008body9","parent":"008body5","length":156.03,"rotation":-136.2,"x":201,"y":36.24},{"name":"008body10","parent":"008body7","length":150.96,"rotation":135.48,"x":187.97,"y":-7.41},{"name":"008body11","parent":"bone","length":17.96,"rotation":-88.15,"y":46.7},{"name":"008leg2","parent":"008body11","length":16.86,"rotation":14.1,"x":25.55,"y":55.83},{"name":"008leg3","parent":"008body11","length":16.86,"rotation":162.2,"x":21.55,"y":-55.44,"scaleX":-1},{"name":"weapon","parent":"008body7","length":100,"rotation":146.56,"x":188.26,"y":-8.61},{"name":"weapon2","parent":"weapon","length":106.2,"rotation":-0.76,"x":117.28,"y":3.3},{"name":"bone2","parent":"weapon2","length":88.79,"rotation":11.33,"x":94.4,"y":34.16},{"name":"weapon3","parent":"weapon2","length":102.49,"rotation":-14.77,"x":127.92,"y":3.59},{"name":"weapon4","parent":"weapon3","x":18.9,"y":0.52},{"name":"weapon5","parent":"bone2","length":95.21,"rotation":33.06,"x":96.56,"y":0.28},{"name":"weapon6","parent":"weapon5","length":66.88,"rotation":16.15,"x":110.62,"y":18.08},{"name":"weapon7","parent":"weapon3","length":74.34,"rotation":-44.72,"x":88.12,"y":-41.95},{"name":"weapon8","parent":"weapon7","length":84.89,"rotation":-6.61,"x":80.92,"y":-1.7},{"name":"weapon9","parent":"weapon8","length":91.47,"rotation":27.99,"x":84.89},{"name":"weapon10","parent":"weapon9","length":91.68,"rotation":40.87,"x":91.47},{"name":"weapon11","parent":"weapon3","length":68.87,"rotation":-24.89,"x":108.07,"y":-6.11},{"name":"weapon12","parent":"weapon11","length":70.9,"rotation":33.57,"x":68.87},{"name":"weapon13","parent":"weapon12","length":43.33,"rotation":-33.64,"x":70.9},{"name":"weapon14","parent":"weapon12","length":67.45,"rotation":16.91,"x":85.92,"y":13.27},{"name":"weapon15","parent":"weapon14","length":66.38,"rotation":-31.67,"x":81.94,"y":-1.33}],"slots":[{"name":"008weapS","bone":"weapon","attachment":"008weapS"},{"name":"008weap","bone":"weapon","attachment":"008weap"},{"name":"008handLS","bone":"008body9","attachment":"008handLS"},{"name":"008legS","bone":"008leg2","attachment":"008legS"},{"name":"008legS2","bone":"008leg3","attachment":"008legS"},{"name":"008hipsS","bone":"008body11","attachment":"008hipsS"},{"name":"008bodyS","bone":"008body","attachment":"008bodyS"},{"name":"008armRS","bone":"008body7","attachment":"008armRS"},{"name":"008armLS","bone":"008body5","attachment":"008armLS"},{"name":"008handRS","bone":"008body10","attachment":"008handRS"},{"name":"008handR","bone":"008body10","attachment":"008handR"},{"name":"008handL","bone":"008body9","attachment":"008handL"},{"name":"008leg2","bone":"008leg2","attachment":"008leg"},{"name":"008leg3","bone":"008leg3","attachment":"008leg"},{"name":"008hips","bone":"008body11","attachment":"008hips"},{"name":"008body","bone":"008body","attachment":"008body"},{"name":"008armR","bone":"008body7","attachment":"008armR"},{"name":"008armL","bone":"008body5","attachment":"008armL"}],"skins":{"default":{"008armL":{"008armL":{"x":91.72,"y":5.26,"rotation":139.51,"width":201,"height":199}},"008armLS":{"008armLS":{"x":91.72,"y":5.26,"rotation":139.51,"width":209,"height":207}},"008armR":{"008armR":{"x":78.74,"y":5.67,"rotation":33.18,"width":201,"height":199}},"008armRS":{"008armRS":{"x":78.74,"y":5.67,"rotation":33.18,"width":209,"height":207}},"008body":{"008body":{"x":160.61,"rotation":-90,"width":372,"height":339}},"008bodyS":{"008bodyS":{"x":160.61,"rotation":-90,"width":380,"height":347}},"008handL":{"008handL":{"x":130.22,"y":24.58,"rotation":-84.29,"width":126,"height":270}},"008handLS":{"008handLS":{"x":130.22,"y":24.58,"rotation":-84.29,"width":134,"height":278}},"008handR":{"008handR":{"x":142.72,"y":-8.33,"rotation":-102.3,"width":89,"height":280}},"008handRS":{"008handRS":{"x":142.72,"y":-8.33,"rotation":-102.3,"width":97,"height":288}},"008hips":{"008hips":{"x":-59.36,"y":1.91,"rotation":88.15,"width":268,"height":172}},"008hipsS":{"008hipsS":{"x":-59.36,"y":1.91,"rotation":88.15,"width":276,"height":180}},"008leg2":{"008leg":{"x":-8.67,"y":2.87,"rotation":74.05,"width":103,"height":81}},"008leg3":{"008leg":{"x":-8.67,"y":2.87,"rotation":74.05,"width":103,"height":81}},"008legS":{"008legS":{"x":-8.67,"y":2.87,"rotation":74.05,"width":111,"height":83}},"008legS2":{"008legS":{"x":-8.67,"y":2.87,"rotation":74.05,"width":111,"height":83}},"008weap":{"008weap":{"type":"mesh","hull":91,"width":449,"height":651,"uvs":[0.76026,1,0.68341,0.95566,0.64375,0.90437,0.59417,0.85308,0.51733,0.79495,0.4504,0.72315,0.4033,0.66673,0.30167,0.69237,0.32646,0.63595,0.37356,0.61373,0.29423,0.57782,0.18269,0.58808,0.05874,0.59321,0,0.55218,0,0.48037,0.00917,0.41028,0.04387,0.43592,0.04883,0.47524,0.06866,0.52482,0.11328,0.5385,0.1926,0.5385,0.28184,0.52995,0.33637,0.51457,0.4504,0.57782,0.51733,0.63424,0.50246,0.56757,0.51981,0.4855,0.56938,0.43592,0.57434,0.37095,0.53964,0.31282,0.4504,0.29573,0.42654,0.27743,0.48338,0.26941,0.44949,0.24203,0.41931,0.1862,0.39736,0.13132,0.4001,0.08211,0.41931,0.03101,0.45635,0,0.49065,0,0.45773,0.0348,0.44812,0.084,0.45361,0.12753,0.47831,0.17673,0.52358,0.22215,0.55651,0.26379,0.58394,0.22594,0.61413,0.22783,0.59355,0.26663,0.6059,0.29312,0.65117,0.34138,0.68821,0.3745,0.70879,0.40951,0.74995,0.38018,0.80483,0.35273,0.84736,0.33192,0.894,0.29312,0.91458,0.2477,0.92144,0.21648,0.9187,0.16727,0.90223,0.12848,0.88577,0.0963,0.86108,0.0717,0.83089,0.04521,0.88989,0.0594,0.9187,0.08968,0.94202,0.12564,0.95848,0.16159,0.9626,0.22026,0.95986,0.25811,0.93928,0.30353,1,0.31299,0.99553,0.32908,0.9187,0.33949,0.88851,0.37071,0.84736,0.39342,0.79797,0.41708,0.7623,0.45209,0.728,0.48899,0.78288,0.46534,0.75406,0.50886,0.72525,0.54671,0.71153,0.58551,0.70467,0.61957,0.73583,0.66035,0.76562,0.71233,0.80068,0.77278,0.82347,0.82355,0.84099,0.87795,0.85151,0.92873,0.84976,1],"triangles":[5,6,24,62,63,64,61,62,64,61,64,65,60,61,65,60,65,66,59,60,66,59,66,67,58,59,67,40,38,39,37,38,40,41,37,40,36,37,41,35,41,42,41,35,36,34,35,42,34,42,43,33,34,43,33,43,44,32,33,44,32,44,45,30,31,32,29,32,45,30,32,29,51,82,27,48,46,47,45,46,48,45,49,29,49,45,48,28,49,50,28,29,49,28,50,51,27,28,51,58,67,68,68,57,58,69,57,68,70,57,69,56,57,70,72,70,71,73,56,70,73,70,72,55,56,73,74,55,73,75,55,74,54,55,75,76,53,54,76,54,75,77,53,76,52,53,77,78,52,77,80,78,79,52,78,51,81,78,80,81,82,78,78,82,51,14,15,16,14,16,17,18,13,14,18,14,17,11,19,20,10,11,20,12,13,18,12,18,19,12,19,11,10,21,22,10,20,21,9,22,23,10,22,9,6,9,23,6,23,24,6,7,8,6,8,9,83,24,25,82,26,27,82,25,26,25,82,83,83,4,24,5,24,4,4,83,84,3,4,84,85,3,84,3,85,86,2,3,86,2,86,87,1,2,87,88,1,87,0,1,88,89,0,88,90,0,89],"vertices":[1,16,8.67,23.11,1,2,16,48.85,43.33,0.95135,17,-68.95,39.12,0.04865,2,16,86.57,46.43,0.62713,17,-31.28,42.71,0.37287,4,16,126.05,53.61,0.06535,17,8.1,50.42,0.92942,20,-146.69,14.22,0.00396,21,-131.38,124.42,0.00127,4,17,56.3,67.71,0.91026,20,-104.49,43.23,0.04427,19,-85.6,43.75,0.00202,21,-84.84,103.06,0.04346,5,17,111.01,77.47,0.21514,20,-54.08,66.61,0.09277,19,-35.18,67.13,0.03993,21,-38.92,71.76,0.17216,18,24.8,39.2,0.48,5,17,153.05,82.87,0.01716,20,-14.8,82.54,0.04746,19,4.09,83.06,0.01102,21,-5.11,46.21,0.35636,18,67.08,36.23,0.568,3,20,-25.11,130.03,0.02286,21,30.38,79.4,0.65714,18,78.71,83.4,0.32,3,20,9.76,113.98,0.02541,21,34.48,41.24,0.71859,18,102.96,53.66,0.256,4,17,190.04,81.92,0.00026,20,21.2,91.06,0.01761,21,20.66,19.66,0.83013,18,103.15,28.03,0.152,2,21,62.58,12.06,0.99145,22,-47.82,7.58,0.00855,1,22,1.11,20.17,1,1,22,55.97,30.12,1,1,22,85.34,6.74,1,1,22,90.91,-39.67,1,1,22,92.26,-85.47,1,1,22,74.8,-70.75,1,1,22,69.54,-45.6,1,1,22,56.85,-14.61,1,1,22,35.9,-8.16,1,2,21,114.59,6.31,0.19249,22,0.54,-12.4,0.80751,1,21,79.87,-14.46,1,1,21,61.24,-33.24,1,4,20,39.64,53.69,0.00256,19,58.54,54.2,0.00025,21,-1.97,-15.33,0.8132,18,103.27,-13.64,0.184,5,17,152.88,27.47,0.00114,20,-0.85,28.94,0.29661,19,18.04,29.45,0.28139,21,-43.98,6.75,0.24486,18,56.02,-18.05,0.176,3,20,43.06,29.62,0.00815,19,61.96,30.14,0.98586,21,-20.88,-30.6,0.006,2,19,113.81,15.12,0.98135,27,-3.73,21.67,0.01865,2,19,142.75,-11.34,0.00275,27,33.66,9.85,0.99725,3,28,16.02,13.51,0.92813,27,74.75,20.11,0.07176,30,-66.81,20.55,0.00012,3,28,56.73,17.67,0.71696,30,-26.64,12.7,0.28294,31,-99.78,-45.06,0.0001,2,30,4.72,40.01,0.99904,31,-87.42,-5.36,0.00096,2,30,20.57,42.38,0.99898,31,-75.17,4.98,0.00102,2,30,10.86,18.21,0.99898,31,-70.75,-20.69,0.00102,2,30,34.12,21.08,0.99624,31,-52.46,-6.03,0.00376,2,30,71.92,12.36,0.81806,31,-15.71,6.39,0.18194,1,31,20.3,15.14,1,1,31,52.28,12.92,1,1,31,85.26,3.27,1,1,31,104.93,-13.98,1,1,31,104.46,-29.37,1,1,31,82.27,-13.9,1,2,30,120.31,-35.1,0,31,50.39,-8.6,1,2,28,183.36,20.37,0,31,21.99,-10.18,1,3,28,149.5,18.86,0.00005,30,62.46,-13.14,0.9984,31,-10.37,-20.28,0.00155,1,30,26.58,-13.81,1,2,28,85.18,1.33,0.4986,30,-4.18,-11.21,0.5014,1,28,105.29,-17.49,1,1,28,100.25,-30.13,1,2,28,78.67,-14.09,0.93817,30,-14.89,-24.07,0.06183,1,28,60.56,-14.49,1,3,23,88.54,67.74,0.06694,28,24.66,-25.04,0.92168,27,103.26,-7.23,0.01138,3,23,81.27,41.5,0.3423,28,-0.74,-34.85,0.45578,27,87.52,-29.45,0.20191,4,23,68.58,20.43,0.75223,24,-14.81,20.56,0.00782,28,-25.22,-37.22,0.07995,27,68.43,-44.96,0.16,4,23,94.95,17.1,0.13699,24,11.77,20.29,0.84026,28,-12.18,-60.37,0.00682,27,92.11,-57.03,0.01594,1,24,41.68,14.7,1,1,24,64.66,10.17,1,1,25,16.84,5.04,1,1,25,47.8,4.03,1,1,25,68.22,6.49,1,1,26,16.13,7.51,1,1,26,42.12,3.36,1,1,26,64.21,1.06,1,1,26,83.43,4.22,1,1,26,104.83,9.07,1,1,26,85.12,-10.9,1,1,26,61.77,-14.14,1,2,25,127.67,13.38,0.00035,26,36.13,-13.57,0.99965,1,26,11.82,-10.22,1,1,25,70.78,-11.98,1,2,25,46.7,-17.37,0.99898,26,-45.22,16.16,0.00102,3,24,106.46,-7.06,0.0394,25,15.74,-16.36,0.96059,26,-67.97,37.18,0,1,25,17.08,-44.28,1,1,25,6.46,-45.14,1,2,24,83.12,-16.46,0.55693,25,-9.28,-13.71,0.44307,1,24,59.05,-20.61,1,1,24,35.6,-17.38,1,1,24,9.17,-11.88,1,1,23,60.82,-15.42,1,3,17,203.78,-96.21,0.00064,19,98.79,-77.17,0.00256,23,32.36,-17.52,0.99681,2,19,110.68,-103.68,0.00019,23,59.47,-27.99,0.99981,3,17,187.34,-102.04,0.00252,19,84.38,-87,0.01698,23,29.04,-34.64,0.98049,3,17,169.57,-80.62,0.02667,19,61.74,-70.81,0.20296,23,1.56,-39.08,0.77037,3,17,148.62,-65.22,0.1074,19,37.56,-61.26,0.48833,23,-22.34,-49.3,0.40427,5,16,245.89,-52.26,0.00003,17,129.34,-53.85,0.26874,20,-2.88,-55.7,0.00006,19,16.01,-55.18,0.56684,23,-41.93,-60.14,0.16434,4,16,215.98,-54.56,0.00456,17,99.46,-56.55,0.61315,19,-12.2,-65.41,0.33362,23,-54.77,-87.26,0.04867,4,16,179.61,-53.41,0.06241,17,63.07,-55.88,0.84498,19,-47.55,-74.04,0.08589,23,-73.82,-118.27,0.00671,3,16,137.24,-52.24,0.38477,17,20.7,-55.28,0.61067,19,-88.68,-84.25,0.00456,2,16,102.84,-48.52,0.82062,17,-13.75,-52.01,0.17938,1,16,67.21,-41.69,1,1,16,35,-32.91,1,1,16,-7.28,-13.77,1],"edges":[0,2,2,4,4,6,6,8,8,10,10,12,12,14,14,16,16,18,18,20,20,22,22,24,24,26,26,28,28,30,30,32,32,34,34,36,36,38,38,40,40,42,42,44,44,46,46,48,48,50,50,52,52,54,54,56,56,58,58,60,60,62,62,64,64,66,66,68,68,70,70,72,72,74,74,76,76,78,78,80,80,82,82,84,84,86,86,88,88,90,90,92,92,94,94,96,96,98,98,100,100,102,102,104,104,106,106,108,108,110,110,112,112,114,114,116,116,118,118,120,120,122,122,124,124,126,126,128,128,130,130,132,132,134,134,136,136,138,138,140,140,142,142,144,144,146,146,148,148,150,150,152,152,154,154,156,156,158,158,160,160,162,162,164,164,166,166,168,168,170,170,172,172,174,174,176,176,178,178,180,0,180]}},"008weapS":{"008weapS":{"type":"mesh","hull":91,"width":457,"height":659,"uvs":[0.7557,0.99393,0.6802,0.95013,0.64123,0.89946,0.59252,0.8488,0.51703,0.79137,0.4447,0.71987,0.40499,0.6647,0.30678,0.69174,0.3295,0.6343,0.37577,0.61235,0.29784,0.57688,0.18824,0.58701,0.06647,0.59208,0.00875,0.55154,0.00018,0.48061,0.01776,0.41136,0.05185,0.4367,0.05673,0.47554,0.07621,0.52452,0.12005,0.53803,0.19798,0.53803,0.28406,0.52737,0.33924,0.51439,0.45127,0.57688,0.51703,0.63261,0.50488,0.56675,0.5241,0.48353,0.56972,0.43723,0.57922,0.37413,0.53098,0.31309,0.44863,0.3014,0.42783,0.28013,0.48009,0.27013,0.45038,0.24516,0.41345,0.19043,0.39916,0.13579,0.40185,0.08718,0.41709,0.03629,0.4553,0.00187,0.49082,0.00607,0.45847,0.04045,0.44903,0.08905,0.45442,0.13205,0.47868,0.18066,0.52317,0.22553,0.55268,0.25919,0.58191,0.22376,0.61213,0.22445,0.59191,0.26946,0.60639,0.29441,0.64852,0.34331,0.68492,0.37602,0.70726,0.40839,0.74557,0.38163,0.7971,0.3532,0.83837,0.33228,0.88082,0.29463,0.90339,0.25008,0.91062,0.21992,0.90743,0.17131,0.89519,0.13299,0.87803,0.10155,0.83112,0.07383,0.81181,0.04697,0.87666,0.0586,0.91137,0.09466,0.93428,0.13018,0.95046,0.1657,0.96004,0.22334,0.95504,0.26105,0.93811,0.30559,0.9987,0.31365,0.99477,0.32857,0.91137,0.34144,0.88171,0.37228,0.84366,0.39554,0.79632,0.41932,0.7577,0.45267,0.75079,0.46519,0.79102,0.46576,0.74962,0.50876,0.72677,0.54615,0.70932,0.58447,0.70109,0.61812,0.7317,0.6584,0.76097,0.70976,0.79542,0.76947,0.8178,0.81962,0.83502,0.87337,0.84536,0.92352,0.84363,0.99393],"triangles":[5,6,24,58,59,67,59,66,67,59,60,66,60,65,66,60,61,65,62,64,61,61,64,65,62,63,64,34,35,42,41,35,36,35,41,42,36,37,41,41,37,40,37,38,40,40,38,39,30,32,29,29,32,45,30,31,32,32,44,45,32,33,44,33,43,44,33,34,43,34,42,43,52,27,51,27,28,51,28,50,51,28,29,49,28,49,50,48,29,45,29,48,49,45,46,48,48,46,47,73,70,72,73,56,70,72,70,71,56,57,70,70,57,69,57,58,69,69,58,68,58,67,68,77,53,76,76,54,75,76,53,54,54,55,75,75,55,74,74,55,73,55,56,73,82,27,81,81,27,52,80,81,78,80,78,79,78,81,52,78,52,77,52,53,77,12,19,11,12,18,19,12,13,18,10,11,20,11,19,20,13,17,18,13,14,17,14,16,17,14,15,16,6,8,9,6,7,8,6,23,24,6,9,23,10,22,9,9,22,23,10,20,21,10,21,22,25,82,83,82,25,26,82,26,27,83,24,25,2,3,86,3,85,86,85,3,84,3,4,84,4,83,84,5,24,4,83,4,24,90,0,89,89,0,88,0,1,88,88,1,87,1,2,87,2,86,87],"vertices":[1,16,8.67,23.11,1,2,16,48.85,43.33,0.95135,17,-68.95,39.12,0.04865,2,16,86.57,46.43,0.62713,17,-31.28,42.71,0.37287,4,16,126.05,53.61,0.06535,17,8.1,50.42,0.92942,20,-146.69,14.22,0.00396,21,-131.38,124.42,0.00127,4,17,56.3,67.71,0.91026,20,-104.49,43.23,0.04427,19,-85.6,43.75,0.00202,21,-84.84,103.06,0.04346,5,17,112.51,80.1,0.21514,20,-53.3,69.53,0.09277,19,-34.4,70.05,0.03993,21,-36.01,72.59,0.17216,18,26.78,41.48,0.48,5,17,153.05,82.87,0.01716,20,-14.8,82.54,0.04746,19,4.09,83.06,0.01102,21,-5.11,46.21,0.35636,18,67.08,36.23,0.568,3,20,-26.32,129.44,0.02286,21,29.25,80.14,0.65714,18,77.36,83.41,0.32,3,20,9.76,113.98,0.02541,21,34.48,41.24,0.71859,18,102.96,53.66,0.256,4,17,190.04,81.92,0.00026,20,21.2,91.06,0.01761,21,20.66,19.66,0.83013,18,103.15,28.03,0.152,2,21,62.58,12.06,0.99145,22,-47.82,7.58,0.00855,1,22,1.11,20.17,1,1,22,55.97,30.12,1,1,22,85.34,6.74,1,1,22,94.79,-39.21,1,1,22,92.26,-85.47,1,1,22,74.8,-70.75,1,1,22,69.54,-45.6,1,1,22,56.85,-14.61,1,1,22,35.9,-8.16,1,2,21,114.59,6.31,0.19249,22,0.54,-12.4,0.80751,1,21,81.11,-15.52,1,1,21,61.24,-33.24,1,4,20,39.64,53.69,0.00256,19,58.54,54.2,0.00025,21,-1.97,-15.33,0.8132,18,103.27,-13.64,0.184,5,17,152.88,27.47,0.00114,20,-0.85,28.94,0.29661,19,18.04,29.45,0.28139,21,-43.98,6.75,0.24486,18,56.02,-18.05,0.176,3,20,42.91,28.5,0.00815,19,61.8,29.02,0.98586,21,-21.92,-31.04,0.006,2,19,114.92,12.83,0.98135,27,-1.76,20.06,0.01865,2,19,142.3,-11.99,0.00275,27,33.53,9.07,0.99725,3,28,14.2,11.1,0.92813,27,74.56,17.1,0.07176,30,-69.25,18.78,0.00012,3,28,59.04,20.79,0.71696,30,-23.53,15.01,0.28294,31,-98.34,-41.46,0.0001,2,30,3.63,42.17,0.99904,31,-89.48,-4.09,0.00096,2,30,20.57,42.38,0.99898,31,-75.17,4.98,0.00102,2,30,12.9,18.82,0.99898,31,-69.33,-19.09,0.00102,2,30,34.12,21.08,0.99624,31,-52.46,-6.03,0.00376,2,30,73.52,15.29,0.81806,31,-15.89,9.72,0.18194,1,31,20.3,15.14,1,1,31,52.28,12.92,1,1,31,85.59,4.92,1,1,31,107.73,-13.24,1,1,31,104.46,-29.37,1,1,31,82.27,-13.9,1,2,30,120.31,-35.1,0,31,50.39,-8.6,1,2,28,183.36,20.37,0,31,21.99,-10.18,1,3,28,149.5,18.86,0.00005,30,62.46,-13.14,0.9984,31,-10.37,-20.28,0.00155,1,30,26.58,-13.81,1,2,28,90.26,1.17,0.4986,30,0.64,-12.84,0.5014,1,28,108.84,-18.28,1,1,28,104.48,-31.39,1,2,28,78.67,-14.09,0.93817,30,-14.89,-24.07,0.06183,1,28,61.03,-15.75,1,3,23,88.54,67.74,0.06694,28,24.66,-25.04,0.92168,27,103.26,-7.23,0.01138,3,23,81.27,41.5,0.3423,28,-0.74,-34.85,0.45578,27,87.52,-29.45,0.20191,4,23,70.33,20.53,0.75223,24,-13.08,20.86,0.00782,28,-24.1,-38.57,0.07995,27,70.11,-45.46,0.16,4,23,94.95,17.1,0.13699,24,11.77,20.29,0.84026,28,-12.18,-60.37,0.00682,27,92.11,-57.03,0.01594,1,24,41.57,16.1,1,1,24,64.55,11.9,1,1,25,16.71,7.98,1,1,25,47.76,5.89,1,1,25,67.8,8.01,1,1,26,16.9,9.13,1,1,26,42.12,3.36,1,1,26,64.2,1.57,1,1,26,89.89,13.11,1,1,26,109.67,13.5,1,1,26,90.04,-10,1,1,26,61.77,-14.14,1,2,25,127.67,13.38,0.00035,26,36.13,-13.57,0.99965,1,26,11.82,-10.22,1,1,25,71.66,-14.36,1,2,25,47.1,-18.79,0.99898,26,-45.85,14.82,0.00102,3,24,108.67,-9.08,0.0394,25,16.74,-19.18,0.96059,26,-69.06,34.39,0,1,25,19.02,-47.28,1,1,25,9.07,-48.18,1,2,24,83.12,-16.46,0.55693,25,-9.28,-13.71,0.44307,1,24,59.05,-20.61,1,1,24,35.96,-18.54,1,1,24,9.7,-13.63,1,1,23,60.82,-15.42,1,3,17,213.64,-113.58,0.00064,19,112.75,-91.45,0.00256,23,52.33,-17.84,0.99681,2,19,109.86,-109.61,0.00019,23,63.06,-32.77,0.99981,3,17,187.34,-102.04,0.00252,19,84.38,-87,0.01698,23,29.04,-34.64,0.98049,3,17,168.61,-82.93,0.02667,19,61.39,-73.29,0.20296,23,3.06,-41.07,0.77037,3,17,148.36,-65.85,0.1074,19,37.47,-61.94,0.48833,23,-21.93,-49.85,0.40427,5,16,245.89,-52.26,0.00003,17,129.34,-53.85,0.26874,20,-2.88,-55.7,0.00006,19,16.01,-55.18,0.56684,23,-41.93,-60.14,0.16434,4,16,215.98,-54.56,0.00456,17,99.46,-56.55,0.61315,19,-12.2,-65.41,0.33362,23,-54.77,-87.26,0.04867,4,16,179.61,-53.41,0.06241,17,63.07,-55.88,0.84498,19,-47.55,-74.04,0.08589,23,-73.82,-118.27,0.00671,3,16,137.24,-52.24,0.38477,17,20.7,-55.28,0.61067,19,-88.68,-84.25,0.00456,2,16,102.84,-48.52,0.82062,17,-13.75,-52.01,0.17938,1,16,67.21,-41.69,1,1,16,35,-32.91,1,1,16,-7.28,-13.77,1],"edges":[0,2,2,4,4,6,6,8,8,10,10,12,12,14,14,16,16,18,18,20,20,22,22,24,24,26,26,28,28,30,30,32,32,34,34,36,36,38,38,40,40,42,42,44,44,46,46,48,48,50,50,52,52,54,54,56,56,58,58,60,60,62,62,64,64,66,66,68,68,70,70,72,72,74,74,76,76,78,78,80,80,82,82,84,84,86,86,88,88,90,90,92,92,94,94,96,96,98,98,100,100,102,102,104,104,106,106,108,108,110,110,112,112,114,114,116,116,118,118,120,120,122,122,124,124,126,126,128,128,130,130,132,132,134,134,136,136,138,138,140,140,142,142,144,144,146,146,148,148,150,150,152,152,154,154,156,156,158,158,160,160,162,162,164,164,166,166,168,168,170,170,172,172,174,174,176,176,178,178,180,0,180]}}}},"events":{"hit":{}},"animations":{"beaten":{"slots":{"008weap":{"attachment":[{"time":0,"name":null},{"time":0.1667,"name":null},{"time":0.3333,"name":null}]},"008weapS":{"attachment":[{"time":0,"name":null},{"time":0.1667,"name":null},{"time":0.3333,"name":null}]}},"bones":{"008leg2":{"translate":[{"time":0,"x":-19.32,"y":-0.08},{"time":0.1667,"x":-11.33,"y":0.37,"curve":"stepped"},{"time":0.3333,"x":-11.33,"y":0.37,"curve":"stepped"},{"time":0.4333,"x":-11.33,"y":0.37}],"scale":[{"time":0,"x":1,"y":1.1,"curve":"stepped"},{"time":0.4333,"x":1,"y":1.1}]},"008leg3":{"translate":[{"time":0,"x":-38.19,"y":1.23,"curve":"stepped"},{"time":0.4333,"x":-38.19,"y":1.23}],"scale":[{"time":0,"x":1,"y":0.95,"curve":"stepped"},{"time":0.4333,"x":1,"y":0.95}]},"008body5":{"rotate":[{"time":0,"angle":-17.21,"curve":[0.258,0,0.619,0.45]},{"time":0.1667,"angle":6.46,"curve":[0.363,0.44,0.755,1]},{"time":0.3333,"angle":8.87,"curve":[0.363,0.44,0.755,1]},{"time":0.4333,"angle":0}],"translate":[{"time":0,"x":0,"y":0},{"time":0.1667,"x":-6.37,"y":0.12,"curve":"stepped"},{"time":0.3333,"x":-6.37,"y":0.12},{"time":0.4333,"x":0,"y":0}],"scale":[{"time":0,"x":0.95,"y":1},{"time":0.1667,"x":1,"y":1,"curve":"stepped"},{"time":0.3333,"x":1,"y":1}]},"008body9":{"rotate":[{"time":0,"angle":9.25,"curve":[0.258,0,0.619,0.45]},{"time":0.1667,"angle":-21.02,"curve":"stepped"},{"time":0.3333,"angle":-21.02,"curve":[0.363,0.44,0.755,1]},{"time":0.4333,"angle":0}],"scale":[{"time":0,"x":1,"y":1,"curve":"stepped"},{"time":0.4333,"x":1,"y":1}]},"008body6":{"rotate":[{"time":0,"angle":13.83,"curve":"stepped"},{"time":0.4333,"angle":13.83}],"translate":[{"time":0,"x":0,"y":0,"curve":"stepped"},{"time":0.4333,"x":0,"y":0}]},"008body7":{"rotate":[{"time":0,"angle":21.28,"curve":[0.258,0,0.619,0.45]},{"time":0.1667,"angle":-12.27,"curve":[0.363,0.44,0.755,1]},{"time":0.3333,"angle":-15.77,"curve":[0.363,0.44,0.755,1]},{"time":0.4333,"angle":-3.25}],"translate":[{"time":0,"x":0,"y":0},{"time":0.1667,"x":-6.37,"y":0.12,"curve":"stepped"},{"time":0.3333,"x":-6.37,"y":0.12},{"time":0.4333,"x":0,"y":0}],"scale":[{"time":0,"x":0.95,"y":1},{"time":0.1667,"x":1,"y":1,"curve":"stepped"},{"time":0.3333,"x":1,"y":1}]},"008body8":{"rotate":[{"time":0,"angle":1.52,"curve":"stepped"},{"time":0.4333,"angle":1.52}],"translate":[{"time":0,"x":0,"y":0,"curve":"stepped"},{"time":0.4333,"x":0,"y":0}],"shear":[{"time":0,"x":2.09,"y":0,"curve":"stepped"},{"time":0.4333,"x":2.09,"y":0}]},"008body10":{"rotate":[{"time":0,"angle":-22.98,"curve":[0.258,0,0.619,0.45]},{"time":0.1667,"angle":8.82,"curve":"stepped"},{"time":0.3333,"angle":8.82,"curve":[0.363,0.44,0.755,1]},{"time":0.4333,"angle":-11.25}]},"008body2":{"translate":[{"time":0,"x":0,"y":0,"curve":"stepped"},{"time":0.4333,"x":0,"y":0}]},"008body4":{"translate":[{"time":0,"x":0,"y":0,"curve":"stepped"},{"time":0.4333,"x":0,"y":0}]},"008body11":{"rotate":[{"time":0,"angle":357.93}]},"bone9":{"rotate":[{"time":0,"angle":-1.24}]},"008body":{"rotate":[{"time":0,"angle":2.4,"curve":"stepped"},{"time":0.4333,"angle":2.4}],"translate":[{"time":0,"x":0.2,"y":-9.01},{"time":0.1667,"x":5.73,"y":-0.4},{"time":0.3333,"x":5.65,"y":3.04},{"time":0.4333,"x":5.78,"y":-2.69}],"scale":[{"time":0,"x":1.004,"y":1.044},{"time":0.1667,"x":1.077,"y":1.004},{"time":0.3333,"x":1.094,"y":1.004}]},"bone":{"translate":[{"time":0,"x":0,"y":-11.59},{"time":0.1667,"x":0,"y":3.44},{"time":0.3333,"x":0,"y":4.58},{"time":0.4333,"x":0,"y":0}]}}},"beaten2":{"slots":{"008weap":{"attachment":[{"time":0,"name":null}]},"008weapS":{"attachment":[{"time":0,"name":null}]}},"bones":{"008leg2":{"translate":[{"time":0,"x":-19.32,"y":-0.08}],"scale":[{"time":0,"x":1,"y":1.1}]},"008leg3":{"translate":[{"time":0,"x":-38.19,"y":1.23}],"scale":[{"time":0,"x":1,"y":0.95}]},"008body5":{"rotate":[{"time":0,"angle":-17.21}],"translate":[{"time":0,"x":0,"y":0}],"scale":[{"time":0,"x":0.95,"y":1}]},"008body9":{"rotate":[{"time":0,"angle":9.25}],"scale":[{"time":0,"x":1,"y":1}]},"008body6":{"rotate":[{"time":0,"angle":13.83}],"translate":[{"time":0,"x":0,"y":0}]},"008body7":{"rotate":[{"time":0,"angle":21.28}],"translate":[{"time":0,"x":0,"y":0}],"scale":[{"time":0,"x":0.95,"y":1}]},"008body8":{"rotate":[{"time":0,"angle":1.52}],"translate":[{"time":0,"x":0,"y":0}],"shear":[{"time":0,"x":2.09,"y":0}]},"008body10":{"rotate":[{"time":0,"angle":-22.98}]},"008body2":{"translate":[{"time":0,"x":0,"y":0}]},"008body4":{"translate":[{"time":0,"x":0,"y":0}]},"008body11":{"rotate":[{"time":0,"angle":357.93}]},"bone9":{"rotate":[{"time":0,"angle":-1.24}]},"008body":{"rotate":[{"time":0,"angle":2.4}],"translate":[{"time":0,"x":0.2,"y":-9.01}],"scale":[{"time":0,"x":1.004,"y":1.044}]},"bone":{"translate":[{"time":0,"x":0,"y":-11.59}]}}},"dead":{"slots":{"008armL":{"color":[{"time":0.1,"color":"ffffffff"},{"time":0.1667,"color":"ffffff00"}]},"008armLS":{"color":[{"time":0.1,"color":"ffffffff"},{"time":0.1667,"color":"ffffff00"}]},"008armR":{"color":[{"time":0.1,"color":"ffffffff"},{"time":0.1667,"color":"ffffff00"}]},"008armRS":{"color":[{"time":0.1,"color":"ffffffff"},{"time":0.1667,"color":"ffffff00"}]},"008body":{"color":[{"time":0.1,"color":"ffffffff"},{"time":0.1667,"color":"ffffff00"}]},"008bodyS":{"color":[{"time":0.1,"color":"ffffffff"},{"time":0.1667,"color":"ffffff00"}]},"008handL":{"color":[{"time":0.1,"color":"ffffffff"},{"time":0.1667,"color":"ffffff00"}]},"008handLS":{"color":[{"time":0.1,"color":"ffffffff"},{"time":0.1667,"color":"ffffff00"}]},"008handR":{"color":[{"time":0.1,"color":"ffffffff"},{"time":0.1667,"color":"ffffff00"}]},"008handRS":{"color":[{"time":0.1,"color":"ffffffff"},{"time":0.1667,"color":"ffffff00"}]},"008hips":{"color":[{"time":0.1,"color":"ffffffff"},{"time":0.1667,"color":"ffffff00"}]},"008hipsS":{"color":[{"time":0.1,"color":"ffffffff"},{"time":0.1667,"color":"ffffff00"}]},"008leg2":{"color":[{"time":0.1,"color":"ffffffff"},{"time":0.1667,"color":"ffffff00"}]},"008leg3":{"color":[{"time":0.1,"color":"ffffffff"},{"time":0.1667,"color":"ffffff00"}]},"008legS":{"color":[{"time":0.1,"color":"ffffffff"},{"time":0.1667,"color":"ffffff00"}]},"008legS2":{"color":[{"time":0.1,"color":"ffffffff"},{"time":0.1667,"color":"ffffff00"}]},"008weap":{"color":[{"time":0.1,"color":"ffffffff"},{"time":0.1667,"color":"ffffff00"}],"attachment":[{"time":0,"name":null}]},"008weapS":{"color":[{"time":0.1,"color":"ffffffff"},{"time":0.1667,"color":"ffffff00"}],"attachment":[{"time":0,"name":null}]}},"bones":{"bone":{"translate":[{"time":0,"x":0,"y":0}]},"008body10":{"rotate":[{"time":0,"angle":0},{"time":0.1,"angle":-100.57},{"time":0.1667,"angle":-148.81}],"translate":[{"time":0,"x":0,"y":0},{"time":0.1667,"x":-241.69,"y":252.39}]},"008body8":{"translate":[{"time":0,"x":0,"y":0}]},"008body7":{"translate":[{"time":0,"x":0,"y":0},{"time":0.1667,"x":-168.37,"y":-139.92}]},"008body9":{"rotate":[{"time":0,"angle":0},{"time":0.1,"angle":146.22},{"time":0.1667,"angle":191.56}],"translate":[{"time":0,"x":0,"y":0},{"time":0.1667,"x":-102.8,"y":-325}]},"008body6":{"translate":[{"time":0,"x":0,"y":0}]},"008body5":{"translate":[{"time":0,"x":0,"y":0},{"time":0.1667,"x":-138.23,"y":153.27}]},"008body4":{"translate":[{"time":0,"x":0,"y":0}]},"008body3":{"translate":[{"time":0,"x":0,"y":0}]},"008body2":{"translate":[{"time":0,"x":0,"y":0}]},"008body":{"translate":[{"time":0,"x":0,"y":0},{"time":0.1667,"x":39.96,"y":-241.15}]},"bone9":{"translate":[{"time":0,"x":0,"y":0}]},"008leg3":{"rotate":[{"time":0,"angle":0},{"time":0.1667,"angle":-179.25}],"translate":[{"time":0,"x":0,"y":0},{"time":0.1667,"x":544.03,"y":-127.02}]},"008leg2":{"rotate":[{"time":0,"angle":0},{"time":0.1667,"angle":-122.46}],"translate":[{"time":0,"x":0,"y":0},{"time":0.1667,"x":581.98,"y":142.24}]},"008body11":{"translate":[{"time":0,"x":0,"y":0},{"time":0.1667,"x":0,"y":132.25}]}}},"stand":{"slots":{"008handR":{"attachment":[{"time":0,"name":"008handR"}]},"008handRS":{"attachment":[{"time":0,"name":"008handRS"}]},"008weap":{"attachment":[{"time":0,"name":null}]},"008weapS":{"attachment":[{"time":0,"name":null}]}},"bones":{"bone9":{"rotate":[{"time":0,"angle":0}]},"008body5":{"rotate":[{"time":0,"angle":0}],"translate":[{"time":0,"x":0,"y":0}]},"008body9":{"rotate":[{"time":0,"angle":0}]},"008leg3":{"translate":[{"time":0,"x":-8.95,"y":0.29}]},"008leg2":{"translate":[{"time":0,"x":-5.61,"y":0.18}]},"008body10":{"rotate":[{"time":0,"angle":0}]},"008body7":{"rotate":[{"time":0,"angle":0}],"translate":[{"time":0,"x":0,"y":0}]},"weapon3":{"rotate":[{"time":0,"angle":0.04}]},"weapon5":{"rotate":[{"time":0,"angle":3.31}]},"weapon9":{"rotate":[{"time":0,"angle":-3.35}]},"bone2":{"rotate":[{"time":0,"angle":1.16}]},"weapon12":{"rotate":[{"time":0,"angle":-9.91}]},"weapon2":{"rotate":[{"time":0,"angle":0}]},"weapon11":{"rotate":[{"time":0,"angle":-3.23}]},"weapon7":{"rotate":[{"time":0,"angle":4.05}]},"weapon6":{"rotate":[{"time":0,"angle":12.91}]},"weapon8":{"rotate":[{"time":0,"angle":-1.73}]},"weapon15":{"rotate":[{"time":0,"angle":12.6}]},"weapon10":{"rotate":[{"time":0,"angle":9.12}]},"weapon14":{"rotate":[{"time":0,"angle":-7.13}]},"weapon":{"rotate":[{"time":0,"angle":0}],"translate":[{"time":0,"x":0,"y":0}]},"weapon13":{"rotate":[{"time":0,"angle":0}]}}},"strike":{"slots":{"008handR":{"attachment":[{"time":0,"name":"008handR"},{"time":0.4667,"name":"008handR"},{"time":0.5,"name":null},{"time":1.3333,"name":"008handR"}]},"008handRS":{"attachment":[{"time":0,"name":"008handRS"},{"time":0.4667,"name":"008handRS"},{"time":0.5,"name":null},{"time":1.3333,"name":"008handRS"}]},"008weap":{"attachment":[{"time":0,"name":null},{"time":0.4667,"name":null},{"time":0.5,"name":"008weap"},{"time":1.3333,"name":null}]},"008weapS":{"attachment":[{"time":0,"name":null},{"time":0.4667,"name":null},{"time":0.5,"name":"008weapS"},{"time":1.3333,"name":null}]}},"bones":{"bone9":{"rotate":[{"time":0,"angle":0,"curve":[0.243,0,0.649,0.6]},{"time":0.3333,"angle":-14.66,"curve":[0.382,0.57,0.735,1]},{"time":0.4667,"angle":-15.84,"curve":[0.25,0,0.75,1]},{"time":0.5,"angle":30.06},{"time":1.1333,"angle":25.49},{"time":1.3333,"angle":0}],"translate":[{"time":0.4667,"x":0,"y":0,"curve":"stepped"},{"time":0.5,"x":0,"y":0,"curve":"stepped"},{"time":1.1333,"x":0,"y":0}]},"008body5":{"rotate":[{"time":0,"angle":0,"curve":[0.243,0,0.649,0.6]},{"time":0.3333,"angle":-41.62,"curve":[0.382,0.57,0.735,1]},{"time":0.4667,"angle":-5.49,"curve":[0.25,0,0.75,1]},{"time":0.5,"angle":23.42},{"time":1.1333,"angle":11.3},{"time":1.3333,"angle":0}],"translate":[{"time":0,"x":0,"y":0,"curve":[0.243,0,0.649,0.6]},{"time":0.3333,"x":5.08,"y":-8.64,"curve":[0.382,0.57,0.735,1]},{"time":0.4667,"x":3.12,"y":3.12,"curve":[0.25,0,0.75,1]},{"time":0.5,"x":-4.01,"y":1.11,"curve":"stepped"},{"time":1.1333,"x":-4.01,"y":1.11},{"time":1.3333,"x":0,"y":0}],"scale":[{"time":0.5,"x":1,"y":1,"curve":"stepped"},{"time":1.1333,"x":1,"y":1}]},"008body9":{"rotate":[{"time":0,"angle":0,"curve":[0.245,0,0.637,0.56]},{"time":0.1,"angle":-1.29,"curve":[0.353,0.4,0.695,0.77]},{"time":0.3333,"angle":20.48,"curve":[0.371,0.63,0.71,1]},{"time":0.4667,"angle":0,"curve":[0.25,0,0.75,1]},{"time":0.5,"angle":-10.72},{"time":1.1333,"angle":12.85},{"time":1.3333,"angle":0}]},"008leg3":{"translate":[{"time":0,"x":-8.95,"y":0.29,"curve":[0.25,0,0.75,1]},{"time":0.4667,"x":-13.51,"y":0.44,"curve":[0.25,0,0.75,1]},{"time":0.6333,"x":-25.85,"y":0.83,"curve":"stepped"},{"time":1.1333,"x":-25.85,"y":0.83},{"time":1.3333,"x":-8.95,"y":0.29}]},"008leg2":{"translate":[{"time":0,"x":-5.61,"y":0.18,"curve":[0.25,0,0.75,1]},{"time":0.1333,"x":-10.5,"y":0.34,"curve":[0.25,0,0.75,1]},{"time":0.6,"x":2.42,"y":-0.08,"curve":"stepped"},{"time":1.1,"x":2.42,"y":-0.08},{"time":1.3333,"x":-5.61,"y":0.18}]},"008body10":{"rotate":[{"time":0,"angle":0,"curve":"stepped"},{"time":0.3333,"angle":0,"curve":"stepped"},{"time":0.4667,"angle":0,"curve":[0.382,0.57,0.735,1]},{"time":0.5,"angle":-24.31,"curve":"stepped"},{"time":1.1333,"angle":-24.31},{"time":1.3333,"angle":0}]},"008body7":{"rotate":[{"time":0,"angle":0,"curve":[0.243,0,0.649,0.6]},{"time":0.1667,"angle":-23.73,"curve":[0.382,0.57,0.735,1]},{"time":0.4667,"angle":-27.56,"curve":[0.382,0.57,0.735,1]},{"time":0.5,"angle":48.72,"curve":"stepped"},{"time":1.1333,"angle":48.72},{"time":1.3333,"angle":0}],"translate":[{"time":0,"x":0,"y":0,"curve":"stepped"},{"time":0.4667,"x":0,"y":0,"curve":[0.25,0,0.75,1]},{"time":0.5,"x":3.68,"y":42.08,"curve":"stepped"},{"time":1.1333,"x":3.68,"y":42.08},{"time":1.3333,"x":0,"y":0}]},"weapon3":{"rotate":[{"time":0,"angle":0.04,"curve":[0.382,0.57,0.735,1]},{"time":0.4667,"angle":1.8,"curve":[0.25,0,0.75,1]},{"time":0.9667,"angle":-4.4,"curve":[0.243,0,0.649,0.6]},{"time":1.3333,"angle":0.04}]},"weapon5":{"rotate":[{"time":0,"angle":3.31,"curve":[0.336,0.34,0.714,0.82]},{"time":0.5,"angle":-50.48,"curve":[0.366,0.63,0.703,1]},{"time":0.6333,"angle":-2.9},{"time":1.1333,"angle":5.76,"curve":[0.265,0,0.618,0.43]},{"time":1.3333,"angle":3.31}]},"weapon9":{"rotate":[{"time":0,"angle":-3.35,"curve":[0.382,0.57,0.735,1]},{"time":0.4667,"angle":-8.72,"curve":[0.25,0,0.75,1]},{"time":0.9667,"angle":10.21,"curve":[0.25,0,0.75,1]},{"time":1.3333,"angle":-3.35}]},"bone2":{"rotate":[{"time":0,"angle":1.16,"curve":[0.382,0.57,0.735,1]},{"time":0.4333,"angle":-9.65},{"time":0.4667,"angle":0},{"time":0.9667,"angle":4.1,"curve":[0.243,0,0.649,0.6]},{"time":1.3333,"angle":1.16}]},"weapon12":{"rotate":[{"time":0,"angle":-9.91,"curve":[0.25,0,0.75,1]},{"time":0.8,"angle":11.61,"curve":[0.25,0,0.75,1]},{"time":1.3333,"angle":-9.91}]},"weapon2":{"rotate":[{"time":0,"angle":0,"curve":[0.25,0,0.75,1]},{"time":0.8,"angle":-1.86,"curve":[0.25,0,0.75,1]},{"time":1.3333,"angle":0}]},"weapon11":{"rotate":[{"time":0,"angle":-3.23,"curve":[0.351,0.4,0.757,1]},{"time":0.6333,"angle":6.37,"curve":[0.25,0,0.75,1]},{"time":1.1333,"angle":-7.04,"curve":[0.265,0,0.618,0.43]},{"time":1.3333,"angle":-3.23}]},"weapon7":{"rotate":[{"time":0,"angle":4.05,"curve":[0.351,0.4,0.757,1]},{"time":0.6333,"angle":0,"curve":[0.25,0,0.75,1]},{"time":1.1333,"angle":5.66,"curve":[0.265,0,0.618,0.43]},{"time":1.3333,"angle":4.05}]},"weapon6":{"rotate":[{"time":0,"angle":12.91,"curve":[0.244,0,0.644,0.58]},{"time":0.5,"angle":-11.66,"curve":[0.382,0.56,0.738,1]},{"time":0.8,"angle":-17.26,"curve":[0.25,0,0.75,1]},{"time":1.3333,"angle":12.91}]},"weapon8":{"rotate":[{"time":0,"angle":-1.73,"curve":[0.244,0,0.644,0.58]},{"time":0.5,"angle":42.82,"curve":[0.382,0.56,0.738,1]},{"time":0.8,"angle":2.92,"curve":[0.25,0,0.75,1]},{"time":1.3333,"angle":-1.73}]},"weapon15":{"rotate":[{"time":0,"angle":12.6,"curve":[0.351,0.4,0.757,1]},{"time":0.6333,"angle":-25.45,"curve":[0.25,0,0.75,1]},{"time":1.1333,"angle":27.68,"curve":[0.25,0,0.75,1]},{"time":1.3333,"angle":12.6}]},"weapon10":{"rotate":[{"time":0,"angle":9.12,"curve":[0.351,0.4,0.757,1]},{"time":0.6333,"angle":-19.43,"curve":[0.25,0,0.75,1]},{"time":1.1333,"angle":20.43,"curve":[0.25,0,0.75,1]},{"time":1.3333,"angle":9.12}]},"weapon14":{"rotate":[{"time":0,"angle":-7.13,"curve":[0.382,0.57,0.735,1]},{"time":0.4667,"angle":-15.98,"curve":[0.25,0,0.75,1]},{"time":0.9667,"angle":15.18,"curve":[0.25,0,0.75,1]},{"time":1.3333,"angle":-7.13}]},"weapon":{"rotate":[{"time":0,"angle":0},{"time":0.1667,"angle":-6.04},{"time":0.2667,"angle":-67.27},{"time":0.3667,"angle":-86.93},{"time":0.4667,"angle":-68.5},{"time":0.5,"angle":-69.3},{"time":1.1333,"angle":-59.42},{"time":1.3333,"angle":-5.49}],"translate":[{"time":0,"x":0,"y":0,"curve":"stepped"},{"time":0.4667,"x":0,"y":0},{"time":0.5,"x":-35.37,"y":-55.13,"curve":"stepped"},{"time":1.1333,"x":-35.37,"y":-55.13},{"time":1.3333,"x":0,"y":0}],"scale":[{"time":0.4667,"x":1,"y":1},{"time":0.5,"x":1.178,"y":0.921}]},"weapon13":{"rotate":[{"time":0,"angle":0,"curve":"stepped"},{"time":1.3333,"angle":0}]},"bone":{"translate":[{"time":0.4667,"x":0,"y":0,"curve":[0.25,0,0.75,1]},{"time":0.5,"x":0,"y":8.27,"curve":[0.25,0,0.75,1]},{"time":0.5333,"x":0,"y":0}]}},"events":[{"time":0.5,"name":"hit"}]},"walk":{"slots":{"008weap":{"attachment":[{"time":0,"name":null}]},"008weapS":{"attachment":[{"time":0,"name":null}]}},"bones":{"008leg2":{"translate":[{"time":0,"x":-11.33,"y":0.37,"curve":[0.25,0,0.75,1]},{"time":0.1667,"x":-2.97,"y":0.1,"curve":[0.25,0,0.75,1]},{"time":0.2333,"x":-1.33,"y":0.04,"curve":[0.25,0,0.75,1]},{"time":0.4,"x":-23.95,"y":0.77,"curve":[0.25,0,0.75,1]},{"time":0.6,"x":-38.52,"y":1.24,"curve":[0.25,0,0.75,1]},{"time":0.6667,"x":-41.18,"y":1.33,"curve":[0.25,0,0.75,1]},{"time":0.8333,"x":-24.61,"y":0.79,"curve":[0.25,0,0.75,1]},{"time":1,"x":-11.33,"y":0.37}],"scale":[{"time":0,"x":1,"y":1.1,"curve":[0.25,0,0.75,1]},{"time":0.1667,"x":1,"y":1.08,"curve":[0.25,0,0.75,1]},{"time":0.2333,"x":1,"y":1.105,"curve":[0.25,0,0.75,1]},{"time":0.6,"x":1,"y":0.9,"curve":[0.25,0,0.75,1]},{"time":0.6667,"x":1,"y":0.92,"curve":[0.25,0,0.75,1]},{"time":0.8333,"x":1,"y":1.02,"curve":[0.25,0,0.75,1]},{"time":1,"x":1,"y":1.1}]},"008leg3":{"translate":[{"time":0,"x":-38.19,"y":1.23,"curve":[0.25,0,0.75,1]},{"time":0.1333,"x":-42.83,"y":1.38,"curve":[0.25,0,0.75,1]},{"time":0.2,"x":-44.46,"y":1.43,"curve":[0.25,0,0.75,1]},{"time":0.4,"x":-31.97,"y":1.03,"curve":[0.25,0,0.75,1]},{"time":0.6,"x":-4.18,"y":0.13,"curve":[0.25,0,0.75,1]},{"time":0.6667,"x":-0.19,"y":0.01,"curve":[0.25,0,0.75,1]},{"time":1,"x":-37.37,"y":1.21}],"scale":[{"time":0,"x":1,"y":0.95,"curve":[0.25,0,0.75,1]},{"time":0.1333,"x":1,"y":0.9,"curve":[0.25,0,0.75,1]},{"time":0.2,"x":1,"y":0.92,"curve":[0.25,0,0.75,1]},{"time":0.6667,"x":1,"y":1.1,"curve":[0.25,0,0.75,1]},{"time":1,"x":1,"y":0.95}]},"008body5":{"rotate":[{"time":0,"angle":0,"curve":[0.25,0,0.75,1]},{"time":0.1333,"angle":10.02,"curve":[0.25,0,0.75,1]},{"time":0.2,"angle":12.02,"curve":[0.25,0,0.75,1]},{"time":0.6,"angle":-3.18,"curve":[0.25,0,0.75,1]},{"time":0.6667,"angle":-5.35,"curve":[0.25,0,0.75,1]},{"time":1,"angle":0}]},"008body9":{"rotate":[{"time":0,"angle":-13.03,"curve":[0.25,0,0.75,1]},{"time":0.2333,"angle":9.14,"curve":"stepped"},{"time":0.3,"angle":9.14,"curve":[0.25,0,0.75,1]},{"time":0.6333,"angle":-21.62,"curve":[0.25,0,0.75,1]},{"time":0.7,"angle":-24.47,"curve":[0.25,0,0.75,1]},{"time":1,"angle":-13.03}],"scale":[{"time":0,"x":1,"y":1,"curve":[0.25,0,0.75,1]},{"time":0.2333,"x":0.96,"y":0.94,"curve":"stepped"},{"time":0.3,"x":0.96,"y":0.94,"curve":[0.25,0,0.75,1]},{"time":0.6333,"x":1.03,"y":1.067,"curve":"stepped"},{"time":0.7,"x":1.03,"y":1.067,"curve":[0.25,0,0.75,1]},{"time":1,"x":1,"y":1}]},"008body6":{"rotate":[{"time":0,"angle":13.83,"curve":[0.25,0,0.75,1]},{"time":0.1667,"angle":16.34,"curve":"stepped"},{"time":0.2333,"angle":16.34,"curve":[0.25,0,0.75,1]},{"time":0.6,"angle":0,"curve":[0.25,0,0.75,1]},{"time":0.6667,"angle":4.53,"curve":[0.25,0,0.75,1]},{"time":1,"angle":13.83}],"translate":[{"time":0,"x":0,"y":0,"curve":[0.25,0,0.75,1]},{"time":0.1667,"x":-7.72,"y":9.72,"curve":"stepped"},{"time":0.2333,"x":-7.72,"y":9.72,"curve":[0.25,0,0.75,1]},{"time":0.6,"x":0,"y":0,"curve":"stepped"},{"time":0.6667,"x":0,"y":0,"curve":"stepped"},{"time":1,"x":0,"y":0}]},"008body7":{"rotate":[{"time":0,"angle":-3.25,"curve":[0.25,0,0.75,1]},{"time":0.1667,"angle":12.09,"curve":[0.25,0,0.75,1]},{"time":0.2333,"angle":14.99,"curve":[0.25,0,0.75,1]},{"time":0.6,"angle":-16.57,"curve":[0.29,0,0.629,0.38]},{"time":0.6667,"angle":-19.18,"curve":[0.29,0,0.629,0.38]},{"time":1,"angle":-3.25}]},"008body8":{"rotate":[{"time":0,"angle":1.52,"curve":"stepped"},{"time":1,"angle":1.52}],"translate":[{"time":0,"x":0,"y":0,"curve":[0.25,0,0.75,1]},{"time":0.1667,"x":2.86,"y":19.24,"curve":[0.25,0,0.75,1]},{"time":0.2333,"x":2.44,"y":20.93,"curve":[0.25,0,0.75,1]},{"time":0.6,"x":-10.3,"y":-7.97,"curve":[0.25,0,0.75,1]},{"time":0.6667,"x":-15.06,"y":-9.04,"curve":[0.25,0,0.75,1]},{"time":1,"x":0,"y":0}],"shear":[{"time":0,"x":2.09,"y":0}]},"008body10":{"rotate":[{"time":0,"angle":-11.25,"curve":[0.25,0,0.75,1]},{"time":0.1667,"angle":-23.97,"curve":[0.25,0,0.75,1]},{"time":0.2333,"angle":-26.64,"curve":[0.25,0,0.75,1]},{"time":0.6,"angle":4.59,"curve":[0.25,0,0.75,1]},{"time":0.6667,"angle":8.35,"curve":[0.25,0,0.75,1]},{"time":1,"angle":-11.25}]},"008body2":{"translate":[{"time":0,"x":0,"y":0,"curve":[0.25,0,0.75,1]},{"time":0.2,"x":-1.54,"y":-7.94,"curve":[0.25,0,0.75,1]},{"time":0.2667,"x":-1.54,"y":-9.97,"curve":[0.25,0,0.75,1]},{"time":0.6333,"x":2.54,"y":7.17,"curve":[0.25,0,0.75,1]},{"time":0.7,"x":3.28,"y":11.89,"curve":[0.25,0,0.75,1]},{"time":1,"x":0,"y":0}]},"008body4":{"translate":[{"time":0,"x":0,"y":0,"curve":[0.25,0,0.75,1]},{"time":0.2,"x":0.58,"y":-8.83,"curve":[0.25,0,0.75,1]},{"time":0.2667,"x":0.58,"y":-10.23,"curve":[0.25,0,0.75,1]},{"time":0.6333,"x":2.54,"y":8.08,"curve":[0.25,0,0.75,1]},{"time":0.7,"x":2.54,"y":9.43,"curve":[0.25,0,0.75,1]},{"time":1,"x":0,"y":0}]},"008body11":{"rotate":[{"time":0,"angle":357.93,"curve":[0.25,0,0.75,1]},{"time":0.1667,"angle":354.89,"curve":[0.25,0,0.75,1]},{"time":0.2333,"angle":354.49,"curve":[0.25,0,0.75,1]},{"time":0.6,"angle":4.53,"curve":[0.25,0,0.75,1]},{"time":0.6667,"angle":5.35,"curve":[0.25,0,0.75,1]},{"time":0.8333,"angle":0,"curve":[0.25,0,0.75,1]},{"time":1,"angle":357.93}]},"bone9":{"rotate":[{"time":0,"angle":-1.24,"curve":[0.382,0.57,0.735,1]},{"time":0.1667,"angle":7.4,"curve":[0.25,0,0.75,1]},{"time":0.2333,"angle":8.55,"curve":[0.25,0,0.75,1]},{"time":0.6667,"angle":-10.38,"curve":[0.293,0.08,0.632,0.45]},{"time":0.7333,"angle":-11.42,"curve":[0.293,0.08,0.632,0.45]},{"time":1,"angle":-1.24}]},"008body":{"rotate":[{"time":0,"angle":2.4}],"translate":[{"time":0,"x":5.78,"y":-2.69}],"scale":[{"time":0,"x":1,"y":1.02}]}}}}},[0]]],0,0,[0],[-1],[0]],[[[2,"enemy8"],[3,"enemy8",1,[-7],[[5,60,-2],[6,-3,[5,100,35]],[7,-4],[8,-6,-5]],[0,"8f90PNcZdMUp0MuK5Satni",-1],[5,131,79],[0,0.5,0],[0,221,0,0,0,0,1,1,1,1]],[4,"ske",1,1,[-8],[0,"ceGqhGcPlLjbACNLVuRbMg",1],[5,142.95,153.93],[0,-34,0,0,0,0,1,1,1,1]],[9,"walk",1,1,"walk",true,2,[0]]],0,[0,1,1,0,0,1,0,0,1,0,0,1,0,2,3,0,0,1,0,-1,2,0,-1,3,0,3,1,8],[0,3],[-1,4],[1,2]]]]