[1,["98oGFUOCNPIaI4aRb6K7GR","11F8YSDGpNjYyT+HMppWAe"],["node","root","data","_N$skeletonData"],[["cc.Prefab",["_name"],2],["cc.Node",["_name","_components","_prefab","_contentSize","_anchorPoint"],2,9,4,5,5],["cc.CircleCollider",["_radius","node"],2,1],["3c259gWcuxDorUu2dpLcxFV",["node"],3,1],["sp.Skeleton",["defaultAnimation","_preCacheMode","_cacheMode","_animationName","_N$enableBatch","node","_N$skeletonData"],-2,1,6],["cc.PrefabInfo",["fileId","root"],2,1],["sp.SkeletonData",["_name","_atlasText","textureNames","_skeletonJson","textures"],-1,3]],[[0,0,2],[1,0,1,2,3,4,2],[2,0,1,2],[3,0,1],[4,0,1,2,3,4,5,6,6],[5,0,1,2],[6,0,1,2,3,4,5]],[[[[0,"enemyBullet3"],[1,"enemyBullet3",[[2,90,-2],[3,-3],[4,"slow",1,1,"slow",true,-4,0]],[5,"683CQvM+JISphq0TljZrzg",-1],[5,280,264],[0,0.52,0.5]]],0,[0,1,1,0,0,1,0,0,1,0,0,1,0,2,1,4],[0],[3],[0]],[[[6,"enemy_003b","\r\nenemy_003b.png\r\nsize: 512,512\r\nformat: RGBA8888\r\nfilter: Linear,Linear\r\nrepeat: none\r\nflowerlight\r\n  rotate: false\r\n  xy: 284, 204\r\n  size: 135, 125\r\n  orig: 135, 125\r\n  offset: 0, 0\r\n  index: -1\r\nflowerline\r\n  rotate: false\r\n  xy: 2, 196\r\n  size: 280, 264\r\n  orig: 280, 264\r\n  offset: 0, 0\r\n  index: -1\r\nflowerquan\r\n  rotate: false\r\n  xy: 2, 2\r\n  size: 192, 192\r\n  orig: 192, 192\r\n  offset: 0, 0\r\n  index: -1\r\nflowerstar\r\n  rotate: false\r\n  xy: 284, 331\r\n  size: 141, 129\r\n  orig: 141, 129\r\n  offset: 0, 0\r\n  index: -1\r\n",["enemy_003b.png"],{"skeleton":{"hash":"52bCrL61exueXCdPVrNJRhLoTgU","spine":"3.7.80-beta","width":280,"height":264,"images":"../weapon/images/","audio":"F:/work3/打枪/weapon"},"bones":[{"name":"root","scaleX":0.4,"scaleY":0.4},{"name":"bone","parent":"root"},{"name":"bone2","parent":"bone"},{"name":"bone3","parent":"bone"},{"name":"bone4","parent":"bone"},{"name":"bone5","parent":"bone"}],"slots":[{"name":"flowerquan","bone":"bone4","attachment":"flowerquan"},{"name":"flowerquan2","bone":"bone4","attachment":"flowerquan","blend":"additive"},{"name":"flowerline","bone":"bone3","attachment":"flowerline"},{"name":"flowerline2","bone":"bone3","attachment":"flowerline","blend":"additive"},{"name":"flowerstar","bone":"bone5","attachment":"flowerstar"},{"name":"flowerstar2","bone":"bone5","attachment":"flowerstar","blend":"additive"},{"name":"flowerlight","bone":"bone2","attachment":"flowerlight"},{"name":"flowerlight2","bone":"bone2","color":"ffffff65","attachment":"flowerlight","blend":"additive"}],"skins":{"default":{"flowerlight":{"flowerlight":{"x":4,"y":5,"width":338,"height":312}},"flowerlight2":{"flowerlight":{"x":4,"y":5,"width":338,"height":312}},"flowerline":{"flowerline":{"x":-19,"y":-4,"width":700,"height":660}},"flowerline2":{"flowerline":{"x":-19,"y":-4,"width":700,"height":660}},"flowerquan":{"flowerquan":{"width":480,"height":480}},"flowerquan2":{"flowerquan":{"width":480,"height":480}},"flowerstar":{"flowerstar":{"x":2,"y":4.5,"width":352,"height":323}},"flowerstar2":{"flowerstar":{"x":2,"y":4.5,"width":352,"height":323}}}},"animations":{"fast":{"slots":{"flowerlight":{"color":[{"time":0,"color":"ffffffff"},{"time":0.3333,"color":"ffffffa9"},{"time":1,"color":"ffffff00"}]},"flowerlight2":{"color":[{"time":0,"color":"ffffff00"},{"time":0.3333,"color":"a3a3a3ff"},{"time":1,"color":"ffffff00"}]},"flowerline":{"color":[{"time":0.5,"color":"ffffffff"},{"time":0.8333,"color":"ffffff00"}],"attachment":[{"time":0,"name":null},{"time":0.3333,"name":"flowerline"}]},"flowerline2":{"color":[{"time":0.3333,"color":"ffffffff"},{"time":0.5,"color":"ffffff55"},{"time":0.8333,"color":"ffffff00"}],"attachment":[{"time":0,"name":null},{"time":0.3333,"name":"flowerline"}]},"flowerquan":{"color":[{"time":0.5,"color":"ffffffff"},{"time":0.6,"color":"ffffff00"}],"attachment":[{"time":0,"name":null},{"time":0.3333,"name":"flowerquan"}]},"flowerquan2":{"color":[{"time":0.3333,"color":"ffffffff","curve":"stepped"},{"time":0.4,"color":"ffffffff"},{"time":0.5,"color":"ffffff00"}],"attachment":[{"time":0,"name":null},{"time":0.3333,"name":"flowerquan"}]},"flowerstar":{"color":[{"time":0,"color":"ffffffff"},{"time":1,"color":"ffffff00"}]},"flowerstar2":{"color":[{"time":0,"color":"ffffff00"},{"time":0.3333,"color":"ffffffff"},{"time":1,"color":"ffffff00"}]}},"bones":{"bone4":{"scale":[{"time":0.3333,"x":0.5,"y":0.5},{"time":0.5,"x":0.97,"y":0.97},{"time":0.6,"x":1,"y":1}]},"bone3":{"translate":[{"time":0.3333,"x":0,"y":0},{"time":0.4,"x":-10.86,"y":-2.71}],"scale":[{"time":0.3333,"x":0.5,"y":0.5},{"time":0.4,"x":0.9,"y":0.9},{"time":0.8333,"x":1,"y":1}]}}},"slow":{"slots":{"flowerlight":{"color":[{"time":0,"color":"ffffffff"},{"time":0.1667,"color":"ffffffa9"},{"time":0.5,"color":"ffffff00"}]},"flowerlight2":{"color":[{"time":0,"color":"ffffff00"},{"time":0.1667,"color":"a3a3a3ff"},{"time":0.5,"color":"ffffff00"}]},"flowerline":{"color":[{"time":0.2667,"color":"ffffffff"},{"time":0.4333,"color":"ffffff00"}],"attachment":[{"time":0,"name":null},{"time":0.1667,"name":"flowerline"}]},"flowerline2":{"color":[{"time":0.1667,"color":"ffffffff"},{"time":0.2667,"color":"ffffff55"},{"time":0.4333,"color":"ffffff00"}],"attachment":[{"time":0,"name":null},{"time":0.1667,"name":"flowerline"}]},"flowerquan":{"color":[{"time":0.2667,"color":"ffffffff"},{"time":0.3,"color":"ffffff00"}],"attachment":[{"time":0,"name":null},{"time":0.1667,"name":"flowerquan"}]},"flowerquan2":{"color":[{"time":0.1667,"color":"ffffffff","curve":"stepped"},{"time":0.2,"color":"ffffffff"},{"time":0.2667,"color":"ffffff00"}],"attachment":[{"time":0,"name":null},{"time":0.1667,"name":"flowerquan"}]},"flowerstar":{"color":[{"time":0,"color":"ffffffff"},{"time":0.5,"color":"ffffff00"}]},"flowerstar2":{"color":[{"time":0,"color":"ffffff00"},{"time":0.1667,"color":"ffffffff"},{"time":0.5,"color":"ffffff00"}]}},"bones":{"bone4":{"scale":[{"time":0.1667,"x":0.5,"y":0.5},{"time":0.2667,"x":0.97,"y":0.97},{"time":0.3,"x":1,"y":1}]},"bone3":{"translate":[{"time":0.1667,"x":0,"y":0},{"time":0.2,"x":-10.86,"y":-2.71}],"scale":[{"time":0.1667,"x":0.5,"y":0.5},{"time":0.2,"x":0.9,"y":0.9},{"time":0.4333,"x":1,"y":1}]}}}}},[0]]],0,0,[0],[-1],[1]]]]