[1,["d1S7EpSZdGlrWt/BdKh4G/","7a/QZLET9IDreTiBfRn2PD","713ZUsa1lNwLLkW976xJSR"],["node","root","ske","data","_N$skeletonData"],[["sp.SkeletonData",["_name","_atlasText","textureNames","_skeletonJson","textures"],-1,3],["cc.Prefab",["_name"],2],["cc.Node",["_name","_groupIndex","_children","_components","_prefab"],1,2,9,4],["cc.Node",["_name","_groupIndex","_parent","_components","_prefab","_contentSize","_trs"],1,1,2,4,5,7],["cc.CircleCollider",["_radius","node"],2,1],["cc.BoxCollider",["node","_size"],3,1,5],["2fd84qgTxlNla8RAGPr2aOb",["node"],3,1],["5d8e2MjyvlLOoCyuh6N0alo",["node","ske"],3,1,1],["cc.PrefabInfo",["fileId","root"],2,1],["sp.Skeleton",["defaultAnimation","_preCacheMode","_cacheMode","_animationName","_N$enableBatch","node","_materials"],-2,1,3]],[[8,0,1,2],[0,0,1,2,3,4,5],[1,0,2],[2,0,1,2,3,4,3],[3,0,1,2,3,4,5,6,3],[4,0,1,2],[5,0,1,1],[6,0,1],[7,0,1,1],[9,0,1,2,3,4,5,6,6]],[[[[1,"enemy_001","\r\nenemy_001.png\r\nsize: 256,64\r\nformat: RGBA8888\r\nfilter: Linear,Linear\r\nrepeat: none\r\n001body\r\n  rotate: true\r\n  xy: 65, 30\r\n  size: 32, 59\r\n  orig: 32, 59\r\n  offset: 0, 0\r\n  index: -1\r\n001eye\r\n  rotate: false\r\n  xy: 67, 21\r\n  size: 17, 7\r\n  orig: 17, 7\r\n  offset: 0, 0\r\n  index: -1\r\n001lege1\r\n  rotate: false\r\n  xy: 52, 7\r\n  size: 13, 19\r\n  orig: 13, 19\r\n  offset: 0, 0\r\n  index: -1\r\n001lege2\r\n  rotate: false\r\n  xy: 217, 48\r\n  size: 25, 14\r\n  orig: 25, 14\r\n  offset: 0, 0\r\n  index: -1\r\n001lege3\r\n  rotate: false\r\n  xy: 158, 46\r\n  size: 28, 16\r\n  orig: 28, 16\r\n  offset: 0, 0\r\n  index: -1\r\n001lege4\r\n  rotate: false\r\n  xy: 2, 2\r\n  size: 20, 24\r\n  orig: 20, 24\r\n  offset: 0, 0\r\n  index: -1\r\n001shadow1\r\n  rotate: true\r\n  xy: 2, 28\r\n  size: 34, 61\r\n  orig: 34, 61\r\n  offset: 0, 0\r\n  index: -1\r\n001shadow2\r\n  rotate: true\r\n  xy: 126, 28\r\n  size: 14, 21\r\n  orig: 14, 21\r\n  offset: 0, 0\r\n  index: -1\r\n001shadow3\r\n  rotate: false\r\n  xy: 188, 47\r\n  size: 27, 15\r\n  orig: 27, 15\r\n  offset: 0, 0\r\n  index: -1\r\n001shadow4\r\n  rotate: false\r\n  xy: 126, 44\r\n  size: 30, 18\r\n  orig: 30, 18\r\n  offset: 0, 0\r\n  index: -1\r\n001shadow5\r\n  rotate: true\r\n  xy: 24, 5\r\n  size: 21, 26\r\n  orig: 21, 26\r\n  offset: 0, 0\r\n  index: -1\r\n",["enemy_001.png"],{"skeleton":{"hash":"T3kiqFccb/sGRrOT06gjOrYZyrg","spine":"3.6.53","width":71.6,"height":60.6,"images":"../images/"},"bones":[{"name":"root","scaleX":0.2,"scaleY":0.2},{"name":"bone","parent":"root","y":149.32},{"name":"bone2","parent":"bone","y":22.22},{"name":"001lege1","parent":"bone2","length":48.35,"rotation":51.67,"x":43.56,"y":17.4},{"name":"001lege2","parent":"bone2","length":66.59,"rotation":20.96,"x":40.91,"y":2.84},{"name":"001lege3","parent":"bone2","length":59.7,"rotation":-12.8,"x":38.26,"y":-9.51},{"name":"001lege4","parent":"bone2","length":56.77,"rotation":-43.74,"x":49.8,"y":-15.99},{"name":"bone4","parent":"bone","y":22.22,"scaleX":-1},{"name":"001lege5","parent":"bone4","length":48.35,"rotation":51.67,"x":43.56,"y":17.4},{"name":"001lege6","parent":"bone4","length":66.59,"rotation":20.96,"x":40.91,"y":2.84},{"name":"001lege7","parent":"bone4","length":59.7,"rotation":-12.8,"x":38.26,"y":-9.51},{"name":"001lege8","parent":"bone4","length":56.77,"rotation":-43.74,"x":49.8,"y":-15.99},{"name":"bone3","parent":"bone","y":95.32}],"slots":[{"name":"001shadow5","bone":"001lege4","attachment":"001shadow5"},{"name":"001shadow9","bone":"001lege8","attachment":"001shadow5"},{"name":"001shadow4","bone":"001lege3","attachment":"001shadow4"},{"name":"001shadow8","bone":"001lege7","attachment":"001shadow4"},{"name":"001shadow3","bone":"001lege2","attachment":"001shadow3"},{"name":"001shadow7","bone":"001lege6","attachment":"001shadow3"},{"name":"001shadow2","bone":"001lege1","attachment":"001shadow2"},{"name":"001shadow6","bone":"001lege5","attachment":"001shadow2"},{"name":"001shadow1","bone":"bone","attachment":"001shadow1"},{"name":"001lege1","bone":"001lege1","attachment":"001lege1"},{"name":"001lege5","bone":"001lege5","attachment":"001lege1"},{"name":"001lege4","bone":"001lege4","attachment":"001lege4"},{"name":"001lege8","bone":"001lege8","attachment":"001lege4"},{"name":"001lege2","bone":"001lege2","attachment":"001lege2"},{"name":"001lege6","bone":"001lege6","attachment":"001lege2"},{"name":"001lege3","bone":"001lege3","attachment":"001lege3"},{"name":"001lege7","bone":"001lege7","attachment":"001lege3"},{"name":"001body","bone":"bone","attachment":"001body"},{"name":"001eye","bone":"bone3","attachment":"001eye"}],"skins":{"default":{"001body":{"001body":{"width":162,"height":295}},"001eye":{"001eye":{"x":1.5,"y":0.68,"width":83,"height":33}},"001lege1":{"001lege1":{"x":45.99,"y":7.75,"rotation":-51.67,"width":64,"height":96}},"001lege2":{"001lege2":{"x":65.1,"y":3.37,"rotation":-20.96,"width":127,"height":68}},"001lege3":{"001lege3":{"x":70.8,"y":-14.9,"rotation":12.8,"width":142,"height":80}},"001lege4":{"001lege4":{"x":69.77,"y":-8.41,"rotation":43.74,"width":99,"height":122}},"001lege5":{"001lege1":{"x":45.99,"y":7.75,"rotation":-51.67,"width":64,"height":96}},"001lege6":{"001lege2":{"x":65.1,"y":3.37,"rotation":-20.96,"width":127,"height":68}},"001lege7":{"001lege3":{"x":70.8,"y":-14.9,"rotation":12.8,"width":142,"height":80}},"001lege8":{"001lege4":{"x":69.77,"y":-8.41,"rotation":43.74,"width":99,"height":122}},"001shadow1":{"001shadow1":{"width":170,"height":303}},"001shadow2":{"001shadow2":{"x":45.99,"y":7.75,"rotation":-51.67,"width":72,"height":104}},"001shadow3":{"001shadow3":{"x":65.1,"y":3.37,"rotation":-20.96,"width":135,"height":76}},"001shadow4":{"001shadow4":{"x":70.8,"y":-14.9,"rotation":12.8,"width":150,"height":88}},"001shadow5":{"001shadow5":{"x":69.77,"y":-8.41,"rotation":43.74,"width":107,"height":129}},"001shadow6":{"001shadow2":{"x":45.99,"y":7.75,"rotation":-51.67,"width":72,"height":104}},"001shadow7":{"001shadow3":{"x":65.1,"y":3.37,"rotation":-20.96,"width":135,"height":76}},"001shadow8":{"001shadow4":{"x":70.8,"y":-14.9,"rotation":12.8,"width":150,"height":88}},"001shadow9":{"001shadow5":{"x":69.77,"y":-8.41,"rotation":43.74,"width":107,"height":129}}}},"events":{"hit":{}},"animations":{"beaten":{"bones":{"001lege4":{"rotate":[{"time":0,"angle":-15.99,"curve":[0.262,0,0.618,0.44]},{"time":0.1667,"angle":-9.92,"curve":[0.33,0.32,0.664,0.66]},{"time":0.3333,"angle":-8.54,"curve":[0.365,0.45,0.754,1]},{"time":0.5667,"angle":3.1,"curve":[0.25,0,0.75,1]},{"time":0.8333,"angle":11.23}],"scale":[{"time":0.1667,"x":1,"y":1,"curve":"stepped"},{"time":0.3333,"x":1,"y":1}]},"001lege3":{"rotate":[{"time":0,"angle":-5.44,"curve":[0.27,0,0.619,0.41]},{"time":0.1667,"angle":-0.61,"curve":[0.329,0.32,0.663,0.65]},{"time":0.3333,"angle":0.55,"curve":[0.351,0.4,0.757,1]},{"time":0.6667,"angle":15.67},{"time":0.8333,"angle":7.96}],"scale":[{"time":0,"x":0.963,"y":1},{"time":0.1667,"x":0.995,"y":1},{"time":0.3333,"x":1,"y":1}]},"001lege2":{"rotate":[{"time":0,"angle":-47.55,"curve":[0.262,0,0.618,0.44]},{"time":0.1667,"angle":-29.67,"curve":[0.33,0.32,0.664,0.66]},{"time":0.3333,"angle":-25.59,"curve":[0.365,0.45,0.754,1]},{"time":0.5667,"angle":8.78,"curve":[0.25,0,0.75,1]},{"time":0.8333,"angle":0}],"scale":[{"time":0,"x":0.774,"y":1},{"time":0.1667,"x":0.97,"y":1},{"time":0.3333,"x":1,"y":1}]},"001lege1":{"rotate":[{"time":0,"angle":17.98,"curve":[0.27,0,0.619,0.41]},{"time":0.1667,"angle":15.7,"curve":[0.329,0.32,0.663,0.65]},{"time":0.3333,"angle":15.15,"curve":[0.351,0.4,0.757,1]},{"time":0.6667,"angle":8.02},{"time":0.8333,"angle":16.88}],"scale":[{"time":0,"x":0.835,"y":1},{"time":0.1667,"x":0.978,"y":1},{"time":0.3333,"x":1,"y":1}]},"001lege5":{"rotate":[{"time":0,"angle":14.61,"curve":[0.251,0,0.623,0.49]},{"time":0.1667,"angle":-2.37,"curve":[0.334,0.33,0.668,0.67]},{"time":0.3333,"angle":-5.87,"curve":[0.379,0.53,0.746,1]},{"time":0.4667,"angle":-21.11,"curve":[0.25,0,0.75,1]},{"time":0.8333,"angle":-18.96}],"scale":[{"time":0,"x":0.714,"y":1},{"time":0.1667,"x":0.962,"y":1},{"time":0.3333,"x":1,"y":1}]},"001lege6":{"rotate":[{"time":0,"angle":-49.81,"curve":[0.27,0,0.619,0.41]},{"time":0.1667,"angle":-40.31,"curve":[0.329,0.32,0.663,0.65]},{"time":0.3333,"angle":-38.02,"curve":[0.351,0.4,0.757,1]},{"time":0.6667,"angle":-8.29,"curve":[0.25,0,0.75,1]},{"time":0.8333,"angle":0}],"scale":[{"time":0,"x":0.833,"y":1},{"time":0.1667,"x":0.978,"y":1},{"time":0.3333,"x":1,"y":1}]},"001lege7":{"rotate":[{"time":0,"angle":-2.87,"curve":[0.27,0,0.619,0.41]},{"time":0.1667,"angle":3.32,"curve":[0.329,0.32,0.663,0.65]},{"time":0.3333,"angle":4.82,"curve":[0.351,0.4,0.757,1]},{"time":0.6667,"angle":24.23},{"time":0.8333,"angle":35.43}],"scale":[{"time":0.1667,"x":1,"y":1,"curve":"stepped"},{"time":0.3333,"x":1,"y":1}]},"001lege8":{"rotate":[{"time":0,"angle":-9.22,"curve":[0.262,0,0.618,0.44]},{"time":0.1667,"angle":0.72,"curve":[0.33,0.32,0.664,0.66]},{"time":0.3333,"angle":2.99,"curve":[0.365,0.45,0.754,1]},{"time":0.5667,"angle":22.11,"curve":[0.25,0,0.75,1]},{"time":0.8333,"angle":11.23}],"scale":[{"time":0.1667,"x":1,"y":1,"curve":"stepped"},{"time":0.3333,"x":1,"y":1}]},"bone3":{"scale":[{"time":0,"x":1,"y":0.1}]},"bone":{"translate":[{"time":0,"x":0,"y":-6.93},{"time":0.1667,"x":0,"y":0}],"scale":[{"time":0,"x":1.051,"y":0.935},{"time":0.1667,"x":1.016,"y":0.975},{"time":0.6667,"x":1.007,"y":0.975}]}}},"beaten2":{"bones":{"001lege4":{"rotate":[{"time":0,"angle":-15.99}]},"001lege3":{"rotate":[{"time":0,"angle":-5.44}],"scale":[{"time":0,"x":0.963,"y":1}]},"001lege2":{"rotate":[{"time":0,"angle":-47.55}],"scale":[{"time":0,"x":0.774,"y":1}]},"001lege1":{"rotate":[{"time":0,"angle":17.98}],"scale":[{"time":0,"x":0.835,"y":1}]},"001lege5":{"rotate":[{"time":0,"angle":14.61}],"scale":[{"time":0,"x":0.714,"y":1}]},"001lege6":{"rotate":[{"time":0,"angle":-49.81}],"scale":[{"time":0,"x":0.833,"y":1}]},"001lege7":{"rotate":[{"time":0,"angle":-2.87}]},"001lege8":{"rotate":[{"time":0,"angle":-9.22}]},"bone3":{"scale":[{"time":0,"x":1,"y":0.1}]},"bone":{"translate":[{"time":0,"x":0,"y":-6.93}],"scale":[{"time":0,"x":1.051,"y":0.935}]}}},"dead":{"slots":{"001body":{"color":[{"time":0.1,"color":"ffffffff"},{"time":0.2,"color":"ffffff00"}]},"001eye":{"color":[{"time":0.1,"color":"ffffffff"},{"time":0.2,"color":"ffffff00"}]},"001lege1":{"color":[{"time":0.1,"color":"ffffffff"},{"time":0.2,"color":"ffffff00"}]},"001lege2":{"color":[{"time":0.1,"color":"ffffffff"},{"time":0.2,"color":"ffffff00"}]},"001lege3":{"color":[{"time":0.1,"color":"ffffffff"},{"time":0.2,"color":"ffffff00"}]},"001lege4":{"color":[{"time":0.1,"color":"ffffffff"},{"time":0.2,"color":"ffffff00"}]},"001lege5":{"color":[{"time":0.1,"color":"ffffffff"},{"time":0.2,"color":"ffffff00"}]},"001lege6":{"color":[{"time":0.1,"color":"ffffffff"},{"time":0.2,"color":"ffffff00"}]},"001lege7":{"color":[{"time":0.1,"color":"ffffffff"},{"time":0.2,"color":"ffffff00"}]},"001lege8":{"color":[{"time":0.1,"color":"ffffffff"},{"time":0.2,"color":"ffffff00"}]},"001shadow1":{"color":[{"time":0.1,"color":"ffffffff"},{"time":0.2,"color":"ffffff00"}]},"001shadow2":{"color":[{"time":0.1,"color":"ffffffff"},{"time":0.2,"color":"ffffff00"}]},"001shadow3":{"color":[{"time":0.1,"color":"ffffffff"},{"time":0.2,"color":"ffffff00"}]},"001shadow4":{"color":[{"time":0.1,"color":"ffffffff"},{"time":0.2,"color":"ffffff00"}]},"001shadow5":{"color":[{"time":0.1,"color":"ffffffff"},{"time":0.2,"color":"ffffff00"}]},"001shadow6":{"color":[{"time":0.1,"color":"ffffffff"},{"time":0.2,"color":"ffffff00"}]},"001shadow7":{"color":[{"time":0.1,"color":"ffffffff"},{"time":0.2,"color":"ffffff00"}]},"001shadow8":{"color":[{"time":0.1,"color":"ffffffff"},{"time":0.2,"color":"ffffff00"}]},"001shadow9":{"color":[{"time":0.1,"color":"ffffffff"},{"time":0.2,"color":"ffffff00"}]}},"bones":{"001lege4":{"rotate":[{"time":0,"angle":11.23,"curve":[0.25,0,0.75,1]},{"time":0.1667,"angle":-4.46}],"translate":[{"time":0,"x":0,"y":0}]},"001lege3":{"rotate":[{"time":0,"angle":7.96,"curve":[0.25,0,0.75,1]},{"time":0.1667,"angle":-14}],"translate":[{"time":0,"x":0,"y":0},{"time":0.1667,"x":-31.79,"y":-2.81}]},"001lege2":{"rotate":[{"time":0,"angle":0,"curve":[0.25,0,0.75,1]},{"time":0.1667,"angle":20.93}],"translate":[{"time":0,"x":0,"y":0},{"time":0.1667,"x":-33.66,"y":-40.21}]},"001lege1":{"rotate":[{"time":0,"angle":16.88}],"translate":[{"time":0,"x":0,"y":0},{"time":0.1667,"x":-10.28,"y":-10.28}]},"001lege5":{"rotate":[{"time":0,"angle":-18.96,"curve":[0.25,0,0.75,1]},{"time":0.1667,"angle":4.73}],"translate":[{"time":0,"x":0,"y":0},{"time":0.1667,"x":5.61,"y":-42.07}]},"001lege6":{"rotate":[{"time":0,"angle":0,"curve":[0.25,0,0.75,1]},{"time":0.1667,"angle":-40.64}],"translate":[{"time":0,"x":0,"y":0},{"time":0.1667,"x":-15.89,"y":-28.98}]},"001lege7":{"rotate":[{"time":0,"angle":35.43,"curve":[0.243,0,0.689,0.75]},{"time":0.1667,"angle":-15.99}],"translate":[{"time":0,"x":0,"y":0},{"time":0.1667,"x":-19.63,"y":2.81}]},"001lege8":{"rotate":[{"time":0,"angle":11.23,"curve":[0.25,0,0.75,1]},{"time":0.1667,"angle":-12.85}],"translate":[{"time":0,"x":0,"y":0},{"time":0.1667,"x":-19.05,"y":-11.72}]},"bone3":{"rotate":[{"time":0,"angle":0}],"translate":[{"time":0,"x":0,"y":0},{"time":0.1667,"x":38.33,"y":-18.7}],"scale":[{"time":0,"x":1,"y":1,"curve":"stepped"},{"time":0.1667,"x":1,"y":1}]},"bone":{"rotate":[{"time":0,"angle":0}],"translate":[{"time":0,"x":0,"y":0},{"time":0.1667,"x":0,"y":-8.75}],"scale":[{"time":0,"x":1,"y":1}]},"bone4":{"rotate":[{"time":0,"angle":0}],"translate":[{"time":0,"x":0,"y":0}]},"bone2":{"rotate":[{"time":0,"angle":0}],"translate":[{"time":0,"x":0,"y":0},{"time":0.1667,"x":-0.94,"y":-35.53}]}}},"stand":{"bones":{"001lege4":{"rotate":[{"time":0,"angle":11.23}]},"001lege3":{"rotate":[{"time":0,"angle":7.96}]},"001lege2":{"rotate":[{"time":0,"angle":0}]},"001lege1":{"rotate":[{"time":0,"angle":16.88}]},"001lege5":{"rotate":[{"time":0,"angle":-18.96}]},"001lege6":{"rotate":[{"time":0,"angle":0}]},"001lege7":{"rotate":[{"time":0,"angle":35.43}]},"001lege8":{"rotate":[{"time":0,"angle":11.23}]},"bone3":{"scale":[{"time":0,"x":1,"y":1}]},"bone":{"translate":[{"time":0,"x":0,"y":0}],"scale":[{"time":0,"x":1,"y":1}]}}},"strike":{"bones":{"001lege4":{"rotate":[{"time":0,"angle":11.23,"curve":[0.25,0,0.75,1]},{"time":0.1667,"angle":6.07,"curve":[0.25,0,0.75,1]},{"time":0.3333,"angle":4.37,"curve":[0.25,0,0.75,1]},{"time":0.4,"angle":-8.73,"curve":[0.25,0,0.75,1]},{"time":0.8333,"angle":-4.43,"curve":[0.25,0,0.75,1]},{"time":1.1667,"angle":11.23}]},"001lege3":{"rotate":[{"time":0,"angle":7.96,"curve":[0.25,0,0.75,1]},{"time":0.1667,"angle":1.49,"curve":[0.25,0,0.75,1]},{"time":0.3333,"angle":-0.2,"curve":[0.25,0,0.75,1]},{"time":0.4,"angle":-23.38,"curve":[0.25,0,0.75,1]},{"time":0.8333,"angle":-19.07,"curve":[0.25,0,0.75,1]},{"time":1.1667,"angle":7.96}]},"001lege2":{"rotate":[{"time":0,"angle":0,"curve":[0.25,0,0.75,1]},{"time":0.1667,"angle":5.61,"curve":[0.25,0,0.75,1]},{"time":0.3333,"angle":8.62,"curve":[0.25,0,0.625,0.5]},{"time":0.4333,"angle":41.92,"curve":[0.375,0.5,0.75,1]},{"time":0.5667,"angle":43.36,"curve":[0.375,0.5,0.75,1]},{"time":0.6333,"angle":-39.08,"curve":[0.25,0,0.75,1]},{"time":0.8333,"angle":-43.6,"curve":[0.25,0,0.75,1]},{"time":1.1667,"angle":0}],"scale":[{"time":0.3333,"x":1,"y":1},{"time":0.4333,"x":1.086,"y":1},{"time":0.5667,"x":1.097,"y":1},{"time":0.6333,"x":1,"y":1}]},"001lege1":{"rotate":[{"time":0,"angle":16.88,"curve":[0.25,0,0.75,1]},{"time":0.1667,"angle":-11.72,"curve":[0.25,0,0.75,1]},{"time":0.3333,"angle":-13.43,"curve":[0.25,0,0.75,1]},{"time":0.4,"angle":-1.98,"curve":[0.25,0,0.75,1]},{"time":0.8333,"angle":-4.93,"curve":[0.25,0,0.75,1]},{"time":1.1667,"angle":16.88}]},"001lege5":{"rotate":[{"time":0,"angle":-18.96,"curve":[0.25,0,0.75,1]},{"time":0.1667,"angle":-6.2,"curve":[0.25,0,0.75,1]},{"time":0.3333,"angle":-7.9,"curve":[0.25,0,0.75,1]},{"time":0.4,"angle":3.55,"curve":[0.25,0,0.75,1]},{"time":0.8333,"angle":0.6,"curve":[0.25,0,0.75,1]},{"time":1.1667,"angle":-18.96}]},"001lege6":{"rotate":[{"time":0,"angle":0,"curve":[0.25,0,0.75,1]},{"time":0.1667,"angle":5.63,"curve":[0.25,0,0.75,1]},{"time":0.3333,"angle":8.64,"curve":[0.25,0,0.625,0.5]},{"time":0.4333,"angle":42.59,"curve":[0.375,0.5,0.75,1]},{"time":0.5667,"angle":44.03,"curve":[0.375,0.5,0.75,1]},{"time":0.6333,"angle":-37.76,"curve":[0.25,0,0.75,1]},{"time":0.8333,"angle":-43.58,"curve":[0.25,0,0.75,1]},{"time":1.1667,"angle":0}],"scale":[{"time":0.3333,"x":1,"y":1},{"time":0.4333,"x":1.056,"y":1},{"time":0.5667,"x":1.065,"y":1},{"time":0.6333,"x":1,"y":1}]},"001lege7":{"rotate":[{"time":0,"angle":35.43,"curve":[0.243,0,0.689,0.75]},{"time":0.1667,"angle":8.19,"curve":[0.25,0,0.75,1]},{"time":0.3333,"angle":6.49,"curve":[0.25,0,0.75,1]},{"time":0.4,"angle":-16.68,"curve":[0.25,0,0.75,1]},{"time":0.8333,"angle":-12.37,"curve":[0.25,0,0.75,1]},{"time":1.1667,"angle":35.43}]},"001lege8":{"rotate":[{"time":0,"angle":11.23,"curve":[0.25,0,0.75,1]},{"time":0.1667,"angle":1.18,"curve":[0.25,0,0.75,1]},{"time":0.3333,"angle":-0.51,"curve":[0.25,0,0.75,1]},{"time":0.4,"angle":-13.61,"curve":[0.25,0,0.75,1]},{"time":0.8333,"angle":-9.31,"curve":[0.25,0,0.75,1]},{"time":1.1667,"angle":11.23}]},"bone3":{"scale":[{"time":0,"x":1,"y":1}]},"bone":{"translate":[{"time":0,"x":0,"y":0},{"time":0.1667,"x":0,"y":-3.42},{"time":0.3333,"x":0,"y":-1.98},{"time":0.4,"x":0,"y":13.05},{"time":0.5333,"x":0,"y":15.47},{"time":0.6,"x":0,"y":0}],"scale":[{"time":0,"x":1,"y":1},{"time":0.1667,"x":1.03,"y":1.03},{"time":0.3333,"x":1.04,"y":1.04},{"time":0.4,"x":1,"y":1.02,"curve":"stepped"},{"time":0.5333,"x":1,"y":1.02},{"time":0.8333,"x":1,"y":1,"curve":"stepped"},{"time":1.1667,"x":1,"y":1}]}},"events":[{"time":0.6333,"name":"hit"}]},"walk":{"bones":{"001lege4":{"rotate":[{"time":0,"angle":11.23,"curve":[0.25,0,0.75,1]},{"time":0.1333,"angle":3.1,"curve":[0.25,0,0.75,1]},{"time":0.2333,"angle":0.94,"curve":[0.25,0,0.75,1]},{"time":0.4,"angle":30.16,"curve":[0.25,0,0.75,1]},{"time":0.5,"angle":11.23,"curve":[0.25,0,0.75,1]},{"time":0.6333,"angle":3.1,"curve":[0.25,0,0.75,1]},{"time":0.7333,"angle":0.94,"curve":[0.25,0,0.75,1]},{"time":0.9,"angle":30.16,"curve":[0.25,0,0.75,1]},{"time":1,"angle":11.23,"curve":[0.25,0,0.75,1]},{"time":1.1333,"angle":3.1,"curve":[0.25,0,0.75,1]},{"time":1.2333,"angle":0.94,"curve":[0.25,0,0.75,1]},{"time":1.4,"angle":30.16,"curve":[0.25,0,0.75,1]},{"time":1.5,"angle":11.23}]},"001lege3":{"rotate":[{"time":0,"angle":7.96,"curve":[0.25,0,0.75,1]},{"time":0.2,"angle":35.02,"curve":[0.25,0,0.75,1]},{"time":0.4,"angle":9.62,"curve":[0.25,0,0.75,1]},{"time":0.5,"angle":7.96,"curve":[0.25,0,0.75,1]},{"time":0.7,"angle":35.02,"curve":[0.25,0,0.75,1]},{"time":0.9,"angle":9.62,"curve":[0.25,0,0.75,1]},{"time":1,"angle":7.96,"curve":[0.25,0,0.75,1]},{"time":1.2,"angle":35.02,"curve":[0.25,0,0.75,1]},{"time":1.4,"angle":9.62,"curve":[0.25,0,0.75,1]},{"time":1.5,"angle":7.96}]},"001lege2":{"rotate":[{"time":0,"angle":0,"curve":[0.25,0,0.75,1]},{"time":0.1333,"angle":8.78,"curve":[0.25,0,0.75,1]},{"time":0.3333,"angle":-13.29,"curve":[0.25,0,0.75,1]},{"time":0.5,"angle":0,"curve":[0.25,0,0.75,1]},{"time":0.6333,"angle":8.78,"curve":[0.25,0,0.75,1]},{"time":0.8333,"angle":-13.29,"curve":[0.25,0,0.75,1]},{"time":1,"angle":0,"curve":[0.25,0,0.75,1]},{"time":1.1333,"angle":8.78,"curve":[0.25,0,0.75,1]},{"time":1.3333,"angle":-13.29,"curve":[0.25,0,0.75,1]},{"time":1.5,"angle":0}]},"001lege1":{"rotate":[{"time":0,"angle":16.88,"curve":[0.25,0,0.75,1]},{"time":0.2,"angle":-18.96,"curve":[0.25,0,0.75,1]},{"time":0.3,"angle":-21.11,"curve":[0.25,0,0.75,1]},{"time":0.5,"angle":16.88,"curve":[0.25,0,0.75,1]},{"time":0.7,"angle":-18.96,"curve":[0.25,0,0.75,1]},{"time":0.8,"angle":-21.11,"curve":[0.25,0,0.75,1]},{"time":1,"angle":16.88,"curve":[0.25,0,0.75,1]},{"time":1.2,"angle":-18.96,"curve":[0.25,0,0.75,1]},{"time":1.3,"angle":-21.11,"curve":[0.25,0,0.75,1]},{"time":1.5,"angle":16.88}]},"001lege5":{"rotate":[{"time":0,"angle":-18.96,"curve":[0.25,0,0.75,1]},{"time":0.1,"angle":-21.11,"curve":[0.25,0,0.75,1]},{"time":0.3,"angle":14.71,"curve":[0.25,0,0.75,1]},{"time":0.5,"angle":-18.96,"curve":[0.25,0,0.75,1]},{"time":0.6,"angle":-21.11,"curve":[0.25,0,0.75,1]},{"time":0.8,"angle":14.71,"curve":[0.25,0,0.75,1]},{"time":1,"angle":-18.96,"curve":[0.25,0,0.75,1]},{"time":1.1,"angle":-21.11,"curve":[0.25,0,0.75,1]},{"time":1.3,"angle":14.71,"curve":[0.25,0,0.75,1]},{"time":1.5,"angle":-18.96}]},"001lege6":{"rotate":[{"time":0,"angle":0,"curve":[0.25,0,0.75,1]},{"time":0.1667,"angle":-13.29,"curve":[0.25,0,0.75,1]},{"time":0.3667,"angle":8.78,"curve":[0.25,0,0.75,1]},{"time":0.5,"angle":0,"curve":[0.25,0,0.75,1]},{"time":0.6667,"angle":-13.29,"curve":[0.25,0,0.75,1]},{"time":0.8667,"angle":8.78,"curve":[0.25,0,0.75,1]},{"time":1,"angle":0,"curve":[0.25,0,0.75,1]},{"time":1.1667,"angle":-13.29,"curve":[0.25,0,0.75,1]},{"time":1.3667,"angle":8.78,"curve":[0.25,0,0.75,1]},{"time":1.5,"angle":0}]},"001lege7":{"rotate":[{"time":0,"angle":35.43,"curve":[0.25,0,0.75,1]},{"time":0.2,"angle":9.62,"curve":[0.25,0,0.75,1]},{"time":0.3333,"angle":7.96,"curve":[0.25,0,0.75,1]},{"time":0.5,"angle":35.43,"curve":[0.25,0,0.75,1]},{"time":0.7,"angle":9.62,"curve":[0.25,0,0.75,1]},{"time":0.8333,"angle":7.96,"curve":[0.25,0,0.75,1]},{"time":1,"angle":35.43,"curve":[0.25,0,0.75,1]},{"time":1.2,"angle":9.62,"curve":[0.25,0,0.75,1]},{"time":1.3333,"angle":7.96,"curve":[0.25,0,0.75,1]},{"time":1.5,"angle":35.43}]},"001lege8":{"rotate":[{"time":0,"angle":11.23,"curve":[0.25,0,0.75,1]},{"time":0.1333,"angle":30.16,"curve":[0.25,0,0.75,1]},{"time":0.2667,"angle":1.91,"curve":[0.25,0,0.75,1]},{"time":0.3333,"angle":2.7,"curve":[0.25,0,0.75,1]},{"time":0.5,"angle":11.23,"curve":[0.25,0,0.75,1]},{"time":0.6333,"angle":30.16,"curve":[0.25,0,0.75,1]},{"time":0.7667,"angle":1.91,"curve":[0.25,0,0.75,1]},{"time":0.8333,"angle":2.7,"curve":[0.25,0,0.75,1]},{"time":1,"angle":11.23,"curve":[0.25,0,0.75,1]},{"time":1.1333,"angle":30.16,"curve":[0.25,0,0.75,1]},{"time":1.2667,"angle":1.91,"curve":[0.25,0,0.75,1]},{"time":1.3333,"angle":2.7,"curve":[0.25,0,0.75,1]},{"time":1.5,"angle":11.23}]},"bone3":{"scale":[{"time":0,"x":1,"y":1},{"time":0.1,"x":1,"y":0.1},{"time":0.2,"x":1,"y":1}]}}}}},[0]]],0,0,[0],[-1],[0]],[[[2,"enemy1"],[3,"enemy1",1,[-7],[[5,30,-2],[6,-3,[5,26,44]],[7,-4],[8,-6,-5]],[0,"8f90PNcZdMUp0MuK5Satni",-1]],[4,"ske",1,1,[-8],[0,"0d0jzVcoRCaZdFRaVjsBIz",1],[5,71.6,60.6],[0,-31,0,0,0,0,1,1,1,1]],[9,"walk",1,1,"walk",true,2,[0]]],0,[0,1,1,0,0,1,0,0,1,0,0,1,0,2,3,0,0,1,0,-1,2,0,-1,3,0,3,1,8],[0,3],[-1,4],[1,2]]]]