[1,["c2GsjmV6pOc4GAOWnCzY37","7a/QZLET9IDreTiBfRn2PD","480eJCpIFOjpyFOn+bEEbL"],["node","root","ske","data","_N$skeletonData"],[["sp.SkeletonData",["_name","_atlasText","textureNames","_skeletonJson","textures"],-1,3],["cc.Prefab",["_name"],2],["cc.Node",["_name","_groupIndex","_children","_components","_prefab"],1,2,9,4],["cc.Node",["_name","_groupIndex","_parent","_components","_prefab","_contentSize","_trs"],1,1,2,4,5,7],["cc.CircleCollider",["_radius","node"],2,1],["cc.BoxCollider",["node","_size"],3,1,5],["2fd84qgTxlNla8RAGPr2aOb",["node"],3,1],["1ab695SfTxHj46gL5xG1BMg",["node","ske"],3,1,1],["cc.PrefabInfo",["fileId","root"],2,1],["sp.Skeleton",["defaultAnimation","_preCacheMode","_cacheMode","_animationName","_N$enableBatch","node","_materials"],-2,1,3]],[[8,0,1,2],[0,0,1,2,3,4,5],[1,0,2],[2,0,1,2,3,4,3],[3,0,1,2,3,4,5,6,3],[4,0,1,2],[5,0,1,1],[6,0,1],[7,0,1,1],[9,0,1,2,3,4,5,6,6]],[[[[1,"enemy_006","\r\nenemy_006.png\r\nsize: 512,64\r\nformat: RGBA8888\r\nfilter: Linear,Linear\r\nrepeat: none\r\n004knife\r\n  rotate: true\r\n  xy: 274, 37\r\n  size: 25, 48\r\n  orig: 25, 48\r\n  offset: 0, 0\r\n  index: -1\r\n004knifes\r\n  rotate: true\r\n  xy: 222, 35\r\n  size: 27, 50\r\n  orig: 27, 50\r\n  offset: 0, 0\r\n  index: -1\r\n006body\r\n  rotate: false\r\n  xy: 69, 7\r\n  size: 63, 55\r\n  orig: 63, 55\r\n  offset: 0, 0\r\n  index: -1\r\n006hand1\r\n  rotate: false\r\n  xy: 360, 35\r\n  size: 28, 27\r\n  orig: 28, 27\r\n  offset: 0, 0\r\n  index: -1\r\n006hand2\r\n  rotate: false\r\n  xy: 222, 2\r\n  size: 24, 31\r\n  orig: 24, 31\r\n  offset: 0, 0\r\n  index: -1\r\n006hand3\r\n  rotate: false\r\n  xy: 360, 6\r\n  size: 28, 27\r\n  orig: 28, 27\r\n  offset: 0, 0\r\n  index: -1\r\n006hand4\r\n  rotate: false\r\n  xy: 248, 2\r\n  size: 24, 31\r\n  orig: 24, 31\r\n  offset: 0, 0\r\n  index: -1\r\n006hat\r\n  rotate: false\r\n  xy: 179, 21\r\n  size: 41, 41\r\n  orig: 41, 41\r\n  offset: 0, 0\r\n  index: -1\r\n006shadow1\r\n  rotate: false\r\n  xy: 2, 5\r\n  size: 65, 57\r\n  orig: 65, 57\r\n  offset: 0, 0\r\n  index: -1\r\n006shadow2\r\n  rotate: false\r\n  xy: 134, 19\r\n  size: 43, 43\r\n  orig: 43, 43\r\n  offset: 0, 0\r\n  index: -1\r\n006shadow3\r\n  rotate: false\r\n  xy: 328, 33\r\n  size: 30, 29\r\n  orig: 30, 29\r\n  offset: 0, 0\r\n  index: -1\r\n006shadow4\r\n  rotate: false\r\n  xy: 274, 2\r\n  size: 25, 33\r\n  orig: 25, 33\r\n  offset: 0, 0\r\n  index: -1\r\n006shadow5\r\n  rotate: false\r\n  xy: 328, 2\r\n  size: 30, 29\r\n  orig: 30, 29\r\n  offset: 0, 0\r\n  index: -1\r\n006shadow6\r\n  rotate: false\r\n  xy: 301, 2\r\n  size: 25, 33\r\n  orig: 25, 33\r\n  offset: 0, 0\r\n  index: -1\r\n",["enemy_006.png"],{"skeleton":{"hash":"DF2ofH4mYm/M2tGBkC49Jm96Mq4","spine":"3.6.53","width":93.2,"height":98.02,"images":"../images/"},"bones":[{"name":"root","scaleX":0.2,"scaleY":0.2},{"name":"006body","parent":"root","y":35.81},{"name":"006hand1","parent":"006body","length":87.44,"rotation":38.56,"x":113.51,"y":46.58},{"name":"006hand3","parent":"006hand1","length":89.98,"rotation":62.88,"x":103.22,"y":3.9},{"name":"006hand4","parent":"006body","length":89.46,"rotation":129.16,"x":-126.31,"y":37.66},{"name":"006hand5","parent":"006hand3","length":147.7,"rotation":4.32,"x":96.79,"y":2.82},{"name":"006hand6","parent":"006hand4","length":91.24,"rotation":-47.9,"x":105.37,"y":-4.01},{"name":"bone","parent":"006body","y":87.31}],"slots":[{"name":"004knifes","bone":"006hand5","attachment":"004knifes"},{"name":"006shadow6","bone":"006hand6","attachment":"006shadow6"},{"name":"006shadow5","bone":"006hand4","attachment":"006shadow5"},{"name":"006shadow4","bone":"006hand3","attachment":"006shadow4"},{"name":"006shadow3","bone":"006hand1","attachment":"006shadow3"},{"name":"006shadow2","bone":"bone","attachment":"006shadow2"},{"name":"006shadow1","bone":"006body","attachment":"006shadow1"},{"name":"004knife","bone":"006hand5","attachment":"004knife"},{"name":"006body","bone":"006body","attachment":"006body"},{"name":"006hand4","bone":"006hand6","attachment":"006hand4"},{"name":"006hand3","bone":"006hand4","attachment":"006hand3"},{"name":"006hand2","bone":"006hand3","attachment":"006hand2"},{"name":"006hand1","bone":"006hand1","attachment":"006hand1"},{"name":"006hat","bone":"bone","attachment":"006hat"}],"skins":{"default":{"004knife":{"004knife":{"x":128.45,"y":16.79,"rotation":-105.26,"width":125,"height":238}},"004knifes":{"004knifes":{"x":128.45,"y":16.79,"rotation":-105.26,"width":137,"height":250}},"006body":{"006body":{"x":0.5,"y":104.31,"width":316,"height":275}},"006hand1":{"006hand1":{"x":56.03,"y":6.15,"rotation":-38.56,"width":142,"height":137}},"006hand2":{"006hand2":{"x":50.73,"y":11.99,"rotation":-101.43,"width":119,"height":157}},"006hand3":{"006hand3":{"x":54.58,"y":-10.02,"rotation":-129.16,"width":141,"height":137}},"006hand4":{"006hand4":{"x":42.11,"y":-14.5,"rotation":-81.25,"width":119,"height":157}},"006hat":{"006hat":{"width":207,"height":207}},"006shadow1":{"006shadow1":{"x":0.5,"y":104.31,"width":324,"height":283}},"006shadow2":{"006shadow2":{"width":215,"height":215}},"006shadow3":{"006shadow3":{"x":56.03,"y":6.15,"rotation":-38.56,"width":150,"height":145}},"006shadow4":{"006shadow4":{"x":50.73,"y":11.99,"rotation":-101.43,"width":127,"height":165}},"006shadow5":{"006shadow5":{"x":54.58,"y":-10.02,"rotation":-129.16,"width":149,"height":145}},"006shadow6":{"006shadow6":{"x":42.11,"y":-14.5,"rotation":-81.25,"width":127,"height":165}}}},"events":{"hit":{}},"animations":{"beaten":{"bones":{"006body":{"rotate":[{"time":0,"angle":3.83,"curve":[0.381,0.55,0.742,1]},{"time":0.3333,"angle":0,"curve":"stepped"},{"time":0.5,"angle":0,"curve":"stepped"},{"time":0.6667,"angle":0}]},"006hand4":{"rotate":[{"time":0,"angle":37.15,"curve":[0.381,0.55,0.742,1]},{"time":0.3333,"angle":-22.7},{"time":0.5,"angle":6.99},{"time":0.6667,"angle":0}],"translate":[{"time":0,"x":-0.8,"y":-11.97},{"time":0.3333,"x":10.13,"y":12.15},{"time":0.5,"x":0,"y":0,"curve":"stepped"},{"time":0.6667,"x":0,"y":0}]},"006hand6":{"rotate":[{"time":0,"angle":-24.45,"curve":[0.344,0.37,0.68,0.71]},{"time":0.1,"angle":-1.96,"curve":[0.376,0.61,0.718,1]},{"time":0.3333,"angle":-5.59},{"time":0.5,"angle":0.75},{"time":0.6667,"angle":-5.59}]},"006hand1":{"rotate":[{"time":0,"angle":-34.21,"curve":[0.304,0.23,0.648,0.6]},{"time":0.3333,"angle":31.51},{"time":0.5,"angle":-5.94},{"time":0.6667,"angle":0}],"translate":[{"time":0,"x":-1.12,"y":-16.76},{"time":0.3333,"x":2.02,"y":14.18},{"time":0.5,"x":0,"y":0,"curve":"stepped"},{"time":0.6667,"x":0,"y":0}]},"006hand3":{"rotate":[{"time":0,"angle":-28.8},{"time":0.2,"angle":-18.64},{"time":0.3333,"angle":-6.64},{"time":0.5,"angle":-12.52},{"time":0.6667,"angle":-6.64}]},"bone":{"translate":[{"time":0,"x":5.37,"y":1.82},{"time":0.1,"x":-5.33,"y":0.36},{"time":0.3333,"x":0,"y":0,"curve":"stepped"},{"time":0.5,"x":0,"y":0,"curve":"stepped"},{"time":0.6667,"x":0,"y":0}]},"006hand5":{"rotate":[{"time":0,"angle":-23.4},{"time":0.3333,"angle":-2.16},{"time":0.5,"angle":-2.85},{"time":0.6667,"angle":0}]}}},"beaten2":{"bones":{"006body":{"rotate":[{"time":0,"angle":3.83}]},"006hand4":{"rotate":[{"time":0,"angle":37.15}],"translate":[{"time":0,"x":-0.8,"y":-11.97}]},"006hand6":{"rotate":[{"time":0,"angle":-24.45}]},"006hand1":{"rotate":[{"time":0,"angle":-34.21}],"translate":[{"time":0,"x":-1.12,"y":-16.76}]},"006hand3":{"rotate":[{"time":0,"angle":-28.8}]},"bone":{"translate":[{"time":0,"x":5.37,"y":1.82}]},"006hand5":{"rotate":[{"time":0,"angle":-23.4}]}}},"dead":{"slots":{"004knife":{"attachment":[{"time":0,"name":null}]},"004knifes":{"attachment":[{"time":0,"name":null}]},"006body":{"color":[{"time":0.1,"color":"ffffffff"},{"time":0.1667,"color":"ffffff00"}]},"006hand1":{"color":[{"time":0.1,"color":"ffffffff"},{"time":0.1667,"color":"ffffff00"}]},"006hand2":{"color":[{"time":0.1,"color":"ffffffff"},{"time":0.1667,"color":"ffffff00"}]},"006hand3":{"color":[{"time":0.1,"color":"ffffffff"},{"time":0.1667,"color":"ffffff00"}]},"006hand4":{"color":[{"time":0.1,"color":"ffffffff"},{"time":0.1667,"color":"ffffff00"}]},"006hat":{"color":[{"time":0.1,"color":"ffffffff"},{"time":0.1667,"color":"ffffff00"}]},"006shadow1":{"color":[{"time":0.1,"color":"ffffffff"},{"time":0.1667,"color":"ffffff00"}]},"006shadow2":{"color":[{"time":0.1,"color":"ffffffff"},{"time":0.1667,"color":"ffffff00"}]},"006shadow3":{"color":[{"time":0.1,"color":"ffffffff"},{"time":0.1667,"color":"ffffff00"}]},"006shadow4":{"color":[{"time":0.1,"color":"ffffffff"},{"time":0.1667,"color":"ffffff00"}]},"006shadow5":{"color":[{"time":0.1,"color":"ffffffff"},{"time":0.1667,"color":"ffffff00"}]},"006shadow6":{"color":[{"time":0.1,"color":"ffffffff"},{"time":0.1667,"color":"ffffff00"}]}},"bones":{"bone":{"rotate":[{"time":0,"angle":0},{"time":0.1667,"angle":83.62}],"translate":[{"time":0,"x":0,"y":0},{"time":0.1667,"x":56.27,"y":-380.12}]},"006body":{"rotate":[{"time":0,"angle":0}],"translate":[{"time":0,"x":0,"y":0},{"time":0.1667,"x":0,"y":-116.51}]},"006hand6":{"rotate":[{"time":0,"angle":0},{"time":0.1667,"angle":164.29}],"translate":[{"time":0,"x":0,"y":0},{"time":0.1667,"x":102.61,"y":-189.04}]},"006hand4":{"rotate":[{"time":0,"angle":0}],"translate":[{"time":0,"x":0,"y":0},{"time":0.1667,"x":-120.48,"y":-211.69}]},"006hand3":{"rotate":[{"time":0,"angle":0},{"time":0.1667,"angle":-146.05}],"translate":[{"time":0,"x":0,"y":0},{"time":0.1667,"x":57.44,"y":90.15}]},"006hand1":{"rotate":[{"time":0,"angle":0}],"translate":[{"time":0,"x":0,"y":0},{"time":0.1667,"x":117.33,"y":-146.01}]},"006hand5":{"translate":[{"time":0,"x":0,"y":0},{"time":0.1667,"x":64.93,"y":-142.8}]}}},"stand":{"bones":{"006hand4":{"rotate":[{"time":0,"angle":0}],"translate":[{"time":0,"x":0,"y":0}]},"006hand6":{"rotate":[{"time":0,"angle":0}],"translate":[{"time":0,"x":0,"y":0}]},"006body":{"rotate":[{"time":0,"angle":0}]},"006hand1":{"rotate":[{"time":0,"angle":0}]},"006hand3":{"rotate":[{"time":0,"angle":0}]},"bone":{"translate":[{"time":0,"x":0,"y":0}]}}},"strike":{"bones":{"006hand4":{"rotate":[{"time":0,"angle":0},{"time":0.0667,"angle":-9.32},{"time":0.2667,"angle":17.15},{"time":0.3,"angle":45.1},{"time":0.4,"angle":49.14},{"time":0.7333,"angle":45.1},{"time":0.8333,"angle":0}],"translate":[{"time":0,"x":0,"y":0},{"time":0.2667,"x":5.96,"y":-9.93,"curve":"stepped"},{"time":0.3,"x":5.96,"y":-9.93,"curve":"stepped"},{"time":0.7333,"x":5.96,"y":-9.93},{"time":0.8333,"x":0,"y":0}]},"006hand6":{"rotate":[{"time":0,"angle":0},{"time":0.1,"angle":-20.56},{"time":0.3,"angle":-48.6,"curve":"stepped"},{"time":0.7333,"angle":-48.6},{"time":0.8333,"angle":0}],"translate":[{"time":0,"x":0,"y":0,"curve":"stepped"},{"time":0.1,"x":0,"y":0},{"time":0.3,"x":-17.11,"y":5.56,"curve":"stepped"},{"time":0.7333,"x":-17.11,"y":5.56},{"time":0.8333,"x":0,"y":0}]},"006body":{"rotate":[{"time":0,"angle":0},{"time":0.1,"angle":-9.35},{"time":0.1667,"angle":-12.34},{"time":0.2667,"angle":-16.72},{"time":0.3,"angle":17.39},{"time":0.4,"angle":30.38},{"time":0.5333,"angle":17.96},{"time":0.7333,"angle":15.58},{"time":0.8333,"angle":0}]},"006hand1":{"rotate":[{"time":0,"angle":0},{"time":0.1,"angle":-1.98},{"time":0.2,"angle":-43.01},{"time":0.2667,"angle":-40.06},{"time":0.3,"angle":49.74},{"time":0.7333,"angle":48.22},{"time":0.8333,"angle":0}],"scale":[{"time":0.2667,"x":1,"y":1},{"time":0.3,"x":1.174,"y":1,"curve":"stepped"},{"time":0.7333,"x":1.174,"y":1},{"time":0.8333,"x":1,"y":1}]},"006hand3":{"rotate":[{"time":0,"angle":0,"curve":"stepped"},{"time":0.1,"angle":0},{"time":0.1667,"angle":-57.11},{"time":0.2,"angle":-3.39},{"time":0.2667,"angle":0},{"time":0.3,"angle":-61.23,"curve":"stepped"},{"time":0.7333,"angle":-61.23},{"time":0.8333,"angle":0}]},"bone":{"translate":[{"time":0,"x":0,"y":0,"curve":[0.25,0,0.75,1]},{"time":0.1,"x":-3.18,"y":-0.23,"curve":[0.25,0,0.75,1]},{"time":0.3333,"x":0,"y":0,"curve":[0.25,0,0.75,1]},{"time":0.4333,"x":4.02,"y":-3.05},{"time":0.8333,"x":0,"y":0}]}},"events":[{"time":0.3,"name":"hit"}]},"walk":{"bones":{"006body":{"rotate":[{"time":0,"angle":0,"curve":[0.25,0,0.75,1]},{"time":0.1667,"angle":5,"curve":[0.25,0,0.75,1]},{"time":0.2667,"angle":6,"curve":[0.25,0,0.75,1]},{"time":0.6333,"angle":-5,"curve":[0.25,0,0.75,1]},{"time":0.7667,"angle":-6,"curve":[0.25,0,0.75,1]},{"time":1,"angle":0}]},"006hand4":{"rotate":[{"time":0,"angle":0,"curve":[0.25,0,0.75,1]},{"time":0.2333,"angle":3.59,"curve":[0.25,0,0.75,1]},{"time":0.3667,"angle":4.04,"curve":[0.25,0,0.75,1]},{"time":0.6667,"angle":-9.38,"curve":[0.25,0,0.75,1]},{"time":0.8333,"angle":-10.49,"curve":[0.25,0,0.75,1]},{"time":1,"angle":-1.41}]},"006hand6":{"rotate":[{"time":0,"angle":-5.59,"curve":[0.32,0.29,0.757,1]},{"time":0.1333,"angle":0,"curve":[0.25,0,0.75,1]},{"time":0.3667,"angle":2.77,"curve":[0.25,0,0.75,1]},{"time":0.5,"angle":4,"curve":[0.25,0,0.75,1]},{"time":0.8333,"angle":-5.62,"curve":[0.25,0,0.75,1]},{"time":0.9667,"angle":-6.43,"curve":[0.284,0,0.625,0.38]},{"time":1,"angle":-5.59}]},"006hand1":{"rotate":[{"time":0,"angle":0,"curve":[0.255,0,0.62,0.47]},{"time":0.2667,"angle":6.16,"curve":[0.25,0,0.75,1]},{"time":0.4333,"angle":11.94,"curve":[0.25,0,0.75,1]},{"time":0.8,"angle":-0.64},{"time":1,"angle":0}]},"006hand3":{"rotate":[{"time":0,"angle":-6.64},{"time":0.1667,"angle":0},{"time":0.4333,"angle":0.84},{"time":0.6,"angle":4.37},{"time":0.9667,"angle":-7.97},{"time":1,"angle":-6.64}]},"bone":{"rotate":[{"time":0,"angle":0},{"time":0.0667,"angle":-0.92},{"time":0.3,"angle":1.65},{"time":0.4333,"angle":2.09},{"time":0.7667,"angle":-0.06},{"time":1,"angle":0}]}}}}},[0]]],0,0,[0],[-1],[0]],[[[2,"enemy6"],[3,"enemy6",1,[-7],[[5,28,-2],[6,-3,[5,70,35]],[7,-4],[8,-6,-5]],[0,"8f90PNcZdMUp0MuK5Satni",-1]],[4,"ske",1,1,[-8],[0,"29WqxnLoVEz6vAb2srRBXS",1],[5,93.2,98.02],[0,-27,0,0,0,0,1,1,1,1]],[9,"walk",1,1,"walk",true,2,[0]]],0,[0,1,1,0,0,1,0,0,1,0,0,1,0,2,3,0,0,1,0,-1,2,0,-1,3,0,3,1,8],[0,3],[-1,4],[1,2]]]]