[1,["87R31epFVH3ae3WQqK3Cau"],0,[["sp.SkeletonData",["_name","_atlasText","textureNames","_skeletonJson","textures"],-1,3]],[[0,0,1,2,3,4,5]],[[0,"loading","\nloading.png\nsize: 295,234\nformat: RGBA8888\nfilter: Linear,Linear\nrepeat: none\nloading/1\n  rotate: false\n  xy: 116, 1\n  size: 116, 124\n  orig: 116, 124\n  offset: 0, 0\n  index: -1\nloading/tx2\n  rotate: false\n  xy: 1, 1\n  size: 113, 141\n  orig: 113, 141\n  offset: 0, 0\n  index: -1\nloading/tx3\n  rotate: false\n  xy: 1, 144\n  size: 45, 88\n  orig: 45, 88\n  offset: 0, 0\n  index: -1\nloading/tx1\n  rotate: false\n  xy: 116, 127\n  size: 101, 98\n  orig: 101, 98\n  offset: 0, 0\n  index: -1\nloading/2\n  rotate: false\n  xy: 234, 1\n  size: 59, 180\n  orig: 59, 180\n  offset: 0, 0\n  index: -1\n",["loading.png"],{"skeleton":{"width":196,"height":288.46,"fps":24,"hash":" ","name":"Armatureloading"},"bones":[{"y":-180.5163,"name":"root"},{"x":-40,"y":187.6663,"name":"1","parent":"root"},{"x":65,"y":147.7163,"name":"2","parent":"root"},{"x":-37.6086,"y":345.7741,"name":"tx1","parent":"root"}],"slots":[{"name":"1","bone":"1","attachment":"loading/1"},{"name":"tx1","bone":"tx1","blend":"additive","attachment":"loading/tx1"},{"name":"2","bone":"2","attachment":"loading/2"}],"skins":{"default":{"1":{"loading/1":{"name":"loading/1","width":116,"height":124,"x":-4,"y":-3.17}},"2":{"loading/2":{"name":"loading/2","width":59,"height":180,"x":-0.5,"y":52.78}},"tx1":{"loading/tx1":{"name":"loading/tx1","width":101,"height":98,"x":-5.38,"y":4.19},"loading/tx3":{"name":"loading/tx3","width":45,"height":88,"x":-70.83,"y":-12.09},"loading/tx2":{"name":"loading/tx2","width":113,"height":141,"x":-24.89,"y":18.23}}}},"animations":{"action":{"bones":{"1":{"translate":[{"time":0,"x":15.46,"y":-12.49},{"time":0.1667,"x":34.33,"y":-4.21},{"time":0.2084,"x":30.54,"y":-7.87},{"time":0.2501,"x":20.43,"y":-7.81},{"time":0.3334,"x":20.43,"y":-7.81},{"time":0.4584,"x":17.81,"y":-10.28},{"time":0.5834,"x":15.46,"y":-12.49}],"rotate":[{"time":0,"angle":13.25},{"time":0.1667,"angle":15.95},{"time":0.25,"angle":18.7},{"time":0.3333,"angle":16.23},{"time":0.5833,"angle":13.25}],"scale":[{"time":0,"x":0.98,"y":0.98},{"time":0.1667,"x":1.12,"y":1.12},{"time":0.25,"x":1.05,"y":1.05},{"time":0.3333,"x":1.12,"y":1.12},{"time":0.4166,"x":1.12,"y":1.12},{"time":0.5833,"x":0.98,"y":0.98}],"shear":[{"time":0},{"time":0.1667},{"time":0.25},{"time":0.3333},{"time":0.5833}]},"2":{"translate":[{"time":0,"x":19.89,"y":10.02},{"time":0.1667,"x":-15.58,"y":12.03},{"time":0.2084,"x":-15.58,"y":12.03},{"time":0.3334,"x":-11.51,"y":11.22},{"time":0.5834,"x":19.89,"y":10.02}],"rotate":[{"time":0,"angle":-25.76},{"time":0.1667,"angle":43.46},{"time":0.2084,"angle":36.48},{"time":0.2917,"angle":41.5},{"time":0.4167,"angle":37.37},{"time":0.5834,"angle":0}],"scale":[{"time":0,"x":1.05,"y":1.05},{"time":0.1667,"x":0.94,"y":0.94},{"time":0.3334,"x":0.94,"y":0.94},{"time":0.5834,"x":1.05,"y":1.05}],"shear":[{"time":0},{"time":0.1667},{"time":0.2084},{"time":0.2917},{"time":0.4167},{"time":0.5834}]},"tx1":{"translate":[{"time":0},{"time":0.1667,"x":31.27,"y":-145.61}],"scale":[{"time":0,"x":1,"y":1},{"time":0.1667,"x":1.18,"y":1.18},{"time":0.3334,"x":1.24,"y":1.24}]}},"slots":{"1":{"color":[{"time":0,"color":"EDEDEDFF"},{"time":0.1667,"color":"FFFFFFFF"},{"time":0.3334,"color":"FFFFFFFF"},{"time":0.5834,"color":"EDEDEDFF"}]},"tx1":{"attachment":[{"time":0,"name":""},{"time":0.1667,"name":"loading/tx1"},{"time":0.2084,"name":"loading/tx2"},{"time":0.2501,"name":"loading/tx3"},{"time":0.3334,"name":""}]}}}}},[0]]],0,0,[0],[-1],[0]]