[1,["7ctamhsthGYbvtFjsuFo41","d6dMCDrlJLeId+eMySdLZ1"],["node","root","data","_N$skeletonData"],[["cc.Prefab",["_name"],2],["cc.Node",["_name","_groupIndex","_components","_prefab","_contentSize","_trs"],1,9,4,5,7],["be6a0BnFzlAN4b+ds0fdb/L",["node"],3,1],["sp.Skeleton",["defaultAnimation","_preCacheMode","_cacheMode","_animationName","_N$enableBatch","node","_N$skeletonData"],-2,1,6],["cc.PolygonCollider",["node","_offset","points"],3,1,5,12],["cc.PrefabInfo",["fileId","root"],2,1],["sp.SkeletonData",["_name","_atlasText","textureNames","_skeletonJson","textures"],-1,3]],[[0,0,2],[1,0,1,2,3,4,5,3],[2,0,1],[3,0,1,2,3,4,5,6,6],[4,0,1,2,1],[5,0,1,2],[6,0,1,2,3,4,5]],[[[[0,"bullet2"],[1,"bullet2",2,[[2,-2],[3,"animation",1,1,"animation",true,-3,0],[4,-4,[0,1,1],[[[0,12,3],[0,24,45],[0,36.5,99.1],[0,65.5,201.7],[0,62,278.9],[0,28.9,343],[0,-4.6,363.4],[0,-41.4,326.2],[0,-58.1,271.8],[0,-56.6,155.1],[0,-9,5]],8,8,8,8,8,8,8,8,8,8,8]]],[5,"d8eApu9uNAj4SlbXyoHHR1",-1],[5,173.2,485.6],[141,149,0,0,0,0,1,1,1,1]]],0,[0,1,1,0,0,1,0,0,1,0,0,1,0,2,1,4],[0],[3],[0]],[[[6,"biubiu_002","\r\nbiubiu_002.png\r\nsize: 1024,1024\r\nformat: RGBA8888\r\nfilter: Linear,Linear\r\nrepeat: none\r\n0021\r\n  rotate: true\r\n  xy: 376, 391\r\n  size: 130, 364\r\n  orig: 130, 364\r\n  offset: 0, 0\r\n  index: -1\r\n00210\r\n  rotate: false\r\n  xy: 562, 52\r\n  size: 194, 337\r\n  orig: 194, 337\r\n  offset: 0, 0\r\n  index: -1\r\n0022\r\n  rotate: false\r\n  xy: 198, 3\r\n  size: 166, 427\r\n  orig: 166, 427\r\n  offset: 0, 0\r\n  index: -1\r\n0023\r\n  rotate: false\r\n  xy: 198, 432\r\n  size: 176, 428\r\n  orig: 176, 428\r\n  offset: 0, 0\r\n  index: -1\r\n0024\r\n  rotate: false\r\n  xy: 2, 432\r\n  size: 194, 428\r\n  orig: 194, 428\r\n  offset: 0, 0\r\n  index: -1\r\n0025\r\n  rotate: false\r\n  xy: 2, 2\r\n  size: 194, 428\r\n  orig: 194, 428\r\n  offset: 0, 0\r\n  index: -1\r\n0026\r\n  rotate: false\r\n  xy: 376, 523\r\n  size: 194, 337\r\n  orig: 194, 337\r\n  offset: 0, 0\r\n  index: -1\r\n0027\r\n  rotate: false\r\n  xy: 572, 523\r\n  size: 194, 337\r\n  orig: 194, 337\r\n  offset: 0, 0\r\n  index: -1\r\n0028\r\n  rotate: false\r\n  xy: 768, 523\r\n  size: 194, 337\r\n  orig: 194, 337\r\n  offset: 0, 0\r\n  index: -1\r\n0029\r\n  rotate: false\r\n  xy: 366, 52\r\n  size: 194, 337\r\n  orig: 194, 337\r\n  offset: 0, 0\r\n  index: -1\r\n",["biubiu_002.png"],{"skeleton":{"hash":"iF8FIZFATVyQzVeQewZ29maqXoU","spine":"3.6.53","width":173.2,"height":485.6,"images":"./images/"},"bones":[{"name":"root","scaleX":0.3,"scaleY":0.3},{"name":"bone","parent":"root","x":1.32,"y":-17.21},{"name":"bone2","parent":"root","x":1.32,"y":-17.21},{"name":"bone3","parent":"root","x":1.32,"y":-17.21},{"name":"bone4","parent":"root","x":1.32,"y":-17.21},{"name":"bone5","parent":"root","x":1.32,"y":-17.21},{"name":"bone6","parent":"root","x":1.32,"y":-17.21},{"name":"bone7","parent":"root","x":1.32,"y":-17.21},{"name":"bone8","parent":"root","x":1.32,"y":-17.21},{"name":"bone9","parent":"root","x":1.32,"y":-17.21},{"name":"bone10","parent":"root","x":1.32,"y":-17.21}],"slots":[{"name":"0021","bone":"bone","attachment":"0021"},{"name":"0022","bone":"bone2"},{"name":"0023","bone":"bone3"},{"name":"0024","bone":"bone4"},{"name":"0025","bone":"bone5"},{"name":"0026","bone":"bone6"},{"name":"0027","bone":"bone7"},{"name":"0028","bone":"bone8"},{"name":"0029","bone":"bone9"},{"name":"00210","bone":"bone10"}],"skins":{"default":{"0021":{"0021":{"type":"mesh","hull":4,"width":433,"height":1214,"uvs":[1,1,0,1,0,0,1,0],"triangles":[1,2,3,1,3,0],"vertices":[224.12,3,-208.88,3,-208.88,1217,224.12,1217],"edges":[0,2,2,4,4,6,0,6]}},"00210":{"00210":{"type":"mesh","hull":4,"width":646,"height":1122,"uvs":[1,1,0,1,0,0,1,0],"triangles":[1,2,3,1,3,0],"vertices":[318.12,320,-327.88,320,-327.88,1442,318.12,1442],"edges":[0,2,2,4,4,6,0,6]}},"0022":{"0022":{"type":"mesh","hull":4,"width":553,"height":1424,"uvs":[1,1,0,1,0,0,1,0],"triangles":[1,2,3,1,3,0],"vertices":[268.12,0,-284.88,0,-284.88,1424,268.12,1424],"edges":[0,2,2,4,4,6,0,6]}},"0023":{"0023":{"type":"mesh","hull":4,"width":588,"height":1426,"uvs":[1,1,0,1,0,0,1,0],"triangles":[1,2,3,1,3,0],"vertices":[288.12,0,-299.88,0,-299.88,1426,288.12,1426],"edges":[0,2,2,4,4,6,0,6]}},"0024":{"0024":{"type":"mesh","hull":4,"width":646,"height":1426,"uvs":[1,1,0,1,0,0,1,0],"triangles":[1,2,3,1,3,0],"vertices":[318.12,16,-327.88,16,-327.88,1442,318.12,1442],"edges":[0,2,2,4,4,6,0,6]}},"0025":{"0025":{"type":"mesh","hull":4,"width":646,"height":1426,"uvs":[1,1,0,1,0,0,1,0],"triangles":[1,2,3,1,3,0],"vertices":[318.12,16,-327.88,16,-327.88,1442,318.12,1442],"edges":[0,2,2,4,4,6,0,6]}},"0026":{"0026":{"type":"mesh","hull":4,"width":646,"height":1122,"uvs":[1,1,0,1,0,0,1,0],"triangles":[1,2,3,1,3,0],"vertices":[318.12,320,-327.88,320,-327.88,1442,318.12,1442],"edges":[0,2,2,4,4,6,0,6]}},"0027":{"0027":{"type":"mesh","hull":4,"width":646,"height":1122,"uvs":[1,1,0,1,0,0,1,0],"triangles":[1,2,3,1,3,0],"vertices":[318.12,320,-327.88,320,-327.88,1442,318.12,1442],"edges":[0,2,2,4,4,6,0,6]}},"0028":{"0028":{"type":"mesh","hull":4,"width":646,"height":1122,"uvs":[1,1,0,1,0,0,1,0],"triangles":[1,2,3,1,3,0],"vertices":[318.12,320,-327.88,320,-327.88,1442,318.12,1442],"edges":[0,2,2,4,4,6,0,6]}},"0029":{"0029":{"type":"mesh","hull":4,"width":646,"height":1122,"uvs":[1,1,0,1,0,0,1,0],"triangles":[1,2,3,1,3,0],"vertices":[318.12,320,-327.88,320,-327.88,1442,318.12,1442],"edges":[0,2,2,4,4,6,0,6]}}}},"animations":{"animation":{"slots":{"0021":{"attachment":[{"time":0,"name":"0021"},{"time":0.0333,"name":null}]},"0022":{"attachment":[{"time":0.0333,"name":"0022"},{"time":0.0667,"name":null}]},"0023":{"attachment":[{"time":0.0667,"name":"0023"},{"time":0.1,"name":null}]},"0024":{"attachment":[{"time":0.1,"name":"0024"},{"time":0.1333,"name":null}]},"0025":{"attachment":[{"time":0.1333,"name":"0025"},{"time":0.1667,"name":null}]},"0026":{"attachment":[{"time":0.1667,"name":"0026"},{"time":0.2333,"name":null}]},"0027":{"attachment":[{"time":0.2333,"name":"0027"},{"time":0.3,"name":null}]},"0028":{"attachment":[{"time":0.3,"name":"0028"},{"time":0.3667,"name":null}]},"0029":{"attachment":[{"time":0.3667,"name":"0029"},{"time":0.4,"name":null}]},"00210":{"color":[{"time":0.4,"color":"ffffffff"},{"time":0.5333,"color":"ffffff00"}],"attachment":[{"time":0.4,"name":"00210"}]}}}}},[0]]],0,0,[0],[-1],[1]]]]