[1,["8cUlRJ2KBPxoFoUr0qS4/r"],0,[["sp.SkeletonData",["_name","_atlasText","textureNames","_skeletonJson","textures"],-1,3]],[[0,0,1,2,3,4,5]],[[0,"siwang","\nsiwang.png\nsize: 115,180\nformat: RGBA8888\nfilter: Linear,Linear\nrepeat: none\nsiwang/yan\n  rotate: false\n  xy: 67, 1\n  size: 43, 37\n  orig: 43, 37\n  offset: 0, 0\n  index: -1\nsiwang/yeti\n  rotate: false\n  xy: 1, 1\n  size: 64, 62\n  orig: 64, 62\n  offset: 0, 0\n  index: -1\nsiwang/guanghuan2\n  rotate: false\n  xy: 67, 40\n  size: 38, 22\n  orig: 38, 22\n  offset: 0, 0\n  index: -1\nsiwang/guanghuan3\n  rotate: false\n  xy: 35, 142\n  size: 36, 19\n  orig: 36, 19\n  offset: 0, 0\n  index: -1\nsiwang/guanghuan1\n  rotate: false\n  xy: 35, 116\n  size: 42, 24\n  orig: 42, 24\n  offset: 0, 0\n  index: -1\nsiwang/weiba2\n  rotate: false\n  xy: 79, 116\n  size: 33, 30\n  orig: 33, 30\n  offset: 0, 0\n  index: -1\nsiwang/weiba3\n  rotate: false\n  xy: 1, 149\n  size: 21, 29\n  orig: 21, 29\n  offset: 0, 0\n  index: -1\nsiwang/weiba1\n  rotate: false\n  xy: 1, 65\n  size: 61, 48\n  orig: 61, 48\n  offset: 0, 0\n  index: -1\nsiwang/naodai1\n  rotate: false\n  xy: 64, 65\n  size: 49, 49\n  orig: 49, 49\n  offset: 0, 0\n  index: -1\nsiwang/guangdian\n  rotate: false\n  xy: 1, 115\n  size: 32, 32\n  orig: 32, 32\n  offset: 0, 0\n  index: -1\nsiwang/bao\n  rotate: false\n  xy: 73, 148\n  size: 21, 24\n  orig: 21, 24\n  offset: 0, 0\n  index: -1\n",["siwang.png"],{"skeleton":{"width":43,"height":41.5,"fps":24,"hash":" ","name":"Armature"},"bones":[{"y":25.8684,"name":"root"},{"y":-39.9153,"name":"bao","parent":"root"},{"x":-26.25,"y":-17.7725,"name":"yeti","parent":"root"},{"x":-3.6888,"y":14.7861,"name":"naodai1","parent":"root"},{"x":37.5,"y":105.15,"name":"guangdian","parent":"root"},{"x":1.4236,"y":-37.5179,"name":"yan","parent":"root"},{"x":-27.28,"y":-36.9739,"name":"yan1","parent":"root"},{"x":26.3858,"y":-36.4869,"name":"yan11","parent":"root"},{"x":8.4654,"y":-29.418,"rotation":-0.3718,"name":"yeti1","parent":"root"},{"x":34.0525,"y":-37.0101,"rotation":-47.5599,"name":"yeti2","parent":"root"},{"x":34.0525,"y":-37.0101,"rotation":-47.5599,"scaleY":-1,"name":"yeti21","parent":"root"},{"x":-15.6245,"y":-25.2103,"name":"yeti3","parent":"root"},{"x":37.5,"y":105.15,"name":"guangdian1","parent":"root"},{"x":37.5,"y":105.15,"name":"guangdian11","parent":"root"},{"x":37.5,"y":105.15,"name":"guangdian111","parent":"root"},{"x":2.5765,"y":-21.7594,"name":"guangdian2","parent":"root"},{"x":1.6146,"y":12.2319,"scaleX":1.3444,"scaleY":0.8723,"name":"guanghuan1","parent":"naodai1"},{"x":1.8387,"y":-29.4116,"name":"weiba3","parent":"naodai1"}],"slots":[{"name":"yan11","bone":"yan11"},{"name":"yeti","bone":"yeti"},{"name":"guanghuan1","bone":"guanghuan1","blend":"additive"},{"name":"weiba3","bone":"weiba3"},{"name":"naodai1","bone":"naodai1"},{"name":"yan1","bone":"yan1"},{"name":"guangdian","bone":"guangdian","blend":"additive"},{"name":"yan","bone":"yan","attachment":"siwang/yan"},{"name":"bao","bone":"bao","color":"FA3030FF","blend":"additive","attachment":"siwang/bao"},{"name":"yeti1","bone":"yeti1"},{"name":"yeti2","bone":"yeti2"},{"name":"yeti21","bone":"yeti21"},{"name":"yeti3","bone":"yeti3"},{"name":"guangdian1","bone":"guangdian1","blend":"additive"},{"name":"guangdian11","bone":"guangdian11","blend":"additive"},{"name":"guangdian111","bone":"guangdian111","blend":"additive"},{"name":"guangdian2","bone":"guangdian2","blend":"additive"}],"skins":{"default":{"weiba3":{"siwang/weiba3":{"name":"siwang/weiba3","width":21,"height":29,"x":-1.11,"y":-9.99},"siwang/weiba1":{"name":"siwang/weiba1","width":61,"height":48,"x":13.74,"y":2.89},"siwang/weiba2":{"name":"siwang/weiba2","width":33,"height":30,"x":-0.19,"y":-7.49}},"yeti3":{"siwang/yeti":{"name":"siwang/yeti","width":64,"height":62,"x":2.25,"y":0.7}},"yan1":{"siwang/yan":{"name":"siwang/yan","width":43,"height":37,"x":5.43,"y":6.69,"scaleY":0.8052}},"guangdian11":{"siwang/guangdian":{"name":"siwang/guangdian","width":32,"height":32,"x":0.5,"y":-0.15}},"yan":{"siwang/yan":{"name":"siwang/yan","width":43,"height":37,"x":1.83,"y":13.43}},"yan11":{"siwang/yan":{"name":"siwang/yan","width":43,"height":37,"x":-2.07,"y":6.2,"scaleY":0.8052}},"yeti1":{"siwang/yeti":{"name":"siwang/yeti","width":64,"height":62,"x":2.25,"y":0.7}},"guanghuan1":{"siwang/guanghuan1":{"name":"siwang/guanghuan1","width":42,"height":24,"x":0.35,"y":-0.45},"siwang/guanghuan2":{"name":"siwang/guanghuan2","width":38,"height":22,"x":1.16,"y":-0.43},"siwang/guanghuan3":{"name":"siwang/guanghuan3","width":36,"height":19,"x":0.59,"y":-1.31}},"yeti21":{"siwang/yeti":{"name":"siwang/yeti","width":64,"height":62,"x":2.25,"y":0.7}},"naodai1":{"siwang/naodai1":{"name":"siwang/naodai1","width":49,"height":49,"x":0.65,"y":-11.4}},"guangdian1":{"siwang/guangdian":{"name":"siwang/guangdian","width":32,"height":32,"x":0.5,"y":-0.15}},"guangdian":{"siwang/guangdian":{"name":"siwang/guangdian","width":32,"height":32,"x":0.5,"y":-0.15}},"guangdian111":{"siwang/guangdian":{"name":"siwang/guangdian","width":32,"height":32,"x":0.5,"y":-0.15}},"bao":{"siwang/bao":{"name":"siwang/bao","width":21,"height":24,"x":-1.5,"y":26.83,"scaleX":2.5145,"scaleY":2.5145}},"guangdian2":{"siwang/guangdian":{"name":"siwang/guangdian","width":32,"height":32,"x":0.5,"y":-0.15}},"yeti":{"siwang/yeti":{"name":"siwang/yeti","width":64,"height":62,"x":2.25,"y":0.7}},"yeti2":{"siwang/yeti":{"name":"siwang/yeti","width":64,"height":62,"x":2.25,"y":0.7}}}},"animations":{"siwang":{"bones":{"bao":{"translate":[{"time":0},{"time":0.125,"y":1.2}],"scale":[{"time":0,"x":1,"y":0.7},{"time":0.125,"x":1,"y":1.86}]},"yeti":{"translate":[{"time":0,"curve":"stepped"},{"time":0.125,"x":0.91,"y":-6.71},{"time":0.5,"x":0.91,"y":89.74},{"time":0.875,"x":0.91,"y":122.66}],"scale":[{"time":0,"curve":"stepped","x":1,"y":1},{"time":0.125,"x":0.57,"y":0.57},{"time":0.5,"x":1.41,"y":2.45},{"time":0.625,"x":1.45,"y":1.33},{"time":0.75,"x":2.58,"y":2.45},{"time":0.875,"x":1.01,"y":1.01}]},"naodai1":{"translate":[{"time":0,"curve":"stepped"},{"time":0.25,"y":-29.72},{"time":0.625,"y":18.03},{"time":1,"x":-5.94,"y":70.28},{"time":1.375,"x":0.96,"y":104.42},{"time":1.7083,"x":7.68,"y":120}],"scale":[{"time":0,"curve":"stepped","x":1,"y":1},{"time":0.25,"x":0.63,"y":0.42},{"time":0.625,"x":1.28,"y":1.02},{"time":0.875,"x":1.5,"y":1.49},{"time":1.125,"x":1.59,"y":1.49},{"time":1.375,"x":1.93,"y":1.93}]},"weiba3":{"scale":[{"time":0,"curve":"stepped","x":1,"y":1},{"time":0.4167,"curve":"stepped","x":1,"y":1},{"time":0.7917,"curve":"stepped","x":-1,"y":1},{"time":1.125,"curve":"stepped","x":1,"y":1},{"time":1.5,"x":-1,"y":1}]},"guanghuan1":{"translate":[{"time":0,"curve":"stepped"},{"time":0.6667},{"time":1.0417,"y":6.71}],"scale":[{"time":0,"curve":"stepped","x":1,"y":1},{"time":0.6667,"x":1,"y":1},{"time":1,"x":0.77,"y":0.77},{"time":1.0417,"x":1,"y":1}]},"guangdian":{"translate":[{"time":0,"curve":"stepped"},{"time":0.25,"x":-5.49,"y":-86.3},{"time":0.6667,"x":38.4,"y":5.1},{"time":1,"x":72.32,"y":-30.16}],"scale":[{"time":0,"curve":"stepped","x":1,"y":1},{"time":0.25,"x":1,"y":1},{"time":0.6667,"x":0.47,"y":0.47}]},"yan":{"translate":[{"time":0},{"time":0.25,"y":37.84},{"time":0.625,"y":95.27},{"time":1.0833,"y":131.61}],"scale":[{"time":0,"x":1,"y":1},{"time":0.25,"x":2.3,"y":3.15},{"time":0.5,"x":3.68,"y":3.25},{"time":1.0833,"x":4.06,"y":3.59}]},"yan1":{"translate":[{"time":0,"curve":"stepped"},{"time":0.125},{"time":0.375,"x":-21.34,"y":27.67},{"time":0.875,"x":-50.48,"y":96.78},{"time":1.0833,"x":-71.05,"y":125.74},{"time":1.375,"x":-71.01,"y":145.96}],"scale":[{"time":0,"curve":"stepped","x":1,"y":1},{"time":0.125,"x":1,"y":0.44},{"time":0.375,"x":2.3,"y":4.95},{"time":0.875,"x":3.53,"y":3.86},{"time":1.375,"x":2.92,"y":4.05}]},"yan11":{"translate":[{"time":0,"curve":"stepped"},{"time":0.125},{"time":0.375,"x":24.36,"y":27.67},{"time":0.875,"x":37.25,"y":50.13},{"time":1.0833,"x":47.72,"y":85.51},{"time":1.375,"x":47.72,"y":124.55}],"scale":[{"time":0,"curve":"stepped","x":1,"y":1},{"time":0.125,"x":1,"y":0.44},{"time":0.375,"x":2.3,"y":3.36},{"time":0.875,"x":3.53,"y":3.86},{"time":1.375,"x":4.11,"y":4.5}]},"yeti1":{"translate":[{"time":0,"curve":"stepped"},{"time":0.125,"x":0.91,"y":-6.71},{"time":0.3333,"x":0.91,"y":57.45},{"time":0.5,"x":0.91,"y":74.85}],"scale":[{"time":0,"curve":"stepped","x":1,"y":1},{"time":0.125,"x":1,"y":0.57},{"time":0.3333,"x":1.41,"y":2.45},{"time":0.4166,"x":1.54,"y":1.33},{"time":0.4999,"x":1.28,"y":1.43},{"time":0.6249,"x":1.01,"y":1.01}]},"yeti2":{"translate":[{"time":0,"curve":"stepped"},{"time":0.125,"x":0.91,"y":12.06},{"time":0.3333,"x":36.86,"y":78.29},{"time":0.625,"x":56.38,"y":28.9},{"time":0.75,"x":63.84,"y":4.58}],"rotate":[{"time":0,"curve":"stepped","angle":0},{"time":0.125,"angle":0},{"time":0.3333,"angle":-15.98},{"time":0.75,"angle":-56.02}],"scale":[{"time":0,"curve":"stepped","x":1,"y":1},{"time":0.125,"x":0.48,"y":0.83},{"time":0.25,"x":0.17,"y":0.56},{"time":0.3333,"x":0.94,"y":1.33},{"time":0.625,"x":0.63,"y":0.63},{"time":0.75,"x":0.47,"y":0.47}],"shear":[{"time":0,"curve":"stepped"},{"time":0.125},{"time":0.3333},{"time":0.75}]},"yeti21":{"translate":[{"time":0,"curve":"stepped"},{"time":0.125,"x":-49.13,"y":12.06},{"time":0.3333,"x":-93.91,"y":78.29},{"time":0.625,"x":-110.36,"y":113.42},{"time":0.875,"x":-126,"y":58.3}],"rotate":[{"time":0,"curve":"stepped","angle":0},{"time":0.125,"angle":0},{"time":0.875,"angle":75.32}],"scale":[{"time":0,"curve":"stepped","x":1,"y":1},{"time":0.125,"x":0.48,"y":0.83},{"time":0.3333,"x":0.94,"y":1.33},{"time":0.625,"x":1.43,"y":1.43},{"time":0.875,"x":0.47,"y":0.47}],"shear":[{"time":0,"curve":"stepped"},{"time":0.125},{"time":0.875}]},"yeti3":{"translate":[{"time":0,"x":35.55,"y":-10.96},{"time":0.375,"x":-3.34,"y":77.79},{"time":0.75,"x":0.91,"y":122.66}],"rotate":[{"time":0,"curve":"stepped","angle":0},{"time":0.375,"angle":-0.52}],"scale":[{"time":0,"x":0.57,"y":0.57},{"time":0.375,"x":0.44,"y":0.41},{"time":0.5,"x":1.45,"y":1.33},{"time":0.625,"x":2.7,"y":2.57},{"time":0.75,"x":1.01,"y":1.01}],"shear":[{"time":0,"curve":"stepped"},{"time":0.375}]},"guangdian1":{"translate":[{"time":0,"curve":"stepped"},{"time":0.25,"x":-64.64,"y":-123.95},{"time":0.5417,"x":-108.38,"y":-19.37},{"time":0.875,"x":-136.55,"y":-42.96},{"time":1.125,"x":-146.64,"y":-70.63}],"scale":[{"time":0,"curve":"stepped","x":1,"y":1},{"time":0.25,"x":0.26,"y":0.26},{"time":0.5417,"x":0.47,"y":0.47}]},"guangdian11":{"translate":[{"time":0,"curve":"stepped"},{"time":0.25,"x":-21.14,"y":-96.64},{"time":0.5,"x":-3.14,"y":-98.34},{"time":0.7917,"x":14.88,"y":-93.27},{"time":1,"x":22.96,"y":-110.81}],"scale":[{"time":0,"curve":"stepped","x":1,"y":1},{"time":0.25,"x":0.26,"y":0.26},{"time":0.6667,"x":0.47,"y":0.47}]},"guangdian111":{"translate":[{"time":0,"curve":"stepped"},{"time":0.5,"x":-54.59,"y":-126.58},{"time":0.75,"x":-57.23,"y":-98.34},{"time":1.0417,"x":-54.13,"y":-52.22},{"time":1.25,"x":-57.52,"y":56.01}],"scale":[{"time":0,"curve":"stepped","x":1,"y":1},{"time":0.5,"x":0.26,"y":0.26},{"time":0.9167,"x":0.47,"y":0.47},{"time":1.0417,"x":0.47,"y":1.04},{"time":1.25,"x":0.35,"y":0.35}]},"guangdian2":{"translate":[{"time":0,"x":-0.62,"y":-5.16},{"time":0.3333,"x":-0.62,"y":40.39},{"time":0.6666,"x":-0.62,"y":39.18}],"scale":[{"time":0,"x":1,"y":1},{"time":0.125,"x":0.79,"y":3.49},{"time":0.3333,"x":7.02,"y":7.02},{"time":0.6666,"x":1.38,"y":1.38}]}},"slots":{"bao":{"color":[{"time":0,"color":"FFFFFFFF"},{"time":0.125,"color":"FF4747FF"},{"time":0.25,"color":"FFFFFF00"}]},"guanghuan1":{"attachment":[{"time":0,"name":""},{"time":0.6667,"name":"siwang/guanghuan3"},{"time":0.7917,"name":"siwang/guanghuan2"},{"time":1,"name":"siwang/guanghuan1"},{"time":1.5,"name":"siwang/guanghuan2"},{"time":1.5833,"name":"siwang/guanghuan3"},{"time":1.7083,"name":""}],"color":[{"time":0,"curve":"stepped","color":"FFFFFFFF"},{"time":0.7917,"color":"FFFFFFFF"},{"time":1,"color":"FFFFFF75"},{"time":1.0417,"color":"FFFFFF8F"},{"time":1.5,"color":"FFDE63FF"},{"time":1.7083,"color":"FFFFFFFF"}]},"yan":{"color":[{"time":0,"color":"FFD400FF"},{"time":0.25,"color":"FFFFFFFF"},{"time":0.5,"color":"8F8F8FFF"},{"time":1.0833,"color":"00000000"}]},"weiba3":{"attachment":[{"time":0,"name":""},{"time":0.4167,"name":"siwang/weiba3"},{"time":0.5417,"name":"siwang/weiba1"},{"time":0.6667,"name":"siwang/weiba2"},{"time":0.7917,"name":"siwang/weiba3"},{"time":0.875,"name":"siwang/weiba1"},{"time":1,"name":"siwang/weiba2"},{"time":1.125,"name":"siwang/weiba1"},{"time":1.375,"name":"siwang/weiba2"},{"time":1.5,"name":"siwang/weiba3"},{"time":1.5833,"name":"siwang/weiba1"},{"time":1.7083,"name":"siwang/weiba2"}],"color":[{"time":0,"curve":"stepped","color":"FFFFFFFF"},{"time":0.4167,"color":"FFFFFFB0"},{"time":0.625,"color":"FFFFFFFF"},{"time":1.375,"color":"FFFFFFFF"},{"time":1.7083,"color":"FFFFFF00"}]},"naodai1":{"attachment":[{"time":0,"name":""},{"time":0.25,"name":"siwang/naodai1"}],"color":[{"time":0,"curve":"stepped","color":"FFFFFFFF"},{"time":0.25,"color":"FFFFFF00"},{"time":0.5,"color":"FFFFFFFF"},{"time":1.375,"color":"FFFFFFFF"},{"time":1.7083,"color":"FFFFFF00"}]},"yeti":{"attachment":[{"time":0,"name":""},{"time":0.125,"name":"siwang/yeti"}],"color":[{"time":0,"curve":"stepped","color":"FFFFFFFF"},{"time":0.125,"color":"EB8F8FFF"},{"time":0.625,"color":"FFFFFFFF"},{"time":0.875,"color":"FFFFFF00"}]},"guangdian":{"attachment":[{"time":0,"name":""},{"time":0.25,"name":"siwang/guangdian"}],"color":[{"time":0,"curve":"stepped","color":"FFFFFFFF"},{"time":0.25,"color":"69FF1AFF"},{"time":0.6667,"color":"FFFA54FF"},{"time":1,"color":"FFFFFF00"}]},"yan1":{"attachment":[{"time":0,"name":""},{"time":0.125,"name":"siwang/yan"}],"color":[{"time":0,"curve":"stepped","color":"FFFFFFFF"},{"time":0.125,"color":"FFD400FF"},{"time":0.375,"color":"FFFFFFFF"},{"time":0.625,"color":"8F8F8FFF"},{"time":1.0833,"color":"B352528A"},{"time":1.375,"color":"00000000"}]},"yan11":{"attachment":[{"time":0,"name":""},{"time":0.125,"name":"siwang/yan"}],"color":[{"time":0,"curve":"stepped","color":"FFFFFFFF"},{"time":0.125,"color":"FFD400FF"},{"time":0.375,"color":"FFFFFFFF"},{"time":0.625,"color":"8F8F8FFF"},{"time":0.875,"color":"3324248A"},{"time":1.375,"color":"00000000"}]},"yeti1":{"attachment":[{"time":0,"name":""},{"time":0.125,"name":"siwang/yeti"}],"color":[{"time":0,"curve":"stepped","color":"FFFFFFFF"},{"time":0.125,"color":"EB8F8F00"},{"time":0.25,"color":"FFFFFFFF"},{"time":0.4167,"color":"FFFFFFFF"},{"time":0.625,"color":"FFFFFF00"}]},"yeti2":{"attachment":[{"time":0,"name":""},{"time":0.125,"name":"siwang/yeti"}],"color":[{"time":0,"curve":"stepped","color":"FFFFFFFF"},{"time":0.125,"color":"F5FC1C6B"},{"time":0.3333,"color":"FFFFFFFF"},{"time":0.625,"color":"FFFFFFFF"},{"time":0.75,"color":"82828200"}]},"yeti21":{"attachment":[{"time":0,"name":""},{"time":0.125,"name":"siwang/yeti"}],"color":[{"time":0,"curve":"stepped","color":"FFFFFFFF"},{"time":0.125,"color":"F5FC1C6B"},{"time":0.3333,"color":"FFFFFFFF"},{"time":0.5,"color":"FFFFFF70"},{"time":0.875,"color":"82828200"}]},"yeti3":{"attachment":[{"time":0,"name":"siwang/yeti"}],"color":[{"time":0,"color":"EB8F8F00"},{"time":0.2083,"color":"FFFFFFFF"},{"time":0.5,"color":"FFFFFFFF"},{"time":0.75,"color":"FFFFFF00"}]},"guangdian1":{"attachment":[{"time":0,"name":""},{"time":0.25,"name":"siwang/guangdian"}],"color":[{"time":0,"curve":"stepped","color":"FFFFFFFF"},{"time":0.25,"color":"69FF1AFF"},{"time":0.5417,"color":"FFFA54FF"},{"time":0.7917,"color":"FF303061"},{"time":1,"color":"BAFF00FF"},{"time":1.125,"color":"FFFFFF00"}]},"guangdian11":{"attachment":[{"time":0,"name":""},{"time":0.25,"name":"siwang/guangdian"}],"color":[{"time":0,"curve":"stepped","color":"FFFFFFFF"},{"time":0.25,"color":"FFFFFF54"},{"time":0.4167,"color":"FFFFFFFF"},{"time":0.6667,"color":"36C712FF"},{"time":0.7917,"color":"00FF2E61"},{"time":0.875,"color":"BAFF00FF"},{"time":1,"color":"FFFFFF00"}]},"guangdian111":{"attachment":[{"time":0,"name":""},{"time":0.5,"name":"siwang/guangdian"}],"color":[{"time":0,"curve":"stepped","color":"FFFFFFFF"},{"time":0.5,"color":"FFFFFF54"},{"time":0.6667,"color":"FFFFFFFF"},{"time":0.9167,"color":"36C712FF"},{"time":1.0417,"color":"00FF2E61"},{"time":1.125,"color":"BAFF00FF"},{"time":1.25,"color":"FFFFFF00"}]},"guangdian2":{"attachment":[{"time":0,"name":"siwang/guangdian"}],"color":[{"time":0,"color":"69FF1AFF"},{"time":0.125,"color":"E3FF0061"},{"time":0.3333,"color":"00FF0847"},{"time":0.5,"color":"FFFA54A6"},{"time":0.6667,"color":"FFFFFF00"}]}}}}},[0]]],0,0,[0],[-1],[0]]