[1,["ecpdLyjvZBwrvm+cedCcQy","442e9RQtlBjIPo/DegcyLL","a2MjXRFdtLlYQ5ouAFv/+R","97u+IRDSFFGINJ69UT90D8","0etlm1+s9Mu73arMoJUgXV","d7HwJyrVJHu7bmx+pzrOgM","caG2gyA7BFNIh6BnDmrbYt","8bNjd0YudF3aKPYMqEaYyZ","efqQv9r8ZCnJ9GFPePLvb7","4ey5mh7/VNs7K9gj59l5a0","a7v71gQRhBVqTTEL3Wo2q1","8ba6rlKLtEVbZQz2CYAwMe","82DaCIMOpEYIA+fsje1JMc"],["node","_spriteFrame","_textureSetter","root","getBtn","shareBtn","data"],[["cc.Node",["_name","_active","_opacity","_components","_prefab","_parent","_contentSize","_children","_trs","_color"],0,9,4,1,5,2,7,5],"cc.SpriteFrame",["cc.Sprite",["_sizeMode","_type","node","_materials","_spriteFrame"],1,1,3,6],["cc.PrefabInfo",["fileId","root","asset"],2,1,1],["cc.Prefab",["_name"],2],["ccd42VR0CtN3aW6e4/2rcJ5",["node","shareBtn","getBtn"],3,1,1,1],["cc.Button",["zoomScale","_N$transition","node","clickEvents"],1,1,9],["cc.ClickEvent",["_componentId","handler","target"],1,1],["cc.Label",["_string","_fontSize","_lineHeight","_N$horizontalAlign","_N$verticalAlign","node","_materials"],-2,1,3],["cc.LabelOutline",["_width","node","_color"],2,1,5],["24c55LjjBdPzIH8mvf0o6Ux",["key","node"],2,1],["cc.BlockInputEvents",["node"],3,1],["f19b5F6RJ9OB528z/eGvVpH",["node"],3,1]],[[3,0,1,2,2],[2,2,3,4,1],[0,0,5,3,4,6,8,2],[8,0,1,2,3,4,5,6,6],[9,0,1,2,2],[0,0,5,3,4,6,2],[6,0,1,2,3,3],[7,0,1,2,3],[0,0,1,5,7,3,4,6,8,3],[0,0,5,7,3,4,6,8,2],[2,1,0,2,3,4,3],[10,0,1,2],[4,0,2],[0,0,7,3,4,2],[0,0,2,5,3,4,9,6,3],[5,0,1,2,1],[3,1,2,1],[2,0,2,3,4,2],[11,0,1],[12,0,1]],[[[[12,"ZLReward"],[13,"ZLReward",[-5,-6,-7,-8,-9,-10,-11],[[15,-4,-3,-2]],[16,-1,0]],[8,"getBtn",false,1,[-14,-15],[[10,1,0,-12,[19],20],[6,0.8,3,-13,[[7,"ccd42VR0CtN3aW6e4/2rcJ5","getBtnClick",1]]]],[0,"d3gzdr4MJB6pLScbtmIz0p",1,0],[5,250,85],[0,-364.415,0,0,0,0,1,1,1,0]],[8,"shareBtn",false,1,[-18],[[10,1,0,-16,[22],23],[6,0.8,3,-17,[[7,"ccd42VR0CtN3aW6e4/2rcJ5","shareBtnClick",1]]]],[0,"d5YUME5ChOMJ0R1Lw48+Os",1,0],[5,250,85],[0,-364.415,0,0,0,0,1,1,1,0]],[9,"wqk",1,[-20,-21],[[1,-19,[9],10]],[0,"2cg/Z/HSFKjYQJNszAWTaV",1,0],[5,125,125],[-77.007,-89.889,0,0,0,0,1,1,1,1]],[9,"wqk",1,[-23,-24],[[1,-22,[14],15]],[0,"3cQLFSBMtHC48WbhTxNSs4",1,0],[5,125,125],[79.664,-89.889,0,0,0,0,1,1,1,1]],[2,"num",2,[[3,"看视频获取",25,25,1,1,-25,[18]],[4,3,-26,[4,4278190080]],[11,"zlRewardButtonVideoAds",-27]],[0,"9dg9npcyNJC5k7FetCc7ey",1,0],[5,131,37.5],[39.233,5.221,0,0,0,0,1,1,1,1]],[2,"num",3,[[3,"分享游戏获得奖励",25,25,1,1,-28,[21]],[4,3,-29,[4,4278190080]],[11,"zlRewardButtonShare",-30]],[0,"c6+9IgHR1B2ICmYAncBr/t",1,0],[5,206,37.5],[-1.443,5.221,0,0,0,0,1,1,1,1]],[14,"bg",160,1,[[17,0,-31,[0],1],[18,-32]],[0,"8cGcgBb+lBw41XKTd6rlJX",1,0],[4,4278190080],[5,5000,5000]],[5,"zlbg",1,[[1,-33,[2],3],[19,-34]],[0,"a57gNoyINCjLQCFfc4Teo0",1,0],[5,449,582]],[2,"closeBtn",1,[[1,-35,[4],5],[6,0.8,3,-36,[[7,"ccd42VR0CtN3aW6e4/2rcJ5","close",1]]]],[0,"b9palG251I+7MPn75XEyY8",1,0],[5,55,59],[-159.933,69.703,0,0,0,0,1,0.8,0.8,0]],[2,"num",4,[[3,"x1000",35,35,1,1,-37,[8]],[4,4,-38,[4,4278190080]]],[0,"51rX1hENpHiKlRKW2a6qtQ",1,0],[5,103.36,52.1],[0,-83.771,0,0,0,0,1,1,1,1]],[2,"num",5,[[3,"x20",35,35,1,1,-39,[13]],[4,4,-40,[4,4278190080]]],[0,"a9if3owVtG4o2E6OPQcgSe",1,0],[5,64.43,52.1],[0,-83.771,0,0,0,0,1,1,1,1]],[5,"bigCoin",4,[[1,-41,[6],7]],[0,"72wYS2ZU9PzqPA2EH9/r/t",1,0],[5,87,93]],[5,"bigZs",5,[[1,-42,[11],12]],[0,"3ccGVFa6dAR79V5WuYtLYU",1,0],[5,91,87]],[2,"vedioBtn",2,[[1,-43,[16],17]],[0,"71ttoNC4VMxI4LHtGlHY+3",1,0],[5,77,53],[-71.242,3.859,0,0,0,0,1,1,1,1]]],0,[0,3,1,0,4,2,0,5,3,0,0,1,0,-1,8,0,-2,9,0,-3,10,0,-4,4,0,-5,5,0,-6,2,0,-7,3,0,0,2,0,0,2,0,-1,15,0,-2,6,0,0,3,0,0,3,0,-1,7,0,0,4,0,-1,13,0,-2,11,0,0,5,0,-1,14,0,-2,12,0,0,6,0,0,6,0,0,6,0,0,7,0,0,7,0,0,7,0,0,8,0,0,8,0,0,9,0,0,9,0,0,10,0,0,10,0,0,11,0,0,11,0,0,12,0,0,12,0,0,13,0,0,14,0,0,15,0,6,1,43],[0,0,0,0,0,0,0,0,0,0,0,0,0,0,0,0,0,0,0,0,0,0,0,0],[-1,1,-1,1,-1,1,-1,1,-1,-1,1,-1,1,-1,-1,1,-1,1,-1,-1,1,-1,-1,1],[0,2,0,3,0,4,0,5,0,0,1,0,6,0,0,1,0,7,0,0,8,0,0,9]],[[{"name":"zlbg","rect":[13,0,449,582],"offset":[-2,1],"originalSize":[479,584],"capInsets":[0,0,0,0]}],[1],0,[0],[2],[10]],[[{"name":"bigZs","rect":[0,0,91,87],"offset":[0,0],"originalSize":[91,87],"capInsets":[0,0,0,0]}],[1],0,[0],[2],[11]],[[{"name":"bigCoin","rect":[0,0,87,93],"offset":[0,0],"originalSize":[87,93],"capInsets":[0,0,0,0]}],[1],0,[0],[2],[12]]]]