[1,["6cZ83PLp5GcJBUO9i/PZBS"],0,[["sp.SkeletonData",["_name","_atlasText","textureNames","_skeletonJson","textures"],-1,3]],[[0,0,1,2,3,4,5]],[[0,"hpUp","\nhpUp.png\nsize: 269,228\nformat: RGBA8888\nfilter: Linear,Linear\nrepeat: none\nhuifu/fangkuai\n  rotate: false\n  xy: 1, 156\n  size: 5, 5\n  orig: 5, 5\n  offset: 0, 0\n  index: -1\nhuifu/caiseguang\n  rotate: false\n  xy: 1, 1\n  size: 145, 153\n  orig: 145, 153\n  offset: 0, 0\n  index: -1\nhuifu/tx_shifa_diandian\n  rotate: false\n  xy: 148, 122\n  size: 108, 104\n  orig: 108, 104\n  offset: 0, 0\n  index: -1\nhuifu/xue\n  rotate: false\n  xy: 148, 1\n  size: 119, 119\n  orig: 119, 119\n  offset: 0, 0\n  index: -1\n",["hpUp.png"],{"skeleton":{"width":323.9,"height":312.35,"fps":24,"hash":" ","name":"Armaturehuifu"},"bones":[{"name":"root"},{"x":6.2968,"y":252.2648,"name":"xue","parent":"root"},{"x":-1.3,"y":97.5,"name":"caiseguang","parent":"root"},{"x":144.05,"y":100.65,"name":"tx_shifa_diandian","parent":"root"},{"x":111.9944,"y":200.661,"name":"fangkuai","parent":"root"},{"x":6.2968,"y":252.2648,"scaleX":0.417,"scaleY":0.417,"name":"xue1","parent":"root"},{"x":78.0835,"y":180.8921,"scaleX":0.417,"scaleY":0.417,"name":"xue11","parent":"root"},{"x":6.2968,"y":252.2648,"name":"xue2","parent":"root"},{"x":156.1066,"y":81.9582,"name":"fangkuai1","parent":"root"},{"x":152.8874,"y":200.661,"name":"fangkuai2","parent":"root"},{"x":52.6194,"y":51.2209,"scaleX":0.2063,"scaleY":0.2063,"name":"tx_shifa_diandian1","parent":"root"},{"x":195.9111,"y":116.9511,"scaleX":0.311,"scaleY":0.311,"name":"tx_shifa_diandian11","parent":"root"},{"x":98.7933,"y":71.2076,"scaleX":0.3016,"scaleY":0.3016,"name":"tx_shifa_diandian12","parent":"root"},{"x":172.0861,"y":71.2076,"scaleX":0.3455,"scaleY":0.3455,"name":"tx_shifa_diandian121","parent":"root"},{"x":98.7933,"y":71.2076,"scaleX":0.3016,"scaleY":0.3016,"name":"tx_shifa_diandian122","parent":"root"}],"slots":[{"name":"fangkuai","bone":"fangkuai","attachment":"huifu/fangkuai"},{"name":"caiseguang","bone":"caiseguang","blend":"additive","attachment":"huifu/caiseguang"},{"name":"tx_shifa_diandian","bone":"tx_shifa_diandian","blend":"additive","attachment":"huifu/tx_shifa_diandian"},{"name":"xue","bone":"xue","attachment":"huifu/xue"},{"name":"xue1","bone":"xue1","attachment":"huifu/xue"},{"name":"xue11","bone":"xue11","attachment":"huifu/xue"},{"name":"xue2","bone":"xue2","blend":"additive","attachment":"huifu/xue"},{"name":"fangkuai1","bone":"fangkuai1","attachment":"huifu/fangkuai"},{"name":"fangkuai2","bone":"fangkuai2","attachment":"huifu/fangkuai"},{"name":"tx_shifa_diandian1","bone":"tx_shifa_diandian1","blend":"additive","attachment":"huifu/tx_shifa_diandian"},{"name":"tx_shifa_diandian11","bone":"tx_shifa_diandian11","blend":"additive","attachment":"huifu/tx_shifa_diandian"},{"name":"tx_shifa_diandian12","bone":"tx_shifa_diandian12","blend":"additive","attachment":"huifu/tx_shifa_diandian"},{"name":"tx_shifa_diandian121","bone":"tx_shifa_diandian121","blend":"additive","attachment":"huifu/tx_shifa_diandian"},{"name":"tx_shifa_diandian122","bone":"tx_shifa_diandian122","blend":"additive","attachment":"huifu/tx_shifa_diandian"}],"skins":{"default":{"fangkuai2":{"huifu/fangkuai":{"name":"huifu/fangkuai","width":5,"height":5,"x":0.6,"y":-1}},"tx_shifa_diandian11":{"huifu/tx_shifa_diandian":{"name":"huifu/tx_shifa_diandian","width":108,"height":104,"x":-0.05,"y":0.35}},"xue11":{"huifu/xue":{"name":"huifu/xue","width":119,"height":119,"x":0.8,"y":-0.3}},"xue2":{"huifu/xue":{"name":"huifu/xue","width":119,"height":119,"x":0.8,"y":-0.3}},"tx_shifa_diandian121":{"huifu/tx_shifa_diandian":{"name":"huifu/tx_shifa_diandian","width":108,"height":104,"x":-0.05,"y":0.35}},"fangkuai1":{"huifu/fangkuai":{"name":"huifu/fangkuai","width":5,"height":5,"x":0.6,"y":-1}},"xue":{"huifu/xue":{"name":"huifu/xue","width":119,"height":119,"x":0.8,"y":-0.3}},"tx_shifa_diandian122":{"huifu/tx_shifa_diandian":{"name":"huifu/tx_shifa_diandian","width":108,"height":104,"x":-0.05,"y":0.35}},"fangkuai":{"huifu/fangkuai":{"name":"huifu/fangkuai","width":5,"height":5,"x":0.6,"y":-1}},"tx_shifa_diandian1":{"huifu/tx_shifa_diandian":{"name":"huifu/tx_shifa_diandian","width":108,"height":104,"x":-0.05,"y":0.35}},"xue1":{"huifu/xue":{"name":"huifu/xue","width":119,"height":119,"x":0.8,"y":-0.3}},"caiseguang":{"huifu/caiseguang":{"name":"huifu/caiseguang","width":145,"height":153,"x":-0.2}},"tx_shifa_diandian":{"huifu/tx_shifa_diandian":{"name":"huifu/tx_shifa_diandian","width":108,"height":104,"x":-0.05,"y":0.35}},"tx_shifa_diandian12":{"huifu/tx_shifa_diandian":{"name":"huifu/tx_shifa_diandian","width":108,"height":104,"x":-0.05,"y":0.35}}}},"animations":{"huifu":{"bones":{"xue":{"translate":[{"time":0,"x":-4.79,"y":-236.25},{"time":0.5,"x":-4.79,"y":-74.84},{"time":0.75,"x":-4.79,"y":-34.42}],"scale":[{"time":0,"x":1,"y":0.8},{"time":0.2083,"x":1.09,"y":1.88},{"time":0.5,"x":1,"y":1}]},"caiseguang":{"translate":[{"time":0},{"time":0.375},{"time":0.6667,"y":106}],"scale":[{"time":0,"x":2.31,"y":2.31},{"time":0.3333,"x":0.1,"y":0.1},{"time":0.6666,"x":0.8,"y":0.8}]},"tx_shifa_diandian":{"translate":[{"time":0,"x":-147.86,"y":-96.28},{"time":0.3333,"x":-142.33,"y":-64.22},{"time":0.75,"x":-140.13,"y":129.41}],"scale":[{"time":0,"x":0.18,"y":0.64},{"time":0.3333,"x":0.06,"y":1.17},{"time":0.5416,"x":0.17,"y":0.18},{"time":0.7499,"x":0.17,"y":0.17}]},"fangkuai":{"translate":[{"time":0,"curve":"stepped"},{"time":0.125,"x":-157.74,"y":-197},{"time":0.2917,"x":-156.15,"y":-169.18},{"time":0.75,"x":-151.8,"y":5.89}]},"xue1":{"translate":[{"time":0,"curve":"stepped"},{"time":0.2917,"x":-66.26,"y":-223.24},{"time":0.75,"x":-63.54,"y":-95.31}],"scale":[{"time":0,"curve":"stepped","x":1,"y":1},{"time":0.2917,"x":1,"y":0.8},{"time":0.5,"x":0.88,"y":2.42},{"time":0.625,"x":1.01,"y":1.33},{"time":0.75,"x":1,"y":1}]},"xue11":{"translate":[{"time":0,"curve":"stepped"},{"time":0.2083,"x":-28.95,"y":-142.52},{"time":0.6666,"x":-24.27,"y":-20.86}],"scale":[{"time":0,"curve":"stepped","x":1,"y":1},{"time":0.2083,"x":1,"y":0.8},{"time":0.4166,"x":0.82,"y":2.68},{"time":0.6666,"x":1,"y":1}]},"xue2":{"translate":[{"time":0,"x":-4.79,"y":-204.08},{"time":0.4167,"x":-4.79,"y":-157.78},{"time":0.75,"x":-4.79,"y":-146.48}],"scale":[{"time":0,"x":5.63,"y":5.63},{"time":0.4167,"x":0.55,"y":0.95}]},"fangkuai1":{"translate":[{"time":0,"curve":"stepped"},{"time":0.125,"x":-157.74,"y":-74.4},{"time":0.25,"x":-156.15,"y":-35.11},{"time":0.5,"x":-153.78,"y":23.78},{"time":0.7083,"x":-151.8,"y":165.49}],"scale":[{"time":0,"curve":"stepped","x":1,"y":1},{"time":0.125,"x":1,"y":1},{"time":0.375,"x":1,"y":2.68},{"time":0.7083,"x":1,"y":1}]},"fangkuai2":{"translate":[{"time":0,"x":-106.1,"y":-197},{"time":0.2917,"x":-104.3,"y":-169.18},{"time":0.625,"x":-98.51,"y":-87.99}]},"tx_shifa_diandian1":{"translate":[{"time":0,"x":-147.86,"y":-56.7},{"time":0.3333,"x":-142.33,"y":9.99},{"time":0.5416,"x":-152.78,"y":50.96},{"time":0.6666,"x":-147.86,"y":75.53},{"time":0.7499,"x":-140.13,"y":91.92}],"scale":[{"time":0,"x":0.18,"y":0.64},{"time":0.3333,"x":0.31,"y":0.46},{"time":0.5416,"x":0.17,"y":0.18},{"time":0.7499,"x":0.17,"y":0.17}]},"tx_shifa_diandian11":{"translate":[{"time":0,"x":-147.86,"y":-71.3},{"time":0.3333,"x":-142.33,"y":38.78},{"time":0.5,"x":-124.9,"y":74.03},{"time":0.625,"x":-119.95,"y":91.65},{"time":0.75,"x":-140.13,"y":126.89}],"scale":[{"time":0,"x":0.18,"y":0.64},{"time":0.3333,"x":0.18,"y":0.26},{"time":0.5416,"x":0.17,"y":0.18},{"time":0.7499,"x":0.17,"y":0.17}]},"tx_shifa_diandian12":{"translate":[{"time":0,"x":-147.86,"y":-56.7},{"time":0.75,"x":-140.13,"y":25.76}],"scale":[{"time":0,"x":0.18,"y":0.64},{"time":0.3333,"x":0.18,"y":0.26},{"time":0.5416,"x":0.17,"y":0.18},{"time":0.7499,"x":0.17,"y":0.17}]},"tx_shifa_diandian121":{"translate":[{"time":0,"x":-147.86,"y":-56.7},{"time":0.75,"x":-140.13,"y":40.68}],"scale":[{"time":0,"x":0.18,"y":0.64},{"time":0.3333,"x":0.18,"y":1.33},{"time":0.5416,"x":0.17,"y":0.18},{"time":0.7499,"x":0.17,"y":0.17}]},"tx_shifa_diandian122":{"translate":[{"time":0,"x":-114.03,"y":-65.99},{"time":0.75,"x":-116.91,"y":15.35}],"scale":[{"time":0,"x":0.18,"y":0.64},{"time":0.3333,"x":0.18,"y":1.62},{"time":0.5416,"x":0.17,"y":0.49},{"time":0.7499,"x":0.17,"y":0.17}]}},"slots":{"fangkuai":{"attachment":[{"time":0,"name":""},{"time":0.125,"name":"huifu/fangkuai"}],"color":[{"time":0,"color":"FFFFFFFF"},{"time":0.125,"color":"FFFFFF00"},{"time":0.25,"color":"FFFFFFFF"},{"time":0.4167,"color":"FFFFFFFF"},{"time":0.5,"color":"FFFFFF00"},{"time":0.5833,"color":"FFFFFF00"},{"time":0.6666,"color":"FFFFFFFF"},{"time":0.7499,"color":"FFFFFF00"}]},"caiseguang":{"color":[{"time":0,"color":"FFFFFF00"},{"time":0.3333,"color":"FFFFFFFF"},{"time":0.6666,"color":"FFFFFF00"}]},"tx_shifa_diandian":{"color":[{"time":0,"color":"FFFFFF00"},{"time":0.1667,"color":"FFFFFFFF"},{"time":0.5834,"color":"FFFFFFFF"},{"time":0.7501,"color":"FFFFFF00"}]},"xue":{"color":[{"time":0,"color":"FFFFFF00"},{"time":0.2083,"color":"FFFFFFFF"},{"time":0.3333,"color":"FFFFFFFF"},{"time":0.5,"color":"FFFFFF00"}]},"xue1":{"color":[{"time":0,"color":"FFFFFF00"},{"time":0.2917,"color":"FFFFFF00"},{"time":0.5,"color":"FFFFFFFF"},{"time":0.625,"color":"FFFFFFFF"},{"time":0.75,"color":"FFFFFF00"}]},"xue11":{"color":[{"time":0,"color":"FFFFFF00"},{"time":0.2083,"color":"FFFFFF00"},{"time":0.4166,"color":"FFFFFFFF"},{"time":0.5416,"color":"FFFFFFFF"},{"time":0.6666,"color":"FFFFFF00"}]},"xue2":{"color":[{"time":0,"color":"FFFFFF00"},{"time":0.2083,"color":"DBFF9C5E"},{"time":0.2916,"color":"DBFF9CFF"},{"time":0.4166,"color":"FFFFFF00"}]},"fangkuai1":{"attachment":[{"time":0,"name":""},{"time":0.125,"name":"huifu/fangkuai"}],"color":[{"time":0,"color":"FFFFFFFF"},{"time":0.125,"color":"FFFFFF00"},{"time":0.25,"color":"FFFFFFFF"},{"time":0.375,"color":"FFFFFFFF"},{"time":0.4583,"color":"FFFFFF00"},{"time":0.5416,"color":"FFFFFF00"},{"time":0.6249,"color":"FFFFFFFF"},{"time":0.7082,"color":"FFFFFF00"}]},"fangkuai2":{"color":[{"time":0,"color":"FFFFFF00"},{"time":0.125,"color":"FFFFFFFF"},{"time":0.2917,"color":"FFFFFF00"},{"time":0.375,"color":"FFFFFFB5"},{"time":0.4583,"color":"FFFFFF00"},{"time":0.5416,"color":"FFFFFFFF"},{"time":0.6249,"color":"FFFFFF00"}]},"tx_shifa_diandian1":{"color":[{"time":0,"color":"FFFFFF00"},{"time":0.1667,"color":"FFFFFFFF"},{"time":0.5834,"color":"FFFFFFFF"},{"time":0.7501,"color":"FFFFFF00"}]},"tx_shifa_diandian11":{"color":[{"time":0,"color":"FFFFFF00"},{"time":0.1667,"color":"FFFFFFFF"},{"time":0.5834,"color":"FFFFFFFF"},{"time":0.7501,"color":"FFFFFF00"}]},"tx_shifa_diandian12":{"color":[{"time":0,"color":"FFFFFF00"},{"time":0.1667,"color":"FFFFFFFF"},{"time":0.4584,"color":"FFFFFFFF"},{"time":0.7501,"color":"FFFFFF00"}]},"tx_shifa_diandian121":{"color":[{"time":0,"color":"FFFFFF00"},{"time":0.1667,"color":"FFFFFFFF"},{"time":0.625,"color":"FFFFFFFF"},{"time":0.75,"color":"FFFFFF00"}]},"tx_shifa_diandian122":{"color":[{"time":0,"color":"FFFFFF00"},{"time":0.1667,"color":"FFFFFFFF"},{"time":0.625,"color":"FFFFFFFF"},{"time":0.75,"color":"FFFFFF00"}]}}}}},[0]]],0,0,[0],[-1],[0]]