[1,["d9dLNkkNVIo6/1ReUZ9A7b"],0,[["sp.SkeletonData",["_name","_atlasText","textureNames","_skeletonJson","textures"],-1,3]],[[0,0,1,2,3,4,5]],[[0,"hudun","\nhudun.png\nsize: 507,517\nformat: RGBA8888\nfilter: Linear,Linear\nrepeat: none\nfangyu/zhaozi\n  rotate: false\n  xy: 1, 1\n  size: 274, 272\n  orig: 274, 272\n  offset: 0, 0\n  index: -1\nfangyu/xingxing\n  rotate: false\n  xy: 227, 275\n  size: 31, 31\n  orig: 31, 31\n  offset: 0, 0\n  index: -1\nfangyu/5\n  rotate: false\n  xy: 1, 275\n  size: 62, 219\n  orig: 62, 219\n  offset: 0, 0\n  index: -1\nfangyu/6\n  rotate: false\n  xy: 65, 275\n  size: 98, 109\n  orig: 98, 109\n  offset: 0, 0\n  index: -1\nfangyu/4\n  rotate: false\n  xy: 418, 1\n  size: 86, 248\n  orig: 86, 248\n  offset: 0, 0\n  index: -1\nfangyu/1\n  rotate: false\n  xy: 418, 251\n  size: 87, 241\n  orig: 87, 241\n  offset: 0, 0\n  index: -1\nfangyu/2\n  rotate: false\n  xy: 277, 259\n  size: 114, 256\n  orig: 114, 256\n  offset: 0, 0\n  index: -1\nfangyu/3\n  rotate: false\n  xy: 277, 1\n  size: 139, 256\n  orig: 139, 256\n  offset: 0, 0\n  index: -1\nfangyu/fangkuai\n  rotate: false\n  xy: 165, 275\n  size: 60, 70\n  orig: 60, 70\n  offset: 0, 0\n  index: -1\n",["hudun.png"],{"skeleton":{"width":274,"height":272,"fps":24,"hash":" ","name":"Armaturefangyu"},"bones":[{"x":145.8478,"y":-89.3317,"name":"root"},{"x":-157.0428,"y":153.8295,"scaleX":0.8727,"scaleY":0.8727,"name":"fangkuai","parent":"root"},{"x":-159.8755,"y":101.3816,"name":"zhaozi","parent":"root"},{"x":-95.7615,"y":193.7934,"name":"xingxing","parent":"root"},{"x":-104.1815,"y":285.0723,"scaleX":0.8204,"scaleY":0.8204,"name":"fangkuai1","parent":"root"},{"x":-105.7742,"y":122.6115,"scaleX":0.7205,"scaleY":0.7205,"name":"fangkuai11","parent":"root"},{"x":-214.9075,"y":199.4525,"scaleX":0.7205,"scaleY":0.7205,"name":"fangkuai111","parent":"root"},{"x":-173.8082,"y":255.2301,"scaleX":1.0794,"scaleY":1.0794,"name":"fangkuai1111","parent":"root"},{"x":-99.0463,"y":153.8295,"scaleX":0.8727,"scaleY":0.8727,"name":"fangkuai2","parent":"root"},{"x":-50.2999,"y":295.2603,"name":"xingxing1","parent":"root"},{"x":-267.2411,"y":296.3029,"name":"xingxing11","parent":"root"},{"x":-202.2777,"y":228.1609,"name":"xingxing111","parent":"root"},{"x":2.303,"y":-11.9359,"name":"1","parent":"zhaozi"}],"slots":[{"name":"zhaozi","bone":"zhaozi","blend":"additive","attachment":"fangyu/zhaozi"},{"name":"xingxing","bone":"xingxing","blend":"additive","attachment":"fangyu/xingxing"},{"name":"1","bone":"1","blend":"additive","attachment":"fangyu/1"},{"name":"fangkuai","bone":"fangkuai","blend":"additive","attachment":"fangyu/fangkuai"},{"name":"fangkuai1","bone":"fangkuai1","blend":"additive","attachment":"fangyu/fangkuai"},{"name":"fangkuai11","bone":"fangkuai11","blend":"additive","attachment":"fangyu/fangkuai"},{"name":"fangkuai111","bone":"fangkuai111","blend":"additive","attachment":"fangyu/fangkuai"},{"name":"fangkuai1111","bone":"fangkuai1111","blend":"additive","attachment":"fangyu/fangkuai"},{"name":"fangkuai2","bone":"fangkuai2","blend":"additive","attachment":"fangyu/fangkuai"},{"name":"xingxing1","bone":"xingxing1","blend":"additive","attachment":"fangyu/xingxing"},{"name":"xingxing11","bone":"xingxing11","blend":"additive","attachment":"fangyu/xingxing"},{"name":"xingxing111","bone":"xingxing111","blend":"additive","attachment":"fangyu/xingxing"}],"skins":{"default":{"1":{"fangyu/1":{"name":"fangyu/1","width":87,"height":241,"x":78.07,"y":114.01},"fangyu/2":{"name":"fangyu/2","width":114,"height":256,"x":24.57,"y":116.51},"fangyu/4":{"name":"fangyu/4","width":86,"height":248,"x":-48.43,"y":117.51},"fangyu/6":{"name":"fangyu/6","width":98,"height":109,"x":-71.43,"y":52.01},"fangyu/5":{"name":"fangyu/5","width":62,"height":219,"x":-87.43,"y":120.01},"fangyu/3":{"name":"fangyu/3","width":139,"height":256,"x":-3.93,"y":116.51}},"zhaozi":{"fangyu/zhaozi":{"name":"fangyu/zhaozi","width":274,"height":272,"x":-0.8,"y":116.12}},"fangkuai11":{"fangyu/fangkuai":{"name":"fangyu/fangkuai","width":60,"height":70,"x":0.05,"y":-0.03}},"xingxing1":{"fangyu/xingxing":{"name":"fangyu/xingxing","width":31,"height":31,"x":0.5,"y":0.31}},"xingxing11":{"fangyu/xingxing":{"name":"fangyu/xingxing","width":31,"height":31,"x":0.5,"y":0.31}},"fangkuai":{"fangyu/fangkuai":{"name":"fangyu/fangkuai","width":60,"height":70,"x":0.05,"y":-0.03}},"fangkuai2":{"fangyu/fangkuai":{"name":"fangyu/fangkuai","width":60,"height":70,"x":22.12,"y":16.02}},"fangkuai1111":{"fangyu/fangkuai":{"name":"fangyu/fangkuai","width":60,"height":70,"x":0.05,"y":-0.03}},"xingxing":{"fangyu/xingxing":{"name":"fangyu/xingxing","width":31,"height":31,"x":0.5,"y":0.31}},"fangkuai111":{"fangyu/fangkuai":{"name":"fangyu/fangkuai","width":60,"height":70,"x":0.05,"y":-0.03}},"xingxing111":{"fangyu/xingxing":{"name":"fangyu/xingxing","width":31,"height":31,"x":0.5,"y":0.31}},"fangkuai1":{"fangyu/fangkuai":{"name":"fangyu/fangkuai","width":60,"height":70,"x":0.05,"y":-0.03}}}},"animations":{"action":{"bones":{"zhaozi":{"scale":[{"time":0,"x":1,"y":1},{"time":0.125,"x":1,"y":1.03},{"time":0.2917,"x":1.02,"y":1},{"time":0.4167,"x":1,"y":1.03},{"time":0.4584,"x":1.03,"y":1.05},{"time":0.5417,"x":1.21,"y":1.21}]},"xingxing":{"translate":[{"time":0,"curve":"stepped"},{"time":0.3333},{"time":0.5416,"x":-87.67,"y":101.01}],"scale":[{"time":0,"curve":"stepped","x":1,"y":1},{"time":0.3333,"x":1,"y":1},{"time":0.5,"x":0.75,"y":0.75}]},"fangkuai":{"translate":[{"time":0,"curve":"stepped"},{"time":0.125},{"time":0.4167,"y":13.29}],"scale":[{"time":0,"curve":"stepped","x":1,"y":1},{"time":0.125,"x":0.92,"y":0.92},{"time":0.4167,"x":1.31,"y":1.31}]},"fangkuai1":{"scale":[{"time":0,"curve":"stepped","x":1,"y":1},{"time":0.2083,"x":0.92,"y":0.92},{"time":0.5,"x":1.31,"y":1.31}]},"fangkuai11":{"translate":[{"time":0,"curve":"stepped"},{"time":0.2083},{"time":0.4583,"y":4.16}],"scale":[{"time":0,"curve":"stepped","x":1,"y":1},{"time":0.2083,"x":0.92,"y":0.92},{"time":0.4583,"x":1.4,"y":1.4}]},"fangkuai111":{"translate":[{"time":0,"curve":"stepped"},{"time":0.2083},{"time":0.4583,"y":4.16}],"scale":[{"time":0,"curve":"stepped","x":1,"y":1},{"time":0.2083,"x":0.92,"y":0.92},{"time":0.4583,"x":1.4,"y":1.4}]},"fangkuai1111":{"translate":[{"time":0,"curve":"stepped"},{"time":0.1667},{"time":0.5,"y":4.16}],"scale":[{"time":0,"curve":"stepped","x":1,"y":1},{"time":0.1667,"x":0.78,"y":0.78},{"time":0.5,"x":0.96,"y":0.96}]},"fangkuai2":{"translate":[{"time":0,"curve":"stepped"},{"time":0.125},{"time":0.4167,"x":2.86,"y":13.29}],"scale":[{"time":0,"curve":"stepped","x":1,"y":1},{"time":0.125,"x":0.92,"y":0.92}]},"xingxing1":{"translate":[{"time":0,"curve":"stepped"},{"time":0.375,"y":2.57},{"time":0.5417,"x":-4.88,"y":62.64}],"scale":[{"time":0,"curve":"stepped","x":1,"y":1},{"time":0.375,"x":1,"y":1},{"time":0.5417,"x":0.49,"y":0.49}]},"xingxing11":{"translate":[{"time":0,"curve":"stepped"},{"time":0.2083,"y":2.57},{"time":0.5,"x":0.36,"y":70.66}],"scale":[{"time":0,"curve":"stepped","x":1,"y":1},{"time":0.2083,"x":0.7,"y":0.7},{"time":0.5,"x":0.34,"y":0.34}]},"xingxing111":{"translate":[{"time":0,"curve":"stepped"},{"time":0.1667,"y":2.57},{"time":0.5,"x":-14.37,"y":139.43}],"scale":[{"time":0,"curve":"stepped","x":1,"y":1},{"time":0.1667,"x":0.7,"y":0.7},{"time":0.5,"x":0.73,"y":0.73}]}},"slots":{"1":{"attachment":[{"time":0,"name":""},{"time":0.0417,"name":"fangyu/1"},{"time":0.125,"name":"fangyu/2"},{"time":0.2083,"name":"fangyu/3"},{"time":0.2916,"name":"fangyu/4"},{"time":0.3749,"name":"fangyu/5"},{"time":0.4582,"name":"fangyu/6"}],"color":[{"time":0,"curve":"stepped","color":"FFFFFFFF"},{"time":0.0417,"color":"FFFFFF59"},{"time":0.0834,"color":"0061FFFF"},{"time":0.2917,"color":"7863FFFF"},{"time":0.4584,"color":"FFFFFFAB"},{"time":0.5417,"color":"FFFFFF00"}]},"zhaozi":{"color":[{"time":0,"color":"FFFFFF00"},{"time":0.125,"color":"FFFFFF45"},{"time":0.2083,"color":"FFFFFFB5"},{"time":0.3333,"color":"FFFFFFB5"},{"time":0.4166,"color":"FFFFFFFF"},{"time":0.4999,"color":"FFFFFF40"},{"time":0.5416,"color":"FFFFFF00"}]},"xingxing":{"attachment":[{"time":0,"name":""},{"time":0.3333,"name":"fangyu/xingxing"}],"color":[{"time":0,"curve":"stepped","color":"FFFFFFFF"},{"time":0.4167,"color":"FFFFFFFF"},{"time":0.5417,"color":"FFFFFF00"}]},"fangkuai":{"attachment":[{"time":0,"name":""},{"time":0.125,"name":"fangyu/fangkuai"}],"color":[{"time":0,"curve":"stepped","color":"FFFFFFFF"},{"time":0.125,"color":"3682FF8A"},{"time":0.2083,"color":"3682FFFF"},{"time":0.2916,"color":"3682FFFF"},{"time":0.4166,"color":"FFFFFF00"}]},"fangkuai1":{"attachment":[{"time":0,"name":""},{"time":0.2083,"name":"fangyu/fangkuai"}],"color":[{"time":0,"curve":"stepped","color":"FFFFFFFF"},{"time":0.2083,"color":"0036FFFF"},{"time":0.4166,"color":"DB00FF3B"},{"time":0.5416,"color":"059EFF00"}]},"fangkuai11":{"attachment":[{"time":0,"name":""},{"time":0.2083,"name":"fangyu/fangkuai"}],"color":[{"time":0,"curve":"stepped","color":"FFFFFFFF"},{"time":0.2083,"color":"0036FFFF"},{"time":0.2916,"color":"005CFFFF"},{"time":0.4583,"color":"059EFF00"}]},"fangkuai111":{"attachment":[{"time":0,"name":""},{"time":0.2083,"name":"fangyu/fangkuai"}],"color":[{"time":0,"curve":"stepped","color":"FFFFFFFF"},{"time":0.2083,"color":"0036FFFF"},{"time":0.2916,"color":"005CFFFF"},{"time":0.4583,"color":"059EFF00"}]},"fangkuai1111":{"attachment":[{"time":0,"name":""},{"time":0.1667,"name":"fangyu/fangkuai"}],"color":[{"time":0,"curve":"stepped","color":"FFFFFFFF"},{"time":0.1667,"color":"0036FFFF"},{"time":0.25,"color":"0D00B0FF"},{"time":0.375,"color":"0D00B0FF"},{"time":0.5,"color":"004FFF00"}]},"fangkuai2":{"attachment":[{"time":0,"name":""},{"time":0.125,"name":"fangyu/fangkuai"}],"color":[{"time":0,"curve":"stepped","color":"FFFFFFFF"},{"time":0.125,"color":"3682FF8A"},{"time":0.2083,"color":"3682FFFF"},{"time":0.2916,"color":"3682FFFF"},{"time":0.4166,"color":"FFFFFF00"}]},"xingxing1":{"attachment":[{"time":0,"name":""},{"time":0.375,"name":"fangyu/xingxing"}],"color":[{"time":0,"curve":"stepped","color":"FFFFFFFF"},{"time":0.5,"color":"FFFFFFFF"},{"time":0.5417,"color":"FFFFFF00"}]},"xingxing11":{"attachment":[{"time":0,"name":""},{"time":0.2083,"name":"fangyu/xingxing"}],"color":[{"time":0,"curve":"stepped","color":"FFFFFFFF"},{"time":0.3333,"color":"FFFFFFFF"},{"time":0.5,"color":"FFFFFF00"}]},"xingxing111":{"attachment":[{"time":0,"name":""},{"time":0.1667,"name":"fangyu/xingxing"}],"color":[{"time":0,"curve":"stepped","color":"FFFFFFFF"},{"time":0.2917,"color":"FFFFFFFF"},{"time":0.5,"color":"FFFFFF00"}]}}}}},[0]]],0,0,[0],[-1],[0]]