{"paths":{"0":["siwang",0],"1":["eff_fanshang",0],"3":["eff_fire",0],"5":["eff_shanbi",0],"6":["eff_baoji",0],"8":["eff_hit",0],"9":["eff_Lightning",0],"10":["eff_hudun",0],"16":["eff_getRock",0],"19":["eff_hpup",0],"20":["eff_blood",0],"22":["eff_ice",0]},"types":["cc.Prefab"],"uuids":["01Z2RdvkhG0abue2HYVzuG","110e2Y/yhD9J8qqxjuZNwI","12hfWxJ4NCzrER2jd716zq","361gDItv1O+YN/qYDSz9lJ","38y5iovsdFnZirap6Fo+29","566TpmczJEwL3X4Vjl66aj","67lteFduFKZIUKQtgURsRG","6cZ83PLp5GcJBUO9i/PZBS","7bFn+1BcVGMpHV5ZYE2WZl","7b58fd2fNCcouYI/B+3Z3B","81VClbmxZEepjD/Di89fRZ","8cUlRJ2KBPxoFoUr0qS4/r","9bdFQsaQZPN6gxCiu9VY2q","a4HCfXTnJCaIj6HdvE/1az","aaREIgbfJAIqIPJb25+60G","adnNPyK8hNi4uSAI9n10UA","b5WBbx0QNETJ4/c4HmgT3i","b9T8iH8YNEwapLZ5358vX8","bc/6vWgDpCH4Vro+NZ5EJp","ceM451bA9IIZ6xLdh6Rf/k","d9ZzrNWMlGMpIfExtGasnF","d9dLNkkNVIo6/1ReUZ9A7b","eaJRm5ifFFMZwz3njCkGNS","37IvqNYWhLD544z75yej/3","3aN/VG6p5AnI2j5uJknicg","3dDX0H2+JJgaAceWneq7pa","6bmjJ5pvVEEJBFpswwxrVn","73X0gv3rVB55+Z3dv4lZQN","741PRLFs1JgofBiyTRStJW","7a/QZLET9IDreTiBfRn2PD","84SYB4DVZBLJaIajsu/cgo","a3w7Y2RWBEVYOoz+u2vinS","c3pjfAbhZKo4o5s9a9284H","c8weR5QShCHZWvznd/BZO2","d27nqQ/rZP7JvdaTvPEDNQ","d4o9kFHFFCBJJBCFpvTY9s","d9ERjzps9MypFTu4f8a/gL","ecpdLyjvZBwrvm+cedCcQy"],"scenes":{},"redirect":[25,0,29,1,32,0,37,1],"deps":["resources","internal"],"packs":{"015ed6df3":[27,9],"018be161c":[1,24],"022136ee5":[31,22],"02d18566c":[23,5],"078c0c0f6":[3,28],"08c60d8f6":[6,30],"095366155":[19,36],"0aa61b0e7":[0,26],"0bc78fe77":[2,4,7,11,12,13,14,15,17,18,21],"0e57e7a5d":[33,20],"0f2caf266":[8,35],"0ff426ef8":[10,34]},"name":"Effect","importBase":"import","nativeBase":"native","debug":false,"isZip":false,"encrypted":false,"versions":{"import":["015ed6df3","86cb9","018be161c","ff486","022136ee5","8f8e9","02d18566c","d649c","078c0c0f6","9d0d5","08c60d8f6","7215d","095366155","e0675","0aa61b0e7","4b510","0bc78fe77","0049c","0e57e7a5d","70639","0f2caf266","704fa","0ff426ef8","d70c0",16,"0a44b"],"native":[2,"0de04",4,"5341e",7,"bd0f1",11,"0441c",12,"9792b",13,"95648",14,"dcd5a",15,"d49ef",17,"da46d",18,"5c223",21,"720dc"]}}