[1,["12hfWxJ4NCzrER2jd716zq"],0,[["sp.SkeletonData",["_name","_atlasText","textureNames","_skeletonJson","textures"],-1,3]],[[0,0,1,2,3,4,5]],[[0,"eff_hit","\r\neff_hit.png\r\nsize: 1024, 1024\r\nformat: RGBA8888\r\nfilter: Linear,Linear\r\nrepeat: none\r\nhit01\r\n  rotate: false\r\n  xy: 2, 582\r\n  size: 336, 288\r\n  orig: 336, 288\r\n  offset: 0, 0\r\n  index: -1\r\nhit02\r\n  rotate: false\r\n  xy: 2, 292\r\n  size: 336, 288\r\n  orig: 336, 288\r\n  offset: 0, 0\r\n  index: -1\r\nhit03\r\n  rotate: false\r\n  xy: 340, 582\r\n  size: 336, 288\r\n  orig: 336, 288\r\n  offset: 0, 0\r\n  index: -1\r\nhit04\r\n  rotate: false\r\n  xy: 2, 2\r\n  size: 336, 288\r\n  orig: 336, 288\r\n  offset: 0, 0\r\n  index: -1\r\n",["eff_hit.png"],{"skeleton":{"hash":"YJfTbkOk1P98Vp16bJYcup9C1+Y","spine":"2.1.27","width":336,"height":288,"images":""},"bones":[{"name":"root"}],"slots":[{"name":"hit01","bone":"root","attachment":"hit04"}],"skins":{"default":{"hit01":{"hit01":{"width":336,"height":288},"hit02":{"width":336,"height":288},"hit03":{"width":336,"height":288},"hit04":{"width":336,"height":288}}}},"animations":{"animation":{"slots":{"hit01":{"attachment":[{"time":0,"name":"hit01"},{"time":0.1,"name":"hit02"},{"time":0.1666,"name":"hit03"},{"time":0.2333,"name":"hit04"},{"time":0.3,"name":"hit04"}],"color":[{"time":0,"color":"ffffffff","curve":"stepped"},{"time":0.2666,"color":"ffffffff"},{"time":0.3,"color":"0054ff00"}]}},"bones":{"root":{"rotate":[{"time":0,"angle":0}],"translate":[{"time":0,"x":0,"y":0,"curve":"stepped"},{"time":0.3,"x":0,"y":0}],"scale":[{"time":0,"x":1,"y":1,"curve":"stepped"},{"time":0.3,"x":1,"y":1}]}},"drawOrder":[{"time":0},{"time":0.3}]}}},[0]]],0,0,[0],[-1],[0]]