[1,["ecpdLyjvZBwrvm+cedCcQy","8dQUcQ97ZMopa6inWQl87t","da7Ox5pttE6YffWKn7M0sj","4at2J1GAdL9rcjiXdji5Jz","4cphItmAZH5Y2nJPCkME4u"],["node","_spriteFrame","_textureSetter","root","wz","content","data","_N$file"],[["cc.Node",["_name","_components","_prefab","_children","_parent","_contentSize","_trs","_color"],2,9,4,2,1,5,7,5],["cc.PrefabInfo",["fileId","root","asset"],2,1,1],"cc.SpriteFrame",["cc.Prefab",["_name"],2],["cc.Node",["_name","_parent","_components","_prefab","_color","_contentSize","_trs"],2,1,2,4,5,5,7],["fc0e68GJ1lK7qNRtGBvLmLZ",["node","content","wz"],3,1,1,1],["cc.Sprite",["node","_materials","_spriteFrame"],3,1,3,6],["cc.Label",["_string","_fontSize","_isSystemFontUsed","_N$horizontalAlign","_N$verticalAlign","node","_materials"],-2,1,3]],[[1,0,1,2,2],[6,0,1,2,1],[3,0,2],[0,0,3,1,2,2],[0,0,4,3,1,2,5,6,2],[0,0,4,1,2,7,5,6,2],[4,0,1,2,3,4,5,6,2],[5,0,1,2,1],[1,1,2,1],[7,0,1,2,3,4,5,6,6]],[[[{"name":"baoji","rect":[0,0,80,34],"offset":[0,0],"originalSize":[80,34],"capInsets":[0,0,0,0]}],[2],0,[0],[2],[1]],[[[2,"baoji_num"],[3,"baoji_num",[-5,-6],[[7,-4,-3,-2]],[8,-1,0]],[4,"baoji",1,[-8],[[1,-7,[2],3]],[0,"67QyRnm6tPBJnQ2heA35jc",1,0],[5,80,34],[-93.795,0,0,0,0,0,1,1.2,1.2,1]],[5,"jianhao",2,[[1,-9,[0],1]],[0,"84ziC05vhKyba/F69B68BE",1,0],[4,4281254649],[5,20,11],[52.615,0,0,0,0,0,1,1,1,0.83333]],[6,"num",1,[-10],[0,"c6MPcfWldNVqlsBjMfRFUP",1,0],[4,4281254649],[5,31.25,40],[0,0,0,0,0,0,1,1,1,1.2]],[9,"0",30,false,1,1,4,[4]]],0,[0,3,1,0,4,2,0,5,5,0,0,1,0,-1,2,0,-2,4,0,0,2,0,-1,3,0,0,3,0,-1,5,0,6,1,10],[0,0,0,0,0,5],[-1,1,-1,1,-1,7],[0,2,0,3,0,4]]]]