[1,["e6EQnQcX9Op4O96WuDiX5B","d9CoolaAZGQZOXgeiIZ4dZ"],["root","node","data","_N$skeletonData"],[["cc.Prefab",["_name"],2],["cc.Node",["_name","_groupIndex","_components","_prefab","_contentSize"],1,9,4,5],["sp.Skeleton",["defaultAnimation","_preCacheMode","_cacheMode","loop","_animationName","_playTimes","node","_N$skeletonData"],-3,1,6],["cc.PrefabInfo",["fileId","root"],2,1],["sp.SkeletonData",["_name","_atlasText","textureNames","_skeletonJson","textures"],-1,3]],[[0,0,2],[1,0,1,2,3,4,3],[2,0,1,2,3,4,5,6,7,7],[3,0,1,2],[4,0,1,2,3,4,5]],[[[[0,"fire7"],[1,"fire7",2,[[2,"007p",1,1,false,"007p",1,-2,0]],[3,"68L0Bmh9FN7bxYQuACwbN4",-1],[5,110,174]]],0,[0,0,1,0,1,1,0,2,1,2],[0],[3],[0]],[[[4,"biubiu_007p","\r\nbiubiu_007p.png\r\nsize: 128,32\r\nformat: RGBA8888\r\nfilter: Linear,Linear\r\nrepeat: none\r\n007pquan\r\n  rotate: false\r\n  xy: 2, 14\r\n  size: 44, 15\r\n  orig: 44, 15\r\n  offset: 0, 0\r\n  index: -1\r\n007pquan2\r\n  rotate: false\r\n  xy: 48, 17\r\n  size: 33, 12\r\n  orig: 33, 12\r\n  offset: 0, 0\r\n  index: -1\r\nl1\r\n  rotate: false\r\n  xy: 24, 9\r\n  size: 4, 3\r\n  orig: 4, 3\r\n  offset: 0, 0\r\n  index: -1\r\nl11\r\n  rotate: false\r\n  xy: 18, 3\r\n  size: 3, 3\r\n  orig: 3, 3\r\n  offset: 0, 0\r\n  index: -1\r\nl13\r\n  rotate: true\r\n  xy: 2, 8\r\n  size: 4, 14\r\n  orig: 4, 14\r\n  offset: 0, 0\r\n  index: -1\r\nl14\r\n  rotate: true\r\n  xy: 2, 2\r\n  size: 4, 8\r\n  orig: 4, 8\r\n  offset: 0, 0\r\n  index: -1\r\nl2\r\n  rotate: false\r\n  xy: 95, 26\r\n  size: 3, 3\r\n  orig: 3, 3\r\n  offset: 0, 0\r\n  index: -1\r\nl4\r\n  rotate: false\r\n  xy: 18, 8\r\n  size: 4, 4\r\n  orig: 4, 4\r\n  offset: 0, 0\r\n  index: -1\r\nl5\r\n  rotate: false\r\n  xy: 89, 25\r\n  size: 4, 4\r\n  orig: 4, 4\r\n  offset: 0, 0\r\n  index: -1\r\nl6\r\n  rotate: false\r\n  xy: 12, 2\r\n  size: 4, 4\r\n  orig: 4, 4\r\n  offset: 0, 0\r\n  index: -1\r\nl7\r\n  rotate: false\r\n  xy: 83, 21\r\n  size: 4, 8\r\n  orig: 4, 8\r\n  offset: 0, 0\r\n  index: -1\r\n",["biubiu_007p.png"],{"skeleton":{"hash":"tc/Qj+GuTbHQJGCdmdAEVyzL7zA","spine":"3.7.80-beta","width":110,"height":174,"images":"./images/","audio":"F:/work3/打枪/weapon"},"bones":[{"name":"root"},{"name":"bone","parent":"root","y":17.65},{"name":"bone2","parent":"root","y":17.65}],"slots":[{"name":"007pquan3","bone":"bone2","attachment":"007pquan"},{"name":"007pquan2","bone":"bone","attachment":"007pquan2"},{"name":"l1","bone":"bone","attachment":"l1"},{"name":"l27","bone":"bone","attachment":"l1"},{"name":"l2","bone":"bone","attachment":"l2"},{"name":"l25","bone":"bone","attachment":"l2"},{"name":"l28","bone":"bone","attachment":"l2"},{"name":"l4","bone":"bone","attachment":"l4"},{"name":"l22","bone":"bone","attachment":"l4"},{"name":"l5","bone":"bone","attachment":"l5"},{"name":"l15","bone":"bone","attachment":"l5"},{"name":"l6","bone":"bone","attachment":"l6"},{"name":"l21","bone":"bone","attachment":"l6"},{"name":"l20","bone":"bone","attachment":"l6"},{"name":"l7","bone":"bone","attachment":"l7"},{"name":"l11","bone":"bone","attachment":"l11"},{"name":"l26","bone":"bone","attachment":"l11"},{"name":"l19","bone":"bone","attachment":"l11"},{"name":"l24","bone":"bone","attachment":"l11"},{"name":"l23","bone":"bone","attachment":"l11"},{"name":"l18","bone":"bone","attachment":"l11"},{"name":"l17","bone":"bone","attachment":"l11"},{"name":"l16","bone":"bone","attachment":"l11"},{"name":"l13","bone":"bone","attachment":"l13"},{"name":"l14","bone":"bone","attachment":"l14"}],"skins":{"default":{"007pquan2":{"007pquan2":{"x":-1,"y":3.5,"width":82,"height":30}},"007pquan3":{"007pquan":{"width":110,"height":37}},"l1":{"l1":{"x":9.46,"y":54.39,"width":9,"height":8}},"l11":{"l11":{"x":7.3,"y":57.69,"width":8,"height":8}},"l13":{"l13":{"y":126.5,"width":10,"height":36}},"l14":{"l14":{"x":5.5,"y":145,"width":11,"height":21}},"l15":{"l5":{"x":-5.5,"y":25,"width":9,"height":9}},"l16":{"l11":{"x":-3,"y":105.5,"width":8,"height":8}},"l17":{"l11":{"x":9.03,"y":119.8,"width":8,"height":8}},"l18":{"l11":{"x":-3.23,"y":78.49,"width":8,"height":8}},"l19":{"l11":{"x":0.41,"y":9.25,"width":8,"height":8}},"l2":{"l2":{"x":2.61,"y":12.21,"width":8,"height":7}},"l20":{"l6":{"y":40,"width":10,"height":9}},"l21":{"l6":{"x":-6.36,"y":83.81,"width":10,"height":9}},"l22":{"l4":{"x":19.5,"y":25,"width":9,"height":9}},"l23":{"l11":{"x":-3.45,"y":69.86,"width":8,"height":8}},"l24":{"l11":{"x":-2.32,"y":15.15,"width":8,"height":8}},"l25":{"l2":{"x":10.57,"y":68.94,"width":8,"height":7}},"l26":{"l11":{"x":6.99,"y":63.73,"width":8,"height":8}},"l27":{"l1":{"x":-15.5,"y":6.5,"width":9,"height":8}},"l28":{"l2":{"x":16,"y":2,"width":8,"height":7}},"l4":{"l4":{"x":2.02,"y":21.14,"width":9,"height":9}},"l5":{"l5":{"x":6.3,"y":114.89,"width":9,"height":9}},"l6":{"l6":{"x":8.4,"y":46.36,"width":10,"height":9}},"l7":{"l7":{"x":-4.5,"y":52.5,"width":11,"height":20}}}},"animations":{"007p":{"slots":{"007pquan2":{"color":[{"time":0,"color":"ffffffff","curve":[0.25,0,0.75,1]},{"time":0.1333,"color":"ffffff00"}]},"007pquan3":{"color":[{"time":0,"color":"ffffffff","curve":[0.25,0,0.75,1]},{"time":0.1667,"color":"ffffff00"}]},"l1":{"color":[{"time":0.2333,"color":"ffffffff","curve":[0.25,0,0.75,1]},{"time":0.4,"color":"ffffff00"}]},"l2":{"color":[{"time":0.3,"color":"ffffffff","curve":[0.25,0,0.75,1]},{"time":0.4667,"color":"ffffff00"}]},"l4":{"color":[{"time":0.1,"color":"ffffffff","curve":[0.25,0,0.75,1]},{"time":0.2667,"color":"ffffff00"}]},"l5":{"color":[{"time":0.1667,"color":"ffffffff","curve":[0.25,0,0.75,1]},{"time":0.3333,"color":"ffffff00"}]},"l6":{"color":[{"time":0.3333,"color":"ffffffff","curve":[0.25,0,0.75,1]},{"time":0.5,"color":"ffffff00"}]},"l7":{"color":[{"time":0.4333,"color":"ffffffff","curve":[0.25,0,0.75,1]},{"time":0.5667,"color":"ffffff00"}]},"l11":{"color":[{"time":0,"color":"ffffffff","curve":[0.25,0,0.75,1]},{"time":0.1667,"color":"ffffff00"}]},"l13":{"color":[{"time":0.4333,"color":"ffffffff","curve":[0.25,0,0.75,1]},{"time":0.6667,"color":"ffffff00"}]},"l14":{"color":[{"time":0.1667,"color":"ffffffff","curve":[0.25,0,0.75,1]},{"time":0.3667,"color":"ffffff00"}]},"l15":{"color":[{"time":0.0667,"color":"ffffffff","curve":[0.25,0,0.75,1]},{"time":0.2333,"color":"ffffff00"}]},"l16":{"color":[{"time":0.1,"color":"ffffffff","curve":[0.25,0,0.75,1]},{"time":0.2667,"color":"ffffff00"}]},"l17":{"color":[{"time":0.5667,"color":"ffffffff","curve":[0.25,0,0.75,1]},{"time":0.6667,"color":"ffffff00"}]},"l18":{"color":[{"time":0.1333,"color":"ffffffff","curve":[0.25,0,0.75,1]},{"time":0.3,"color":"ffffff00"}]},"l19":{"color":[{"time":0.2,"color":"ffffffff","curve":[0.25,0,0.75,1]},{"time":0.3667,"color":"ffffff00"}]},"l20":{"color":[{"time":0.1667,"color":"ffffffff","curve":[0.25,0,0.75,1]},{"time":0.3333,"color":"ffffff00"}]},"l21":{"color":[{"time":0.0667,"color":"ffffffff","curve":[0.25,0,0.75,1]},{"time":0.2333,"color":"ffffff00"}]},"l22":{"color":[{"time":0.1333,"color":"ffffffff","curve":[0.25,0,0.75,1]},{"time":0.3,"color":"ffffff00"}]},"l23":{"color":[{"time":0.3667,"color":"ffffffff","curve":[0.25,0,0.75,1]},{"time":0.5333,"color":"ffffff00"}]},"l24":{"color":[{"time":0.2667,"color":"ffffffff","curve":[0.25,0,0.75,1]},{"time":0.4333,"color":"ffffff00"}]},"l25":{"color":[{"time":0.3333,"color":"ffffffff","curve":[0.25,0,0.75,1]},{"time":0.5,"color":"ffffff00"}]},"l26":{"color":[{"time":0.4333,"color":"ffffffff","curve":[0.25,0,0.75,1]},{"time":0.6,"color":"ffffff00"}]},"l27":{"color":[{"time":0.0667,"color":"ffffffff","curve":[0.25,0,0.75,1]},{"time":0.2333,"color":"ffffff00"}]},"l28":{"color":[{"time":0.1,"color":"ffffffff","curve":[0.25,0,0.75,1]},{"time":0.2667,"color":"ffffff00"}]}},"bones":{"bone2":{"scale":[{"time":0,"x":1,"y":1,"curve":[0.25,0,0.75,1]},{"time":0.1667,"x":2,"y":2}]}}}}},[0]]],0,0,[0],[-1],[1]]]]