[1,["feEUzr+wNB9qF4yRlnfmor","12d9e6856"],["node","root","data","_spriteFrame","_textureSetter"],["cc.SpriteFrame",["cc.Prefab",["_name"],2],["cc.Node",["_name","_components","_prefab","_contentSize","_trs"],2,9,4,5,7],["cc.Sprite",["node","_spriteFrame"],3,1,6],["cc.BoxCollider",["tag","node","_size"],2,1,5],["be01bjDEqJBnot/Ow1MalHA",["node"],3,1],["cc.PrefabInfo",["fileId","root"],2,1]],[[1,0,2],[2,0,1,2,3,4,2],[3,0,1,1],[4,0,1,2,2],[5,0,1],[6,0,1,2]],[[[[0,"enemyBullet1"],[1,"enemyBullet1",[[2,-2,0],[3,1,-3,[5,20,20]],[4,-4]],[5,"d8eApu9uNAj4SlbXyoHHR1",-1],[5,32,32],[209,149,0,0,0,0,1,1,1,1]]],0,[0,1,1,0,0,1,0,0,1,0,0,1,0,2,1,4],[0],[3],[0]],[[{"name":"enemy_001b","rect":[110,345,33,33],"offset":[0.5,-0.5],"originalSize":[34,34],"capInsets":[0,0,0,0]}],[0],0,[0],[4],[1]]]]