[1,["ecpdLyjvZBwrvm+cedCcQy","c4xLTtRTZB8JdytJy/CSxK","6cRyoYYuxKi7YxQd7XKBC0","8dLpMhZz1BTJb3oeg5N7uT","a2MjXRFdtLlYQ5ouAFv/+R","deZz53j3FGApdYRyW6Fcq6","59d+qFnMZLzZt4xeUroWms","87n8igZ/ZDlYdAfRW3CAA1","b5SyWkWJROa5FcIQml1FzA"],["node","_spriteFrame","_textureSetter","root","dunsanEnemy","dunsanHero","xsContEnemy","xsContHero","vsbg","tips","door_1","door_0","enemyCont","heroCont","data"],[["cc.Node",["_name","_active","_opacity","_prefab","_parent","_components","_contentSize","_trs","_children","_color","_anchorPoint"],0,4,1,9,5,7,2,5,5],"cc.SpriteFrame",["cc.Widget",["_alignFlags","_top","_left","_right","_bottom","_originalWidth","_originalHeight","node"],-4,1],["cc.Sprite",["_sizeMode","_type","node","_materials","_spriteFrame"],1,1,3,6],["cc.PrefabInfo",["fileId","root","asset"],2,1,1],["cc.Label",["_string","_N$horizontalAlign","_N$verticalAlign","_fontSize","_lineHeight","node","_materials"],-2,1,3],["cc.Prefab",["_name"],2],["cc.Node",["_name","_active","_parent","_components","_prefab","_contentSize","_trs"],1,1,12,4,5,7],["35762xaV39KAaE9s4aqMpqe",["node","heroCont","enemyCont","door_0","door_1","tips","vsbg","xsContHero","xsContEnemy","dunsanHero","dunsanEnemy"],3,1,1,1,1,1,1,1,1,1,1,1],["cc.BlockInputEvents",["node"],3,1],["cc.LabelOutline",["_width","node","_color"],2,1,5],["24c55LjjBdPzIH8mvf0o6Ux",["key","node"],2,1]],[[4,0,1,2,2],[10,0,1,2,2],[3,2,3,4,1],[5,0,3,4,1,2,5,6,6],[11,0,1,2],[0,0,1,4,8,5,3,6,7,3],[0,0,4,5,3,9,6,7,2],[0,0,1,4,8,3,7,3],[0,0,4,5,3,6,7,2],[0,0,4,8,5,3,6,2],[0,0,4,5,3,6,2],[0,0,4,5,3,6,10,7,2],[3,1,0,2,3,4,3],[5,0,1,2,5,6,4],[6,0,2],[0,0,8,5,3,6,7,2],[0,0,4,8,5,3,7,2],[0,0,2,4,5,3,9,6,3],[0,0,4,8,3,7,2],[0,0,1,4,5,3,6,3],[0,0,4,8,3,2],[7,0,1,2,3,4,5,6,3],[2,0,7,2],[2,0,1,7,3],[2,0,2,3,1,4,5,6,7,8],[8,0,1,2,3,4,5,6,7,8,9,10,1],[4,1,2,1],[3,0,2,3,4,2],[9,0,1]],[[[[14,"vsUI"],[15,"vsUI",[-14,-15,-16,-17,-18,-19],[[22,45,-2],[25,-13,-12,-11,-10,-9,-8,-7,-6,-5,-4,-3]],[26,-1,0],[5,640,1335],[320,667.5,0,0,0,0,1,1,1,1]],[16,"heroCont",1,[-21,-22],[[23,1,345.658,-20]],[0,"85ZWChUQdDRbkKKpP95Azs",1,0],[-178.67,321.842,0,0,0,0,1,1,1,1]],[17,"bg",0,1,[[27,0,-23,[0],1],[24,45,-2180,-2180,-1832.5,-1832.5,5000,5000,-24],[28,-25]],[0,"5aBaDNNfhJc5EiIKMsZrCJ",1,0],[4,4284372513],[5,5000,5000]],[5,"xs",false,2,[-27],[[2,-26,[5],6]],[0,"9aBOweyp9IZJBr/B6GkQZZ",1,0],[5,232,70],[0,190,0,0,0,0,1,1,1,1]],[6,"New Label",4,[[3,"先手",30,30,1,1,-28,[4]],[1,3,-29,[4,4278190080]],[4,"vsUIMoveFirst",-30]],[0,"6dOITIplZDpa1FDtw8RNUt",1,0],[4,4278247679],[5,66,43.8],[0,8.085,0,0,0,0,1,1,1,1]],[7,"dunsan",false,2,[-31,-32],[0,"2coZ6E8l5LApdhZXmIBizI",1,0],[0,171.865,0,0,0,0,1,1,1,1]],[8,"New Label",6,[[3,"后手防御",25,25,1,1,-33,[10]],[1,3,-34,[4,4278190080]],[4,"vsUIMoveLater",-35]],[0,"33q3YTvsxPFrL7ZC/A/xW0",1,0],[5,106,37.5],[0,55.818,0,0,0,0,1,1,1,1]],[18,"enemyCont",1,[-36,-37],[0,"11ZxzFHrpCgoUCLN0MeqU5",1,0],[131.474,-390.794,0,0,0,0,1,1,1,1]],[7,"dunsan",false,8,[-38,-39],[0,"c7+k42jgBAqZjL5GikILcb",1,0],[0,171.865,0,0,0,0,1,1,1,1]],[8,"New Label",9,[[3,"后手防御",25,25,1,1,-40,[14]],[1,3,-41,[4,4278190080]],[4,"vsUIMoveLater",-42]],[0,"51z2rjjHFBl7bXLd0OC5ik",1,0],[5,106,37.5],[0,55.818,0,0,0,0,1,1,1,1]],[5,"xs",false,8,[-44],[[2,-43,[16],17]],[0,"c4hGZFF5lNMLO6RemlfsLN",1,0],[5,232,70],[0,192.756,0,0,0,0,1,1,1,1]],[6,"New Label",11,[[3,"先手",30,30,1,1,-45,[15]],[1,3,-46,[4,4278190080]],[4,"vsUIMoveFirst",-47]],[0,"c5e9tMoHtJM4+9Vs74BDzY",1,0],[4,4278247679],[5,66,43.8],[0,8.085,0,0,0,0,1,1,1,1]],[21,"tips",false,1,[[-48,[1,3,-49,[4,4278522156]],[4,"vsUIScMatchingOpponent",-50]],1,4,4],[0,"3339vmjAZKAKmSgcbgYsYz",1,0],[5,181,43.8],[0,55.592,0,0,0,0,1,1,1,1]],[19,"vsbg",false,1,[[2,-51,[2],3]],[0,"aaP6HCUNVIf7ESnuH0SjDl",1,0],[5,640,1385]],[9,"icon_2",6,[-53],[[2,-52,[8],9]],[0,"6bTqceCxRL0b9HvYD3zsue",1,0],[5,79,76]],[10,"New Label",15,[[13,"3",1,1,-54,[7]],[1,3,-55,[4,4278190080]]],[0,"bbbdAJFUhK6YMOIBItzi/P",1,0],[5,28.25,56.4]],[9,"icon_2",9,[-57],[[2,-56,[12],13]],[0,"97JqVZTRBJZZXqgcWBxK2y",1,0],[5,79,76]],[10,"New Label",17,[[13,"3",1,1,-58,[11]],[1,3,-59,[4,4278190080]]],[0,"17cE9+hhtEJbBxrDLts1OW",1,0],[5,28.25,56.4]],[20,"doorCont",1,[-60,-61],[0,"00qOygsBxLSJajsRDZHD3+",1,0]],[11,"door_1",19,[[12,1,0,-62,[18],19]],[0,"a5fpV4mEhFIZkekth8Tw7i",1,0],[5,500,1385],[0,0,0.5],[320,0,0,0,0,0,1,1,1,1]],[11,"door_0",19,[[12,1,0,-63,[20],21]],[0,"c3fDDzl05LTKBI/jc2d0yB",1,0],[5,500,1385],[0,0,0.5],[-320,0,0,0,0,0,1,-1,1,1]],[3,"寻找对手中...",30,30,1,1,13,[22]]],0,[0,3,1,0,0,1,0,4,9,0,5,6,0,6,11,0,7,4,0,8,14,0,9,22,0,10,21,0,11,20,0,12,8,0,13,2,0,0,1,0,-1,3,0,-2,14,0,-3,2,0,-4,8,0,-5,19,0,-6,13,0,0,2,0,-1,4,0,-2,6,0,0,3,0,0,3,0,0,3,0,0,4,0,-1,5,0,0,5,0,0,5,0,0,5,0,-1,15,0,-2,7,0,0,7,0,0,7,0,0,7,0,-1,9,0,-2,11,0,-1,17,0,-2,10,0,0,10,0,0,10,0,0,10,0,0,11,0,-1,12,0,0,12,0,0,12,0,0,12,0,-1,22,0,0,13,0,0,13,0,0,14,0,0,15,0,-1,16,0,0,16,0,0,16,0,0,17,0,-1,18,0,0,18,0,0,18,0,-1,20,0,-2,21,0,0,20,0,0,21,0,14,1,63],[0,0,0,0,0,0,0,0,0,0,0,0,0,0,0,0,0,0,0,0,0,0,0],[-1,1,-1,1,-1,-1,1,-1,-1,1,-1,-1,-1,1,-1,-1,-1,1,-1,1,-1,1,-1],[0,4,0,5,0,0,1,0,0,2,0,0,0,2,0,0,0,1,0,3,0,3,0]],[[{"name":"door","rect":[0,0,320,1385],"offset":[0,0],"originalSize":[320,1385],"capInsets":[302,0,0,0]}],[1],0,[0],[2],[6]],[[{"name":"caidai","rect":[0,0,232,70],"offset":[0,0],"originalSize":[232,70],"capInsets":[0,0,0,0]}],[1],0,[0],[2],[7]],[[{"name":"vsbg","rect":[0,0,640,1385],"offset":[0,0],"originalSize":[640,1385],"capInsets":[0,0,0,0]}],[1],0,[0],[2],[8]]]]