[1,["7a/QZLET9IDreTiBfRn2PD","a0K3PwrSxOfrK7zk+Pt6CA","96qsKW1P9NAK5U0QtnKjUH"],["node","root","data","_N$skeletonData"],[["cc.Prefab",["_name"],2],["cc.Node",["_name","_components","_prefab","_contentSize"],2,9,4,5],["sp.Skeleton",["defaultAnimation","_preCacheMode","_cacheMode","_animationName","_N$enableBatch","node","_materials","_N$skeletonData"],-2,1,3,6],["cc.CircleCollider",["_radius","node"],2,1],["2707dq5zzBBO4ixkxdjzf4B",["node"],3,1],["cc.PrefabInfo",["fileId","root"],2,1],["sp.SkeletonData",["_name","_atlasText","textureNames","_skeletonJson","textures"],-1,3]],[[0,0,2],[1,0,1,2,3,2],[2,0,1,2,3,4,5,6,7,6],[3,0,1,2],[4,0,1],[5,0,1,2],[6,0,1,2,3,4,5]],[[[[0,"explosive9"],[1,"explosive9",[[2,"biubiu_009b",1,1,"biubiu_009b",true,-2,[0],1],[3,100,-3],[4,-4]],[5,"683CQvM+JISphq0TljZrzg",-1],[5,245,224]]],0,[0,1,1,0,0,1,0,0,1,0,0,1,0,2,1,4],[0,0],[-1,3],[0,1]],[[[6,"biubiu_009b","\r\nbiubiu_009b.png\r\nsize: 1024,1024\r\nformat: RGBA8888\r\nfilter: Linear,Linear\r\nrepeat: none\r\n009b1\r\n  rotate: false\r\n  xy: 2, 348\r\n  size: 288, 325\r\n  orig: 288, 325\r\n  offset: 0, 0\r\n  index: -1\r\n009b2\r\n  rotate: false\r\n  xy: 2, 675\r\n  size: 293, 324\r\n  orig: 293, 324\r\n  offset: 0, 0\r\n  index: -1\r\n009b3\r\n  rotate: false\r\n  xy: 297, 716\r\n  size: 271, 283\r\n  orig: 271, 283\r\n  offset: 0, 0\r\n  index: -1\r\n009b4\r\n  rotate: false\r\n  xy: 2, 94\r\n  size: 241, 252\r\n  orig: 241, 252\r\n  offset: 0, 0\r\n  index: -1\r\n009b5\r\n  rotate: false\r\n  xy: 570, 802\r\n  size: 208, 197\r\n  orig: 208, 197\r\n  offset: 0, 0\r\n  index: -1\r\n009b6\r\n  rotate: false\r\n  xy: 2, 2\r\n  size: 98, 90\r\n  orig: 98, 90\r\n  offset: 0, 0\r\n  index: -1\r\n",["biubiu_009b.png"],{"skeleton":{"hash":"qL1tWOjRLQclAqTB26lR4zk19ng","spine":"3.6.53","width":245,"height":224,"images":"./images/"},"bones":[{"name":"root","scaleX":0.4,"scaleY":0.4},{"name":"bone","parent":"root"}],"slots":[{"name":"009b6","bone":"bone","attachment":"009b6"},{"name":"009b5","bone":"bone"},{"name":"009b4","bone":"bone"},{"name":"009b3","bone":"bone"},{"name":"009b2","bone":"bone"},{"name":"009b1","bone":"bone"}],"skins":{"default":{"009b1":{"009b1":{"x":-4.36,"y":-2.8,"width":719,"height":812}},"009b2":{"009b2":{"x":-7.86,"y":-1.3,"width":732,"height":809}},"009b3":{"009b3":{"x":-3.86,"y":-2.8,"width":678,"height":708}},"009b4":{"009b4":{"x":-2.86,"y":-2.8,"width":602,"height":630}},"009b5":{"009b5":{"x":-3.86,"y":48.7,"width":520,"height":493}},"009b6":{"009b6":{"x":-3.36,"y":-2.8,"width":245,"height":224}}}},"animations":{"biubiu_009b":{"slots":{"009b1":{"color":[{"time":0.5667,"color":"ffffffff","curve":[0.25,0,0.75,1]},{"time":0.6333,"color":"ffffff00"}],"attachment":[{"time":0.5,"name":"009b1"}]},"009b2":{"attachment":[{"time":0.4,"name":"009b2"},{"time":0.5,"name":null}]},"009b3":{"attachment":[{"time":0.3,"name":"009b3"},{"time":0.4,"name":null}]},"009b4":{"attachment":[{"time":0.2,"name":"009b4"},{"time":0.3,"name":null}]},"009b5":{"attachment":[{"time":0.1,"name":"009b5"},{"time":0.2,"name":null}]},"009b6":{"attachment":[{"time":0,"name":"009b6"},{"time":0.1,"name":null}]}},"bones":{"bone":{"scale":[{"time":0,"x":0.2,"y":0.2,"curve":[0.25,0,0.75,1]},{"time":0.0333,"x":1,"y":1,"curve":"stepped"},{"time":0.5,"x":1,"y":1,"curve":[0.25,0,0.75,1]},{"time":0.6333,"x":1.3,"y":1.3}]}}}}},[0]]],0,0,[0],[-1],[2]]]]