[1,["ecpdLyjvZBwrvm+cedCcQy","f0BIwQ8D5Ml7nTNQbh1YlS","195c5522b","e97GVMl6JHh5Ml5qEDdSGa","29FYIk+N1GYaeWH/q1NxQO","1dWhRlG8tOo7b3+Dksps0t","1bca3c7ac","dbNqewXNtPjqNyDXP0ctJ4","4fiMyP7aNBSY4poVfXNfK+","efLqjobrFNhaUjbpTgDue7","6eXlkY+DNDjoo0PW28iX8/","99RlS/1T9DIr1gc+L84LKH","edfkg6kZJLxpl4BdzBDSSv","69q3Rgk3JE5a1tAstj9jyH","e8No9//CNCcoVRH4i1GHvs","300PJq1kVAiowi9GNnLKuo"],["node","_spriteFrame","_textureSetter","_parent","_N$normalSprite","_N$pressedSprite","_N$hoverSprite","_N$disabledSprite","root","exchangeSprite","exchangeLabel","diamondLabel","exchangeButton","data"],["cc.SpriteFrame",["cc.Node",["_name","_components","_prefab","_contentSize","_parent","_children","_trs"],2,9,4,5,1,2,7],["cc.Label",["_string","_N$horizontalAlign","_N$verticalAlign","_lineHeight","_fontSize","_enableWrapText","node","_materials"],-3,1,3],["cc.Node",["_name","_parent","_components","_prefab","_contentSize","_trs","_children","_anchorPoint"],2,1,2,4,5,7,2,5],["cc.Sprite",["_type","_sizeMode","node","_materials","_spriteFrame"],1,1,3,6],["cc.Button",["zoomScale","_N$transition","_N$enableAutoGrayEffect","node","clickEvents","_N$normalColor","_N$pressedColor","_N$disabledColor","_N$target","_N$normalSprite","_N$pressedSprite","_N$hoverSprite","_N$disabledSprite"],0,1,9,5,5,5,1,6,6,6,6],["cc.Prefab",["_name"],2],["a2bbdzy4UJJ65VrnqbThiRb",["node","screenSize"],3,1,2],["cc.BlockInputEvents",["node"],3,1],["095cbB1T3BGjYPbnwd2ta5g",["node","exchangeButton","diamondLabel","exchangeLabel","exchangeSprite","exchangeSpriteFrames"],3,1,1,1,1,1,3],["cc.PrefabInfo",["fileId","root"],2,1],["cc.Widget",["alignMode","_alignFlags","_originalWidth","_originalHeight","node"],-1,1],["cc.ClickEvent",["_componentId","handler","target"],1,1]],[[10,0,1,2],[4,0,1,2,3,4,3],[1,0,4,5,1,2,3,6,2],[1,0,4,1,2,3,6,2],[11,0,1,2,3,4,5],[12,0,1,2,3],[1,0,1,2,3,2],[1,0,5,1,2,3,2],[3,0,1,2,3,4,7,5,2],[5,0,1,3,4,5,6,7,8,9,10,11,12,3],[2,0,3,1,2,6,7,5],[2,0,1,2,6,7,4],[6,0,2],[1,0,4,1,2,3,2],[3,0,1,6,2,3,4,5,2],[3,0,1,2,3,4,5,2],[7,0,1,1],[8,0,1],[9,0,1,2,3,4,5,1],[4,2,3,4,1],[4,2,3,1],[5,3,4,5,6,7,8,9,10,11,12,1],[5,0,2,1,3,4,5,6,7,8,4],[2,0,4,3,1,2,6,7,6],[2,0,3,5,1,2,6,7,6]],[[[{"name":"button_fy007","rect":[437,652,64,64],"offset":[0,0],"originalSize":[64,64],"capInsets":[0,0,0,0]}],[0],0,[0],[2],[6]],[[{"name":"icon_fy005","rect":[965,166,33,42],"offset":[0,0],"originalSize":[37,46],"capInsets":[0,0,0,0]}],[0],0,[0],[2],[2]],[[[12,"exchange"],[7,"exchange",[-10,-11,-12,-13,-14,-15],[[16,-3,[-2]],[17,-4],[18,-9,-8,-7,-6,-5,[35,36]]],[0,"fcnjFwdkBP2bkI5kKwyV1h",-1],[5,750,1334]],[2,"New Sprite",1,[-17,-18,-19,-20,-21],[[1,1,0,-16,[25],26]],[0,"4eULTWKixDzpusno0bCQJJ",1],[5,460,166],[0,135,0,0,0,0,1,1,1,1]],[2,"New Sprite",1,[-23,-24,-25],[[1,1,0,-22,[30],31]],[0,"caCHAsUOxEcIsbCQAEjw/g",1],[5,460,166],[0,-60,0,0,0,0,1,1,1,1]],[7,"Background",[-28],[[1,1,0,-26,[33],34],[4,0,45,100,40,-27]],[0,"03KS3n939DirvuS9XHXwgP",1],[5,270,115]],[6,"Background",[[1,1,0,-29,[3],4],[4,0,45,100,40,-30]],[0,"765NaXZuJOcrIACN2mhLqn",1],[5,121,87]],[6,"Background",[[1,1,0,-31,[13],14],[4,0,45,100,40,-32]],[0,"70CNXaNk1La4hIcBoUSe6q",1],[5,64,64]],[6,"Background",[[1,1,0,-33,[19],20],[4,0,45,100,40,-34]],[0,"b0TpLK535OGatPymzOKGz7",1],[5,64,64]],[2,"New Button",1,[5],[[21,-35,[[5,"a2bbdzy4UJJ65VrnqbThiRb","closeViewWithClickSound",1]],[4,4293322470],[4,4291348680],[4,3363338360],5,5,6,7,8]],[0,"d2Vwz3xfREkJLPI4x4mBO+",1],[5,121,87],[267.6,300.4,0,0,0,0,1,1,1,1]],[2,"New Button",2,[6],[[9,1.1,3,-36,[[5,"095cbB1T3BGjYPbnwd2ta5g","onDiamondMinus",1]],[4,4293322470],[4,4291348680],[4,3363338360],6,15,16,17,18]],[0,"98qNR8AkhNJqWZP1y0De4A",1],[5,64,64],[-184,-25,0,0,0,0,1,1,1,1]],[2,"New Button copy",2,[7],[[9,1.1,3,-37,[[5,"095cbB1T3BGjYPbnwd2ta5g","onDiamondPlus",1]],[4,4293322470],[4,4291348680],[4,3363338360],7,21,22,23,24]],[0,"37gAA+ArZLt5B8xFWk27iE",1],[5,64,64],[184,-25,0,0,0,0,1,1,1,1]],[14,"New Button",1,[4],[-38],[0,"1dcS/v47VAnrowXhG4yM7T",1],[5,270,115],[1,-246,0,0,0,0,1,1,1,1]],[13,"New Sprite",1,[[1,1,0,-39,[0],1]],[0,"f83CmeJlVIMLxRn+aw7nZn",1],[5,675,700]],[3,"New Label",1,[[23,"Exchange",50,60,1,1,-40,[2]]],[0,"3298Epx5dA2p7t4KBZtD++",1],[5,200,75.6],[0,289,0,0,0,0,1,1,1,1]],[3,"New Label",2,[[10,"expend",50,1,1,-41,[9]]],[0,"e6s93TeOdNZbWckdcgkNmm",1],[5,80,63],[0,54,0,0,0,0,1,1,1,1]],[8,"New Label",2,[-42],[0,"e6FKMzkQ1M6Kg1/u6BVd94",1],[5,22.25,50.4],[0,1,0.5],[-13,-29.1,0,0,0,0,1,1,1,1]],[11,"0",1,1,15,[10]],[3,"New Sprite",2,[[19,-43,[11],12]],[0,"afZUCP7lxI+4lmLskTT0LW",1],[5,50,39],[17.2,-29.4,0,0,0,0,1,1,1,1]],[3,"New Label",3,[[10,"Rewared",50,1,1,-44,[27]]],[0,"faMrPtIIhO+rF6wxj5y2Ul",1],[5,80,63],[0,53,0,0,0,0,1,1,1,1]],[8,"New Label",3,[-45],[0,"9aPRA0lw9AeaoiaA7R4CNO",1],[5,22.25,50.4],[0,1,0.5],[16,-29,0,0,0,0,1,1,1,1]],[11,"0",1,1,19,[28]],[15,"New Sprite",3,[-46],[0,"7bR7gks3BO57ZBNFieUuYg",1],[5,47,47],[45,-31,0,0,0,0,1,1,1,1]],[20,21,[29]],[3,"Label",4,[[24,"Exchange",60,false,1,1,-47,[32]]],[0,"71bi3n2+hCdbedAWNl4hvM",1],[5,80,75.6],[0,3,0,0,0,0,1,1,1,1]],[22,1.1,true,3,11,[[5,"095cbB1T3BGjYPbnwd2ta5g","onExchange",1]],[4,4293322470],[4,4291348680],[4,3363338360],4]],0,[0,8,1,0,-1,1,0,0,1,0,0,1,0,9,22,0,10,20,0,11,16,0,12,24,0,0,1,0,-1,12,0,-2,13,0,-3,8,0,-4,2,0,-5,3,0,-6,11,0,0,2,0,-1,14,0,-2,15,0,-3,17,0,-4,9,0,-5,10,0,0,3,0,-1,18,0,-2,19,0,-3,21,0,0,4,0,0,4,0,-1,23,0,0,5,0,0,5,0,0,6,0,0,6,0,0,7,0,0,7,0,0,8,0,0,9,0,0,10,0,-1,24,0,0,12,0,0,13,0,0,14,0,-1,16,0,0,17,0,0,18,0,-1,20,0,-1,22,0,0,23,0,13,1,4,3,11,5,3,8,6,3,9,7,3,10,47],[0,0,0,0,0,0,0,0,0,0,0,0,0,0,0,0,0,0,0,0,0,0,0,0,0,0,0,0,0,0,0,0,0,0,0,0,0,22,24,24,24,24],[-1,1,-1,-1,1,4,5,6,7,-1,-1,-1,1,-1,1,4,5,6,7,-1,1,4,5,6,7,-1,1,-1,-1,-1,-1,1,-1,-1,1,-1,-2,1,4,5,6,7],[0,9,0,0,10,1,3,1,4,0,0,0,11,0,5,5,3,1,4,0,12,5,3,1,4,0,13,0,0,0,0,14,0,0,7,8,15,8,7,3,1,4]],[[{"name":"frame_fy030","rect":[790,837,100,166],"offset":[0,0],"originalSize":[100,166],"capInsets":[28,89,30,54]}],[0],0,[0],[2],[2]],[[{"name":"icon_fy006","rect":[960,214,46,39],"offset":[0,0],"originalSize":[50,43],"rotated":1,"capInsets":[0,0,0,0]}],[0],0,[0],[2],[2]],[[{"name":"frame_fy031","rect":[676,369,100,166],"offset":[0,0],"originalSize":[100,166],"rotated":1,"capInsets":[29,104,36,41]}],[0],0,[0],[2],[2]],[[{"name":"button_fy008","rect":[407,818,64,64],"offset":[0,0],"originalSize":[64,64],"capInsets":[0,0,0,0]}],[0],0,[0],[2],[6]]]]