[1,["7a/QZLET9IDreTiBfRn2PD","bahK2tbYZKS7zljJYE8RsQ","ecpdLyjvZBwrvm+cedCcQy","73rs8vBYhPl4pSezkgs83Q","12d9e6856"],["node","root","data","_N$skeletonData","_spriteFrame","_textureSetter"],[["cc.Node",["_name","_groupIndex","_components","_prefab","_contentSize","_children","_parent"],1,9,4,5,2,1],"cc.SpriteFrame",["cc.Prefab",["_name"],2],["cc.Sprite",["node","_materials","_spriteFrame"],3,1,3,6],["cc.BoxCollider",["node","_size"],3,1,5],["5c07bd2qlBC57ZQMODENtUU",["node"],3,1],["cc.PrefabInfo",["fileId","root"],2,1],["sp.Skeleton",["defaultAnimation","_preCacheMode","_cacheMode","_animationName","node","_materials","_N$skeletonData"],-1,1,3,6]],[[6,0,1,2],[2,0,2],[0,0,1,5,2,3,4,3],[0,0,6,2,3,4,2],[3,0,1,2,1],[4,0,1,1],[5,0,1],[7,0,1,2,3,4,5,6,5]],[[[[1,"prop13"],[2,"prop13",2,[-5],[[4,-2,[2],3],[5,-3,[5,47,48]],[6,-4]],[0,"dfeSbMOYhD1KnbqsTLoqtC",-1],[5,42,42]],[3,"fluxay",1,[[7,"prop_001i",1,1,"prop_001i",-6,[0],1]],[0,"48qLG+S8ZKaKeq3njVNCGX",1],[5,76.39,76.88]]],0,[0,1,1,0,0,1,0,0,1,0,0,1,0,-1,2,0,0,2,0,2,1,6],[0,0,0,0],[-1,3,-1,4],[0,1,2,3]],[[{"name":"prop_013i","rect":[283,616,49,47],"offset":[0,0],"originalSize":[49,47],"capInsets":[0,0,0,0]}],[1],0,[0],[5],[4]]]]