{"paths":{"0":["skill/shandian/6",2],"1":["face/face",0],"2":["face/face",2],"3":["skill/shandian/2",2],"4":["skill/shandian/guanghuan",2],"5":["loading/loading",0],"6":["teach/shouzhi",2],"7":["teach/duihuakuang",2],"8":["skill/shandian/guang",2],"9":["fanshang/fanshang",0],"10":["skill/shandian/7",2],"11":["skill/shandian/tx_shifa_diandian",2],"12":["skill/hpUp/hpUp",2],"13":["sbBuff/shanbi",0],"14":["bjBuff/baoji",0],"15":["loading/loading",2],"16":["skill/hpUp/hpUp",0],"17":["skill/shandian/fangkuai",2],"18":["skill/shandian/1",2],"19":["skill/hudun/hudun",0],"20":["skill/shandian/3",2],"21":["skill/xixue/xixue",0],"22":["book/book",0],"23":["skill/xixue/xixue",2],"24":["skill/shandian/bj",2],"25":["skill/shandian/4",2],"26":["sbBuff/shanbi",2],"27":["skill/shandian/dimian",2],"28":["book/book",2],"29":["fanshang/fanshang",2],"30":["bjBuff/baoji",2],"31":["skill/shandian/caiseguang",2],"32":["chest/baoxiang",0],"33":["teach/duihua",0],"34":["hero/hero",2],"35":["skill/hudun/hudun",2],"36":["teach/shouzhi",0],"37":["skill/shandian/5kuoda",2],"38":["teach/duihua",2],"39":["chest/baoxiang",2],"40":["hero/hero",0],"41":["skill/shandian/shitou",2],"42":["book/book",1],"43":["skill/shandian/tx_shifa_diandian",3,1],"44":["hero/hero",1],"45":["teach/shouzhi",1],"46":["skill/shandian/7",3,1],"47":["skill/shandian/guanghuan",3,1],"48":["fanshang/fanshang",3,1],"49":["skill/shandian/2",3,1],"50":["teach/duihua",1],"51":["chest/baoxiang",1],"52":["sbBuff/shanbi",1],"53":["fanshang/fanshang",1],"54":["teach/shouzhi",3,1],"55":["skill/shandian/6",3,1],"56":["skill/hpUp/hpUp",3,1],"57":["skill/shandian/1",3,1],"58":["skill/shandian/dimian",3,1],"59":["skill/xixue/xixue",3,1],"60":["skill/hudun/hudun",3,1],"61":["loading/loading",3,1],"62":["teach/duihuakuang",3,1],"63":["bjBuff/baoji",1],"64":["skill/shandian/caiseguang",3,1],"65":["skill/shandian/3",3,1],"66":["face/face",3,1],"67":["skill/shandian/guang",3,1],"68":["bjBuff/baoji",3,1],"69":["skill/xixue/xixue",1],"70":["chest/baoxiang",3,1],"71":["skill/hudun/hudun",1],"72":["face/face",1],"73":["skill/shandian/5kuoda",3,1],"74":["skill/hpUp/hpUp",1],"75":["loading/loading",1],"76":["teach/duihua",3,1],"77":["sbBuff/shanbi",3,1],"78":["skill/shandian/4",3,1],"79":["hero/hero",3,1],"80":["book/book",3,1],"81":["skill/shandian/fangkuai",3,1],"82":["skill/shandian/shitou",3,1],"83":["skill/shandian/bj",3,1]},"types":["cc.Asset","sp.SkeletonData","cc.Texture2D","cc.SpriteFrame"],"uuids":["05xaYeV6RJerYRHPiDgMAG","0fiRXf5eVJEpCqTdB4QAYG","0f5Dl5+VVNgZqJI/Z0OtvK","1aYP8tPupJ15eXNLNcjZYX","1cTazj+IVD9pfEwTKEIlR5","1c5lSGbGNPKLYZjLlmaCh0","23tcWdwapJO6Osv4or9L/N","2bSftbfQZCcIUiJksOSbJS","2ckIwGj41KaobLQXGPkPTf","2fpH3hu2RMiJw24l34WpIG","31T1cJAn1LQru7/mf8v52c","46IprBi9JMwaERjO59MY6L","6cZ83PLp5GcJBUO9i/PZBS","71x8HILyZMS4YFVJdA6ZZ3","82hN7yDZpJFJVQ9uLCupaS","87R31epFVH3ae3WQqK3Cau","88UhXbIBhMeYlNSW8Wf7cp","8dH9b+oNJGt5NyV6c3y8//","95EYNCYUpN05kRTpfIWBLH","96rUfEnbtK07L1WQStx6F8","9a9xSVSwNH3YUmIF4ofgi9","9cGWz5S1VHb7bRHkZWecxf","a1aREYqQRHrKj2EeVHIykT","a4HCfXTnJCaIj6HdvE/1az","a9Gca/46dCdoCY+E45dpC9","ac5WDUp7xGpq7j9vkjBJw5","adnNPyK8hNi4uSAI9n10UA","b3mAj13CVOsLXc+KddHjo5","b5DONwNQdMebIjgrOye//h","b9T8iH8YNEwapLZ5358vX8","bc/6vWgDpCH4Vro+NZ5EJp","c4f1ALD0lH36cAZoPNEaV7","c41qlu3H5KGL8wWndO5fvG","d5pEB+INpIVZer6svgexWv","d6rYeMt+ZCHYSDbMs5fSbo","d9dLNkkNVIo6/1ReUZ9A7b","daWDJwx51NGKrCF1iMSXN2","e2ldGre5pIC5axWqJYl61F","e8EZOrn0RILLXh6xxSB+B5","eeIbZIB+ZLD5HQ0LccQ6go","f0i5nQXThOr7PnIddWYJx6","fb5wuUyxZLP5XSkXl1oAyT","00waWd68JF8J3yPHsgPRcS","02jT83a45JIrEpnaIUIppA","06tIgRMhtDvayxXKavYTML","17E9CZBhFIFI8f9EPOsS27","17rRN3GKBCopHw/qE/QPNi","1aEAasX4ZMvIYgOWnFAk8j","1an+e6pt9LzZh6TIvty9RO","26MA5huw5LK7xNEA8PCa3T","29Gl5qgTRG2Z43aIFrKM8Q","2fiXxmaJ9F8roQuh3lc62Y","37IvqNYWhLD544z75yej/3","3aN/VG6p5AnI2j5uJknicg","3aOJVNf5tN4Y8AZgHvxzbK","3fUUVGshhL2Z7fDZnnRwuA","427RzEoYlJ/5cf2GtG0XLG","4anc7E45NIfqdGjXyo/4Ds","566PNMBPxEMIw2riHPd3he","685h6Ae9tKt4586dWpVSoc","795whWA3xEFp7kyX3Tc4rT","7bFSZBxIdNnJn+hXCnlu22","81tWbNkHtDDJ9hvta4JAPV","84SYB4DVZBLJaIajsu/cgo","86jzz16ehJyZY4uPjkVSza","92uO4LmshFbLGJ5eEJGZA+","9d8yF3VJBLgrEe8z4c0jYO","bd9hDen5pDiYvdkqKDeaa1","c48kU+lodFJb7eFO9PyjZw","c8weR5QShCHZWvznd/BZO2","cd0YYULGpCGrgYld9BvICO","d27nqQ/rZP7JvdaTvPEDNQ","d51OfAFPVG3YbPlqUNw68s","d7ff4U93BAKI3FhiBJusGZ","d9ERjzps9MypFTu4f8a/gL","de4827jhhJfZgGgpJwJ8FG","dfTr+UojRADIS3cnLe9QIW","e0jAjZxhdNN5M7QX38VWr5","ecH4T9pJJIhqDSKHPiyiPB","ec/Z475lRKCLY6BNnU4OM5","ed27Hm8WdF1apiD6E7p4qw","f8Lt+zNy1KgraQZmC5w1eS","fa7SZFdNVLGbm/7mvm3q0Y","ffW0IK4xpDELa0/emtsdnc"],"scenes":{},"redirect":[],"deps":[],"packs":{"0255569a5":[0,2,3,4,6,7,8,10,11,12,15,17,18,20,23,24,25,26,27,28,29,30,31,34,35,37,38,39,41]},"name":"gameBone","importBase":"import","nativeBase":"native","debug":false,"isZip":false,"encrypted":false,"versions":{"import":[42,"2717e","0255569a5","604ca",43,"73b83",44,"88a85",1,"0e557",45,"fb97b",46,"19584",47,"ab221",48,"dd7ab",5,"afd8d",49,"4feff",50,"d143b",51,"f8ede",9,"2ab4c",52,"bb743",53,"371b9",54,"238e1",55,"ca74a",56,"8b979",57,"d5edf",58,"0be2b",59,"e36b4",13,"4eb37",60,"b5793",61,"adf69",62,"45040",14,"20234",63,"85781",64,"2973a",16,"76213",65,"74aa1",19,"83df4",21,"7d518",66,"e949f",22,"5266d",67,"55dff",32,"70be2",68,"debcb",69,"7522f",70,"dacf2",71,"00d81",33,"6e92d",72,"a725f",73,"d5b3a",74,"ca5f6",36,"3851f",75,"2c7da",76,"9e64f",77,"c50fd",78,"d2af8",79,"d67df",80,"fa4b0",40,"3d801",81,"167f1",82,"8b5fc",83,"f2742"],"native":[0,"dc55a",1,"425ad",2,"867ed",3,"5dc59",4,"08511",5,"85e5e",6,"e4559",7,"19336",8,"c36f2",9,"46b64",10,"bdc92",11,"558db",12,"bd0f1",13,"31c2b",14,"915bb",15,"ea903",16,"bddd3",17,"53706",18,"9c4f9",19,"442a8",20,"894b1",21,"2c43e",22,"442c4",23,"95648",24,"87da8",25,"edb35",26,"d49ef",27,"4093a",28,"6b5ec",29,"da46d",30,"5c223",31,"0a14b",32,"ae408",33,"bd007",34,"03145",35,"720dc",36,"b3742",37,"15d53",38,"d8951",39,"487a2",40,"89441",41,"0540e"]}}