{"paths":{"0":["menu_3",0],"3":["NpcWarUI",0],"9":["GameWinUI",0],"12":["LoginUI",0],"14":["XLResultUI",0],"17":["GameOver",0],"18":["AccountUI",0],"22":["ZhouBianADUI",0],"24":["RockAlert",0],"25":["RandWarUI",0],"28":["MangheEff",0],"34":["infoContUI",0],"36":["vsUI",0],"39":["ZLReward",0],"48":["SuDiUI",0],"50":["RockAlertYesNo",0],"52":["helpUI",0],"54":["BossWarUI",0],"56":["RankUI",0],"64":["SignUI",0],"65":["LueDuoUI",0],"66":["menu_1",0],"67":["GongGaoUI",0],"68":["bookUI",0]},"types":["cc.Prefab"],"uuids":["05kDhB1tZLSqoe/+p747Xc","07Ma+kJqJDvLZaCHv38Cx1","07n7XSvSZE+If8DBl0X3Fi","08TbW66jtB35tDdA7EuFlX","0box2kA4NDlamLhBLYVkE7","0cWfafz/dIpoSxNCSPnPdk","12GkG4PZxG67YaHQbj2nJz","12/49mR0BIkL2l43fwLVSn","16dcMrLDJHGLSXfKPPgFMy","17zFEfTKFNLrUBIQDXihsP","1dg9tFws9IYq1tTsU1FFqd","29XHZybZ1JS6iw9BnnxdRs","2cFhFgfIxM1652aFbwRNtl","2fyaFDiURAlpKDl5ocO9UK","35Wolb+NdFxIvxQtOgKCEd","385nUtpMRNs4otDHz470cP","39TzX2grdDj7KTAidzEVXk","405QJadcBC/Kx23pbmXEb7","483Xxf1UpKu4HgXEL/hR3s","57Ry7auLVK25UpARWByM2y","59d+qFnMZLzZt4xeUroWms","5f3CzqLEFHhLOh5Xkt61pJ","5f3v9dn6NMmqFdY1OxDP7k","61Sh9tf0NIQJiyoeLyl06e","620W7nCjRLC6inv1qb6HQx","655K69qOZEj4VzNCSw0ctZ","6b0fybcQJDvqX1bSxiHWZW","6cm+epzu9BPZztef910WfE","6eqZ9i6yVI/JsAfUPjEsCh","73xPRRN+xHh7S4VIEfQEho","74MxrqHjVHFpIkOeK3NdAd","76CqiBNL1CfqCb6hLWL3VJ","79H87L6jdMQp/rJZh/BFY3","7f1bTk5LBIlKd6E4+8hSPB","81tEClRRNBr72dNaoSDrAp","82DaCIMOpEYIA+fsje1JMc","87UsW1vi5MxYRGsTFfuJmc","87n8igZ/ZDlYdAfRW3CAA1","89y5s5D7JJtLzYz2lHmlam","8adUjGK6BGYahzz9LEQWrS","8ba6rlKLtEVbZQz2CYAwMe","99FwsL0hBG8bITfZ4/IwmK","9aJ92cuUJPCbs+6UOC+qRK","9eCTggMH5Bfp02js6wKI89","a4e0ViIrFFUKJNEJgFz/UZ","a7v71gQRhBVqTTEL3Wo2q1","b0PWkJ9cJArZTF6KctGywn","b5SyWkWJROa5FcIQml1FzA","b8BpBjuOFPkbN9wQDfLQpQ","c71Ds7CotCC7dl4xPmse2J","cem6kuWkdKqK0pv93blMlQ","cf73jxyN9Jt47QTJU6ziYh","d1jGQfImZB3Jk24Eqemeq1","d6rYeMt+ZCHYSDbMs5fSbo","d7SaEOpORIyqcr7yWgGWZa","d7sGss/qxCY4vYu7FmB1O4","d76XA16T9BQqEVtYTpd2kF","d9G58j8iNJI6nPFLKbRbmP","dabxLhFs1EiZF9g+b6YovI","da9tvScmZOsLqayoASZ++7","e3m1qjXKVAwZb9EHdKVsbC","ebJfba2fFBf4i5onErBJxt","eeIbZIB+ZLD5HQ0LccQ6go","f4zCjY7CFBZ46HNte8xYfB","f5GefaL/ZAkqmYw9i+/zH7","f9MB2RSUxHAJAgV4GekKF+","fbp8GaCTJIurarb/0v72zX","feOzz9Ai5EgLGJH6CAjUgT","feVXzxGr1KE62/xPVxL0XM","01gtSNfzxGG5aIMXK9LQvL","03DsHuuSFMCJDN1uFf8mfb","06tIgRMhtDvayxXKavYTML","07nwQ/Vn5DgoPC4sXVIwxO","0cqr3+LwlCQ49gx3tEhwhs","0etlm1+s9Mu73arMoJUgXV","13ElyVTn9CAr2JWzWsy5aS","1f4bNdteNNNZbFL0bk8jJD","26uw8Yz6tHj6cszbak9qZq","28QJ/FZtVC0odeJjKnspRR","29mzCLXPpBAblmHX7ihsj4","2fiXxmaJ9F8roQuh3lc62Y","2f1LY3RudKyomM1Iytl+5a","30MWPzorpIDa9hHqhnAvWV","34Z4I9Lf1AZoSdsRP8VNom","37xbNw8EpKMZG1CFSVfyUD","3ae7efMv1CLq2ilvUY/tQi","3di3r6up9A85HCDh4/8uBu","43DQZP9VhDnpmZ9Y0y9OqY","442e9RQtlBjIPo/DegcyLL","4ey5mh7/VNs7K9gj59l5a0","51k848XqlKiYdDTjT8XIXj","516v9SArFGQrkkpzjML8Zz","526riivPNPpLUS0DhEXGCe","59cFSZ8JtK/J/AS73aJ6Hk","64tebmpbNAcL82wI6+zJiX","658HVIzEZBZ6dib2qkl3RJ","67wIB8yMRF4IBTbknN9MNL","675ovJ2tVK2aLYfgPUWOMv","69eW0UWQFN7ogsllk55Rc7","6bgXx08QpFO5nj8JnWUSVK","6cRyoYYuxKi7YxQd7XKBC0","71lq7qmPlJ1rrFu6OkwmZO","77zOWh+j5Jn5olz0B10oZv","79muObDflAJoVS/0cdYxl2","7a/QZLET9IDreTiBfRn2PD","8855/VlrRKd6H0MSRnFxAU","8aYoF8Zx5ITohd4c9sDtzu","8bNjd0YudF3aKPYMqEaYyZ","8coLJdpy1AmoGfh5k3QdfB","8dLpMhZz1BTJb3oeg5N7uT","8eHCUCwGpDN7/YV7Sq9ruW","8eWH0M8YtBEYjQ+ysmF7sk","93CuRq73FEZ6gb4kJRbKQv","97u+IRDSFFGINJ69UT90D8","99f0esG41HNJv9nAZeEcSw","9aH8BhRQJOXY5SBzxSkvxY","9aasKiD5RKSrJEM30wxCOK","9ar22hZQhPor9yqNNYi6ZF","9bCZfdDdpOGL5duK9/jpGk","a2MjXRFdtLlYQ5ouAFv/+R","a8ShYPxYBHIpcGqHmUZa9P","a8o3jCOZ1I8pKfzoO8HIVB","aaqUzaelhK67CEgt55k5Xx","b7V3MdZJ5CNZZmLRPpbxeD","c0J9bXctZM2bX4PBTKqeb1","c1BNJxVUpHLb/ihNg1Mvg9","c2bi/j3f1HY4+mLXXFnPpS","c2eniEB/5Ip6+YQ6t5FYlh","c3+3XFrsNMWZaEYIa0BTQ6","c4xLTtRTZB8JdytJy/CSxK","c6DibYlk9EZIEedg2iA/hU","c6Muzndq5D5rBuAyqMjqhL","c84quVto1D647nhQJt8ES0","caG2gyA7BFNIh6BnDmrbYt","d4dkCnKNdBR6bni8R2gWIm","d4xwBQdJdJVpajcCyQIv5f","d7HwJyrVJHu7bmx+pzrOgM","deZz53j3FGApdYRyW6Fcq6","e63u2kqYdDj7qD2NI+9CII","e7ix2vFAlA4KM/Y7vnXfdF","e7mxc0TFpFZKrPetNdpxUR","ecpdLyjvZBwrvm+cedCcQy","efqQv9r8ZCnJ9GFPePLvb7","f4jBJobypN45YzS37deL1V","f4z7m/PRdJGLJWhlfyEqt4","f5DJnGXR1CiI3Rwn5LKH9x"],"scenes":{},"redirect":[73,0,75,0,77,0,78,0,79,0,84,0,85,1,86,0,88,0,90,0,95,0,96,0,99,0,100,0,103,0,104,1,106,0,107,0,111,0,114,0,115,0,116,0,117,0,119,0,122,0,124,0,126,0,131,0,134,0,138,0,139,0,141,1],"deps":["resources","internal"],"packs":{"02bc007c0":[69,76,110,56],"0310c18c7":[28,145],"044d166f1":[17,123],"0650e4f98":[118,135],"0879d7d07":[12,94],"09bbf4ac5":[1,2,4,5,6,7,8,10,11,13,15,16,19,20,21,23,26,27,29,30,31,32,33,35,37,38,40,41,42,43,44,45,46,47,49,51,53,55,57,58,59,60,61,62,63],"0ab2948a9":[0,80,120],"0ae70eb35":[39,113,133,136],"0b00bd758":[22,112],"0c3b25444":[140,68],"0c84a33f0":[87,91,128,144,66],"0cd24e1b5":[82,83,14],"0d4e75ae0":[36,109,129,137],"0d66ef38b":[9,97,105,125],"0dafe1a56":[70,102,132],"0ee437ce3":[101,127]},"name":"PopUpUI","importBase":"import","nativeBase":"native","debug":false,"isZip":false,"encrypted":false,"versions":{"import":["02bc007c0","0e7f8","0310c18c7","fdb61","044d166f1","2d4a1","0650e4f98","06de9",71,"88a85",72,"95913",3,"85854","0879d7d07","e4e92","09bbf4ac5","b6509","0ab2948a9","ea947","0ae70eb35","f0b98","0b00bd758","f9a09","0c3b25444","9aa5c","0c84a33f0","7a375","0cd24e1b5","c9d28","0d4e75ae0","59dc6","0d66ef38b","fad1f","0dafe1a56","1e256",74,"0a213","0ee437ce3","cc59a",81,"d4506",18,"38adc",89,"36f3d",92,"7118d",93,"1407f",24,"a74c8",25,"f3193",98,"56834",34,"e1312",108,"e1940",121,"f74ec",48,"3076b",130,"bcd80",50,"c7920",52,"d3841",54,"72943",142,"2eece",143,"c4dc0",64,"85dde",65,"6b9e9",67,"ad566"],"native":[1,"186cc",2,"2b517",4,"cd1af",5,"d0a33",6,"d297a",7,"9db19",8,"60e8f",10,"dbb32",11,"129e5",13,"71c64",15,"2cb58",16,"503b7",19,"e4ebd",20,"1ca0c",21,"16e2b",23,"1d5d0",26,"4ed26",27,"d5693",29,"ef3fd",30,"f47cb",31,"e8287",32,"23ce2",33,"a3f55",35,"f33f0",37,"8d76d",38,"df361",40,"79946",41,"d1118",42,"016cc",43,"6921c",44,"24421",45,"fbf02",46,"c14d6",47,"8f568",49,"8347f",51,"a4b59",53,"03145",55,"04e2a",57,"c7021",58,"e4f20",59,"68955",60,"782b2",61,"6311f",62,"487a2",63,"e100b"]}}