[1,["d6rYeMt+ZCHYSDbMs5fSbo"],0,[["sp.SkeletonData",["_name","_atlasText","textureNames","_skeletonJson","textures"],-1,3]],[[0,0,1,2,3,4,5]],[[0,"hero","\nhero.png\nsize: 512,512\nformat: RGBA8888\nfilter: Linear,Linear\nrepeat: none\nzhujiao/yinzi\n  rotate: false\n  xy: 1, 434\n  size: 108, 29\n  orig: 108, 29\n  offset: 0, 0\n  index: -1\nzhujiao/hou_shoubi_2\n  rotate: false\n  xy: 134, 415\n  size: 24, 40\n  orig: 24, 40\n  offset: 0, 0\n  index: -1\nzhujiao/hou_shou_2\n  rotate: false\n  xy: 70, 465\n  size: 36, 40\n  orig: 36, 40\n  offset: 0, 0\n  index: -1\nzhujiao/wuqi_1\n  rotate: false\n  xy: 203, 1\n  size: 125, 180\n  orig: 125, 180\n  offset: 0, 0\n  index: -1\nzhujiao/hou_shouzhi_2\n  rotate: false\n  xy: 396, 484\n  size: 26, 25\n  orig: 26, 25\n  offset: 0, 0\n  index: -1\nzhujiao/houtui_2\n  rotate: false\n  xy: 294, 183\n  size: 24, 40\n  orig: 24, 40\n  offset: 0, 0\n  index: -1\nzhujiao/houjiao_2\n  rotate: false\n  xy: 160, 415\n  size: 25, 31\n  orig: 25, 31\n  offset: 0, 0\n  index: -1\nzhujiao/qiandatui_2\n  rotate: false\n  xy: 294, 225\n  size: 24, 40\n  orig: 24, 40\n  offset: 0, 0\n  index: -1\nzhujiao/qianjiao_2\n  rotate: false\n  xy: 154, 457\n  size: 25, 31\n  orig: 25, 31\n  offset: 0, 0\n  index: -1\nzhujiao/shenzi_2\n  rotate: false\n  xy: 367, 342\n  size: 70, 85\n  orig: 70, 85\n  offset: 0, 0\n  index: -1\nzhujiao/shenzi_1\n  rotate: false\n  xy: 265, 270\n  size: 55, 69\n  orig: 55, 69\n  offset: 0, 0\n  index: -1\nzhujiao/naodai_2\n  rotate: false\n  xy: 148, 270\n  size: 115, 101\n  orig: 115, 101\n  offset: 0, 0\n  index: -1\nzhujiao/lian_2\n  rotate: false\n  xy: 396, 429\n  size: 79, 53\n  orig: 79, 53\n  offset: 0, 0\n  index: -1\nzhujiao/toufa_3\n  rotate: false\n  xy: 1, 1\n  size: 200, 170\n  orig: 200, 170\n  offset: 0, 0\n  index: -1\nzhujiao/qian_shoubi_2\n  rotate: false\n  xy: 134, 373\n  size: 40, 40\n  orig: 40, 40\n  offset: 0, 0\n  index: -1\nzhujiao/qianshou_2\n  rotate: false\n  xy: 111, 463\n  size: 41, 47\n  orig: 41, 47\n  offset: 0, 0\n  index: -1\nzhujiao/dunpai_1\n  rotate: false\n  xy: 265, 342\n  size: 100, 100\n  orig: 100, 100\n  offset: 0, 0\n  index: -1\nzhujiao/puon_1\n  rotate: false\n  xy: 148, 183\n  size: 144, 85\n  orig: 144, 85\n  offset: 0, 0\n  index: -1\nzhujiao/puon_2\n  rotate: false\n  xy: 330, 147\n  size: 84, 193\n  orig: 84, 193\n  offset: 0, 0\n  index: -1\nzhujiao/puon_3\n  rotate: false\n  xy: 111, 328\n  size: 21, 133\n  orig: 21, 133\n  offset: 0, 0\n  index: -1\nzhujiao/tx_xian\n  rotate: false\n  xy: 134, 328\n  size: 3, 29\n  orig: 3, 29\n  offset: 0, 0\n  index: -1\nzhujiao/tx_shifa_yuanhuan\n  rotate: false\n  xy: 330, 1\n  size: 145, 144\n  orig: 145, 144\n  offset: 0, 0\n  index: -1\nzhujiao/tx_hui1\n  rotate: false\n  xy: 265, 444\n  size: 129, 56\n  orig: 129, 56\n  offset: 0, 0\n  index: -1\nzhujiao/tx_hui2\n  rotate: false\n  xy: 1, 465\n  size: 67, 45\n  orig: 67, 45\n  offset: 0, 0\n  index: -1\nzhujiao/tx_xiaodian\n  rotate: false\n  xy: 134, 457\n  size: 4, 4\n  orig: 4, 4\n  offset: 0, 0\n  index: -1\nzhujiao/tx_shifa_diandian\n  rotate: false\n  xy: 1, 328\n  size: 108, 104\n  orig: 108, 104\n  offset: 0, 0\n  index: -1\nzhujiao/tx_caiseyuan\n  rotate: false\n  xy: 1, 173\n  size: 145, 153\n  orig: 145, 153\n  offset: 0, 0\n  index: -1\n",["hero.png"],{"skeleton":{"width":219.05,"height":271.51,"fps":24,"hash":" ","name":"Armaturezhujiao"},"bones":[{"name":"root"},{"y":2.3001,"name":"yinzi","parent":"root"},{"x":-4,"y":37.95,"name":"shenzi_1","parent":"root"},{"x":170.4,"y":-288.4,"name":"tx_xiaodian","parent":"root"},{"x":17.95,"y":-519.65,"name":"tx_hui1","parent":"root"},{"x":-17.25,"y":46.9192,"name":"qiandatui_1","parent":"root"},{"x":135.8991,"y":14.3342,"name":"puon_3","parent":"root"},{"x":295.4,"y":-373.35,"name":"tx_shifa_yuanhuan","parent":"root"},{"x":17.95,"y":-519.65,"name":"tx_hui11","parent":"root"},{"x":295.4,"y":-373.35,"name":"tx_shifa_yuanhuan1","parent":"root"},{"x":160.8,"y":-379.6,"name":"tx_shifa_diandian","parent":"root"},{"x":387.15,"y":-377.5,"name":"tx_xian","parent":"root"},{"x":8.45,"y":47,"name":"houtui_1","parent":"root"},{"x":31.05,"y":-378.2,"name":"tx_caiseyuan","parent":"root"},{"x":-12.15,"y":43.5,"rotation":5.1585,"name":"qian_shoubi_1","parent":"shenzi_1"},{"x":6.6042,"y":54.0052,"name":"naodai_1","parent":"shenzi_1"},{"x":-0.4519,"y":-26.0589,"name":"qianjiao_1","parent":"qiandatui_1"},{"x":-0.15,"y":-25.6,"name":"houjiao_1","parent":"houtui_1"},{"x":13.6366,"y":41.7153,"name":"hou_shoubi_1","parent":"shenzi_1"},{"x":12.8811,"y":21.9153,"name":"lian_1","parent":"naodai_1"},{"x":-18.4576,"y":-16.8634,"name":"qianshou_1","parent":"qian_shoubi_1"},{"x":1.2192,"y":76.3487,"name":"toufa_4","parent":"naodai_1"},{"x":10.4925,"y":-22.2418,"name":"hou_shou_1","parent":"hou_shoubi_1"},{"x":13.3424,"y":-21.9248,"name":"hou_shouzhi_1","parent":"hou_shou_1"},{"x":-14.0746,"y":-23.9635,"name":"dunpai_1","parent":"qianshou_1"},{"x":-0.7066,"y":9.0085,"rotation":-44.7855,"name":"wuqi_1","parent":"hou_shouzhi_1"}],"slots":[{"name":"yinzi","bone":"yinzi","color":"FFFFFF73","attachment":"zhujiao/yinzi"},{"name":"hou_shoubi_1","bone":"hou_shoubi_1","attachment":"zhujiao/hou_shoubi_2"},{"name":"hou_shou_1","bone":"hou_shou_1","attachment":"zhujiao/hou_shou_2"},{"name":"wuqi_1","bone":"wuqi_1","attachment":"zhujiao/wuqi_1"},{"name":"hou_shouzhi_2","bone":"hou_shouzhi_1","attachment":"zhujiao/hou_shouzhi_2"},{"name":"houtui_1","bone":"houtui_1","attachment":"zhujiao/houtui_2"},{"name":"houjiao_1","bone":"houjiao_1","attachment":"zhujiao/houjiao_2"},{"name":"qiandatui_1","bone":"qiandatui_1","attachment":"zhujiao/qiandatui_2"},{"name":"qianjiao_1","bone":"qianjiao_1","attachment":"zhujiao/qianjiao_2"},{"name":"shenzi_1","bone":"shenzi_1","attachment":"zhujiao/shenzi_2"},{"name":"naodai_1","bone":"naodai_1","attachment":"zhujiao/naodai_2"},{"name":"lian_1","bone":"lian_1","attachment":"zhujiao/lian_2"},{"name":"toufa_4","bone":"toufa_4","attachment":"zhujiao/toufa_3"},{"name":"qian_shoubi_1","bone":"qian_shoubi_1","attachment":"zhujiao/qian_shoubi_2"},{"name":"qianshou_1","bone":"qianshou_1","attachment":"zhujiao/qianshou_2"},{"name":"dunpai_1","bone":"dunpai_1","attachment":"zhujiao/dunpai_1"},{"name":"puon_3","bone":"puon_3"},{"name":"tx_xian","bone":"tx_xian"},{"name":"tx_shifa_yuanhuan","bone":"tx_shifa_yuanhuan","blend":"additive"},{"name":"tx_hui1","bone":"tx_hui1"},{"name":"tx_xiaodian","bone":"tx_xiaodian"},{"name":"tx_shifa_diandian","bone":"tx_shifa_diandian","blend":"additive"},{"name":"tx_caiseyuan","bone":"tx_caiseyuan","blend":"additive"},{"name":"tx_hui11","bone":"tx_hui11"},{"name":"tx_shifa_yuanhuan1","bone":"tx_shifa_yuanhuan1","blend":"additive"}],"skins":{"default":{"toufa_4":{"zhujiao/toufa_3":{"name":"zhujiao/toufa_3","width":200,"height":170,"x":3.74,"y":-1.23}},"houtui_1":{"zhujiao/houtui_2":{"name":"zhujiao/houtui_2","width":24,"height":40,"x":-0.11,"y":-17.53}},"tx_hui1":{"zhujiao/tx_hui1":{"name":"zhujiao/tx_hui1","width":129,"height":56,"x":2.89,"y":11.12},"zhujiao/tx_hui2":{"name":"zhujiao/tx_hui2","width":67,"height":45,"x":37.89,"y":25.62}},"puon_3":{"zhujiao/puon_3":{"name":"zhujiao/puon_3","width":21,"height":133,"x":6.69,"y":51.07},"zhujiao/puon_1":{"name":"zhujiao/puon_1","width":144,"height":85,"x":-86.81,"y":155.07},"zhujiao/puon_2":{"name":"zhujiao/puon_2","width":84,"height":193,"x":-14.81,"y":78.07}},"shenzi_1":{"zhujiao/shenzi_1":{"name":"zhujiao/shenzi_1","width":55,"height":69,"x":-0.16,"y":29.02},"zhujiao/shenzi_2":{"name":"zhujiao/shenzi_2","width":70,"height":85,"x":-0.16,"y":18.91}},"hou_shou_1":{"zhujiao/hou_shou_2":{"name":"zhujiao/hou_shou_2","width":36,"height":40,"x":8.85,"y":-12.14}},"tx_hui11":{"zhujiao/tx_hui1":{"name":"zhujiao/tx_hui1","width":129,"height":56,"x":2.89,"y":11.12},"zhujiao/tx_hui2":{"name":"zhujiao/tx_hui2","width":67,"height":45,"x":37.89,"y":25.62}},"qian_shoubi_1":{"zhujiao/qian_shoubi_2":{"name":"zhujiao/qian_shoubi_2","width":40,"height":40,"x":-11.15,"y":-6}},"houjiao_1":{"zhujiao/houjiao_2":{"name":"zhujiao/houjiao_2","width":25,"height":31,"x":1.54,"y":-6.43}},"tx_xiaodian":{"zhujiao/tx_xiaodian":{"name":"zhujiao/tx_xiaodian","width":4,"height":4,"x":-0.06,"y":-0.13}},"tx_xian":{"zhujiao/tx_xian":{"name":"zhujiao/tx_xian","width":3,"height":29,"x":0.69,"y":-0.53}},"naodai_1":{"zhujiao/naodai_2":{"name":"zhujiao/naodai_2","width":115,"height":101,"x":-7.43,"y":46.62}},"wuqi_1":{"zhujiao/wuqi_1":{"name":"zhujiao/wuqi_1","width":125,"height":180,"x":0.2,"y":36.91}},"tx_shifa_yuanhuan1":{"zhujiao/tx_shifa_yuanhuan":{"name":"zhujiao/tx_shifa_yuanhuan","width":145,"height":144,"x":0.44,"y":-0.18}},"qianshou_1":{"zhujiao/qianshou_2":{"name":"zhujiao/qianshou_2","width":41,"height":47,"x":-12.47,"y":-16.05}},"qiandatui_1":{"zhujiao/qiandatui_2":{"name":"zhujiao/qiandatui_2","width":24,"height":40,"x":-0.41,"y":-16.45}},"yinzi":{"zhujiao/yinzi":{"name":"zhujiao/yinzi","width":108,"height":29,"x":-5.97,"y":-0.33}},"tx_shifa_diandian":{"zhujiao/tx_shifa_diandian":{"name":"zhujiao/tx_shifa_diandian","width":108,"height":104,"x":0.54,"y":1.07}},"tx_shifa_yuanhuan":{"zhujiao/tx_shifa_yuanhuan":{"name":"zhujiao/tx_shifa_yuanhuan","width":145,"height":144,"x":0.44,"y":-0.18}},"lian_1":{"zhujiao/lian_2":{"name":"zhujiao/lian_2","width":79,"height":53,"x":-6.32,"y":12.7}},"hou_shouzhi_2":{"zhujiao/hou_shouzhi_2":{"name":"zhujiao/hou_shouzhi_2","width":26,"height":25,"x":0.34,"y":1.17}},"dunpai_1":{"zhujiao/dunpai_1":{"name":"zhujiao/dunpai_1","width":100,"height":100,"x":-2.76,"y":0.17}},"qianjiao_1":{"zhujiao/qianjiao_2":{"name":"zhujiao/qianjiao_2","width":25,"height":31,"x":1.69,"y":-6.89}},"hou_shoubi_1":{"zhujiao/hou_shoubi_2":{"name":"zhujiao/hou_shoubi_2","width":24,"height":40,"x":2.48,"y":-7.94}},"tx_caiseyuan":{"zhujiao/tx_caiseyuan":{"name":"zhujiao/tx_caiseyuan","width":145,"height":153,"x":0.79,"y":0.17}}}},"animations":{"zhanli":{"bones":{"shenzi_1":{"translate":[{"time":0,"curve":[0.5,0,0.5,1]},{"time":0.25,"y":2.05,"curve":[0.5,0,0.5,1]},{"time":0.5,"y":-2.05,"curve":[0.5,0,0.5,1]},{"time":0.75}],"rotate":[{"time":0,"angle":-0.97}],"scale":[{"time":0,"x":1,"y":1,"curve":[0.5,0,0.5,1]},{"time":0.25,"x":0.99,"y":1.01,"curve":[0.5,0,0.5,1]},{"time":0.5,"x":1.01,"y":0.99,"curve":[0.5,0,0.5,1]},{"time":0.75,"x":1,"y":1}],"shear":[{"time":0}]},"qian_shoubi_1":{"translate":[{"time":0},{"time":0.2917,"x":2.82,"y":1.17},{"time":0.5417,"x":0.02,"y":-1.23},{"time":0.75}],"rotate":[{"time":0,"angle":-9.04,"curve":[0.5,0,0.5,1]},{"time":0.25,"angle":1.42,"curve":[0.5,0,0.5,1]},{"time":0.5,"angle":-13.06,"curve":[0.5,0,0.5,1]},{"time":0.75,"angle":-9.04}],"shear":[{"time":0,"curve":[0.5,0,0.5,1]},{"time":0.25,"curve":[0.5,0,0.5,1]},{"time":0.5,"curve":[0.5,0,0.5,1]},{"time":0.75}]},"qianshou_1":{"rotate":[{"time":0,"angle":15.72,"curve":[0.5,0,0.5,1]},{"time":0.25,"angle":7.45,"curve":[0.5,0,0.5,1]},{"time":0.5,"angle":9.22,"curve":[0.5,0,0.5,1]},{"time":0.75,"angle":15.72}],"shear":[{"time":0,"curve":[0.5,0,0.5,1]},{"time":0.25,"curve":[0.5,0,0.5,1]},{"time":0.5,"curve":[0.5,0,0.5,1]},{"time":0.75}]},"hou_shoubi_1":{"translate":[{"time":0},{"time":0.2917,"x":-2.28,"y":-0.04},{"time":0.5417,"x":-1.02,"y":-1},{"time":0.75}],"rotate":[{"time":0,"angle":4.34,"curve":[0.5,0,0.5,1]},{"time":0.25,"angle":-0.04,"curve":[0.5,0,0.5,1]},{"time":0.5,"angle":-1.57,"curve":[0.5,0,0.5,1]},{"time":0.75,"angle":4.34}],"shear":[{"time":0,"curve":[0.5,0,0.5,1]},{"time":0.25,"curve":[0.5,0,0.5,1]},{"time":0.5,"curve":[0.5,0,0.5,1]},{"time":0.75}]},"hou_shouzhi_1":{"rotate":[{"time":0,"angle":-8.98,"curve":[0.5,0,0.5,1]},{"time":0.25,"angle":-14.53,"curve":[0.5,0,0.5,1]},{"time":0.5,"angle":-8.74,"curve":[0.5,0,0.5,1]},{"time":0.75,"angle":-8.98}],"shear":[{"time":0,"curve":[0.5,0,0.5,1]},{"time":0.25,"curve":[0.5,0,0.5,1]},{"time":0.5,"curve":[0.5,0,0.5,1]},{"time":0.75}]},"hou_shou_1":{"rotate":[{"time":0,"angle":-12.86,"curve":[0.5,0,0.5,1]},{"time":0.2083,"angle":-0.33,"curve":[0.5,0,0.5,1]},{"time":0.5,"angle":4.28,"curve":[0.5,0,0.5,1]},{"time":0.75,"angle":-12.86}],"shear":[{"time":0,"curve":[0.5,0,0.5,1]},{"time":0.2083,"curve":[0.5,0,0.5,1]},{"time":0.5,"curve":[0.5,0,0.5,1]},{"time":0.75}]},"wuqi_1":{"scale":[{"time":0,"x":1,"y":1},{"time":0.25,"x":0.99,"y":0.95},{"time":0.5,"x":1,"y":1.02},{"time":0.75,"x":1,"y":1}]},"qiandatui_1":{"translate":[{"time":0,"x":4.37}],"rotate":[{"time":0,"angle":-19.28}],"scale":[{"time":0,"x":-1,"y":1}],"shear":[{"time":0}]},"qianjiao_1":{"rotate":[{"time":0,"angle":-18.18}],"shear":[{"time":0}]},"houtui_1":{"translate":[{"time":0,"y":-0.71}],"rotate":[{"time":0,"angle":26.07}],"shear":[{"time":0}]},"houjiao_1":{"rotate":[{"time":0,"angle":-27.21}],"shear":[{"time":0}]},"naodai_1":{"translate":[{"time":0},{"time":0.2917,"x":-0.02,"y":1.06},{"time":0.5834,"x":0.05,"y":-3},{"time":0.7501}],"rotate":[{"time":0,"angle":-7.16,"curve":[0.5,0,0.5,1]},{"time":0.25,"angle":-4.69},{"time":0.5417,"angle":-5.51},{"time":0.75,"angle":-7.16}],"scale":[{"time":0,"x":1,"y":1},{"time":0.25,"x":0.99,"y":1.01},{"time":0.5,"x":1,"y":1}],"shear":[{"time":0,"curve":[0.5,0,0.5,1]},{"time":0.25},{"time":0.5417},{"time":0.75}]},"dunpai_1":{"translate":[{"time":0},{"time":0.25,"x":-0.14,"y":-0.59},{"time":0.5,"x":0.04,"y":5.8},{"time":0.75}],"rotate":[{"time":0,"angle":-18.2,"curve":[0.5,0,0.5,1]},{"time":0.25,"angle":-22.49},{"time":0.5,"angle":-11.88},{"time":0.75,"angle":-18.2}],"scale":[{"time":0,"x":1,"y":1},{"time":0.25,"x":0.99,"y":0.99},{"time":0.5,"x":1.01,"y":1.01},{"time":0.75,"x":1,"y":1}],"shear":[{"time":0,"curve":[0.5,0,0.5,1]},{"time":0.25},{"time":0.5},{"time":0.75}]}},"slots":{"wuqi_1":{"color":[{"time":0,"color":"FFFFFFFF"},{"time":0.25,"color":"EBEBEBFF"},{"time":0.5,"color":"FFFFFFFF"}]},"dunpai_1":{"color":[{"time":0,"color":"FFFFFFFF"},{"time":0.25,"color":"EDEDEDFF"},{"time":0.5,"color":"FFFFFFFF"}]}}},"shouji":{"bones":{"yinzi":{"scale":[{"time":0,"curve":"stepped","x":1,"y":1},{"time":0.2083,"x":0.96,"y":1},{"time":0.375,"x":1,"y":1}]},"shenzi_1":{"translate":[{"time":0,"x":-3.46},{"time":0.2083,"x":-4.14},{"time":0.375}],"rotate":[{"time":0,"angle":18.54},{"time":0.0833,"angle":23.05},{"time":0.125,"angle":18.54},{"time":0.375,"angle":-0.97}],"shear":[{"time":0},{"time":0.0833},{"time":0.125},{"time":0.375}]},"qiandatui_1":{"translate":[{"time":0,"curve":"stepped"},{"time":0.375,"x":4.37}],"rotate":[{"time":0,"curve":"stepped","angle":0},{"time":0.375,"angle":-19.28}],"scale":[{"time":0,"curve":"stepped","x":1,"y":1},{"time":0.375,"x":-1,"y":1}],"shear":[{"time":0,"curve":"stepped"},{"time":0.375}]},"houtui_1":{"translate":[{"time":0,"x":-8.76,"y":0.92},{"time":0.2083,"x":-6.47,"y":0.2},{"time":0.375,"y":-0.71}],"rotate":[{"time":0,"angle":30.32},{"time":0.2917,"angle":26.07}],"shear":[{"time":0},{"time":0.2917}]},"qian_shoubi_1":{"translate":[{"time":0,"curve":"stepped"},{"time":0.125,"x":3.93,"y":-1.32},{"time":0.375}],"rotate":[{"time":0,"curve":"stepped","angle":0},{"time":0.0833,"angle":9.57},{"time":0.375,"angle":-9.04}],"shear":[{"time":0,"curve":"stepped"},{"time":0.0833},{"time":0.375}]},"naodai_1":{"translate":[{"time":0,"curve":"stepped"},{"time":0.125,"x":2.17,"y":-4.37},{"time":0.375}],"rotate":[{"time":0,"curve":"stepped","angle":0},{"time":0.2917,"angle":0.94},{"time":0.375,"angle":-7.16}],"shear":[{"time":0,"curve":"stepped"},{"time":0.2917},{"time":0.375}]},"qianjiao_1":{"rotate":[{"time":0,"curve":"stepped","angle":0},{"time":0.375,"angle":-18.18}],"shear":[{"time":0,"curve":"stepped"},{"time":0.375}]},"hou_shoubi_1":{"rotate":[{"time":0,"curve":"stepped","angle":0},{"time":0.375,"angle":4.34}],"shear":[{"time":0,"curve":"stepped"},{"time":0.375}]},"houjiao_1":{"rotate":[{"time":0,"angle":-14.67},{"time":0.125,"angle":-32.1},{"time":0.375,"angle":-27.21}],"shear":[{"time":0},{"time":0.125},{"time":0.375}]},"qianshou_1":{"rotate":[{"time":0,"curve":"stepped","angle":0},{"time":0.2083,"angle":34.75},{"time":0.375,"angle":15.72}],"shear":[{"time":0,"curve":"stepped"},{"time":0.2083},{"time":0.375}]},"hou_shou_1":{"rotate":[{"time":0,"curve":"stepped","angle":0},{"time":0.375,"angle":-12.86}],"shear":[{"time":0,"curve":"stepped"},{"time":0.375}]},"hou_shouzhi_1":{"rotate":[{"time":0,"curve":"stepped","angle":0},{"time":0.375,"angle":-8.98}],"shear":[{"time":0,"curve":"stepped"},{"time":0.375}]},"dunpai_1":{"translate":[{"time":0,"curve":"stepped"},{"time":0.125,"x":1.15,"y":10.42},{"time":0.375}],"rotate":[{"time":0,"curve":"stepped","angle":0},{"time":0.375,"angle":-18.2}],"shear":[{"time":0,"curve":"stepped"},{"time":0.375}]}},"slots":{"wuqi_1":{"color":[{"time":0,"color":"FFE8E8FF"},{"time":0.125,"color":"FFE8E8FF"},{"time":0.375,"color":"FFFFFFFF"}]}}},"shifa":{"bones":{"shenzi_1":{"translate":[{"time":0,"curve":[0.5,0,0.5,1]},{"time":0.125,"y":-4.48,"curve":[0.5,0,0.5,1]},{"time":0.2083,"y":-4.94,"curve":[0.5,0,0.5,1]},{"time":0.375,"y":9.09,"curve":[0.5,0,0.5,1]},{"time":0.4583,"y":6.39,"curve":[0.5,0,0.5,1]},{"time":0.5416,"y":6.39,"curve":[0.5,0,0.5,1]},{"time":0.6249}],"rotate":[{"time":0,"angle":-0.97,"curve":[0.5,0,0.5,1]},{"time":0.125,"angle":-5.61,"curve":[0.5,0,0.5,1]},{"time":0.25,"angle":-2.19,"curve":[0.5,0,0.5,1]},{"time":0.375,"angle":13,"curve":[0.5,0,0.5,1]},{"time":0.4583,"angle":8.31},{"time":0.5416,"angle":6.73},{"time":0.6249,"angle":8.43,"curve":[0.5,0,0.5,1]},{"time":0.7499,"angle":-0.97}],"scale":[{"time":0,"x":1,"y":1,"curve":[0.5,0,0.5,1]},{"time":0.125,"x":1.01,"y":0.98,"curve":[0.5,0,0.5,1]},{"time":0.25,"x":1,"y":0.98,"curve":[0.5,0,0.5,1]},{"time":0.375,"x":0.99,"y":1.12,"curve":[0.5,0,0.5,1]},{"time":0.4583,"x":1.02,"y":1.02,"curve":[0.5,0,0.5,1]},{"time":0.5416,"x":1,"y":1.02,"curve":[0.5,0,0.5,1]},{"time":0.6249,"x":1,"y":1}],"shear":[{"time":0,"curve":[0.5,0,0.5,1]},{"time":0.125,"curve":[0.5,0,0.5,1]},{"time":0.25,"curve":[0.5,0,0.5,1]},{"time":0.375,"curve":[0.5,0,0.5,1]},{"time":0.4583},{"time":0.5416},{"time":0.6249,"curve":[0.5,0,0.5,1]},{"time":0.7499}]},"tx_hui1":{"translate":[{"time":0,"curve":"stepped"},{"time":0.3333,"x":1.47,"y":519},{"time":0.5416,"x":81.7,"y":506.13}],"scale":[{"time":0,"curve":"stepped","x":1,"y":1},{"time":0.3333,"x":1,"y":1},{"time":0.5416,"x":1.24,"y":1.24}]},"qiandatui_1":{"translate":[{"time":0,"x":4.37}],"rotate":[{"time":0,"angle":-19.28}],"scale":[{"time":0,"x":-1,"y":1}],"shear":[{"time":0}]},"tx_shifa_yuanhuan":{"translate":[{"time":0,"x":-230.79,"y":562.17},{"time":0.3333,"x":-264.25,"y":562.17},{"time":0.75,"x":-230.79,"y":586.34}],"scale":[{"time":0,"curve":"stepped","x":1,"y":1},{"time":0.3333,"x":0.44,"y":0.44},{"time":0.75,"x":3.34,"y":3.34}]},"houtui_1":{"translate":[{"time":0,"y":-0.71}],"rotate":[{"time":0,"angle":26.07}],"shear":[{"time":0}]},"tx_caiseyuan":{"translate":[{"time":0,"curve":"stepped"},{"time":0.25,"x":-21.03,"y":536.41},{"time":0.4583,"x":18.12,"y":582.33},{"time":0.5,"x":13.43,"y":596.82}],"scale":[{"time":0,"curve":"stepped","x":1,"y":1},{"time":0.25,"x":0.1,"y":0.1},{"time":0.4583,"x":1.13,"y":1.13},{"time":0.5,"x":2.63,"y":2.63},{"time":0.5417,"x":3.35,"y":3.35}]},"tx_shifa_diandian":{"translate":[{"time":0,"x":-148.69,"y":472.52},{"time":0.375,"x":-150.11,"y":579.28},{"time":0.5417,"x":-99.51,"y":646.03},{"time":0.7084,"x":-78.15,"y":669.71},{"time":0.7501,"x":-130.52,"y":702.43}],"scale":[{"time":0,"x":3.56,"y":3.56},{"time":0.375,"x":0.33,"y":0.33},{"time":0.4583,"x":0.26,"y":0.26},{"time":0.5,"x":0.39,"y":0.39},{"time":0.625,"x":0.02,"y":0.02},{"time":0.7083,"x":0.07,"y":0.07},{"time":0.75,"x":-0.01,"y":-0.01}]},"qian_shoubi_1":{"rotate":[{"time":0,"angle":-9.04}],"shear":[{"time":0}]},"naodai_1":{"translate":[{"time":0},{"time":0.25,"x":0.12,"y":-6.84},{"time":0.375,"x":-3.16,"y":4.5},{"time":0.4583,"x":-3.16,"y":4.5},{"time":0.625,"x":-3.2,"y":-0.05},{"time":0.75}],"rotate":[{"time":0,"angle":-7.16,"curve":[0.5,0,0.5,1]},{"time":0.125,"angle":-13.58,"curve":[0.5,0,0.5,1]},{"time":0.2083,"angle":-12.32,"curve":[0.5,0,0.5,1]},{"time":0.375,"angle":22.31,"curve":[0.5,0,0.5,1]},{"time":0.4583,"angle":22.31,"curve":[0.5,0,0.5,1]},{"time":0.625,"angle":7.45,"curve":[0.5,0,0.5,1]},{"time":0.75,"angle":-7.16}],"shear":[{"time":0,"curve":[0.5,0,0.5,1]},{"time":0.125,"curve":[0.5,0,0.5,1]},{"time":0.2083,"curve":[0.5,0,0.5,1]},{"time":0.375,"curve":[0.5,0,0.5,1]},{"time":0.4583,"curve":[0.5,0,0.5,1]},{"time":0.625,"curve":[0.5,0,0.5,1]},{"time":0.75}]},"qianjiao_1":{"rotate":[{"time":0,"angle":-18.18}],"shear":[{"time":0}]},"hou_shoubi_1":{"translate":[{"time":0},{"time":0.125,"x":0.18,"y":-10.83},{"time":0.2083,"x":0.18,"y":-10.83},{"time":0.25,"x":-0.17,"y":-14.79},{"time":0.375,"x":0.85,"y":5.64},{"time":0.5417,"x":0.85,"y":5.64},{"time":0.625,"x":-0.47,"y":-3.13},{"time":0.75}],"rotate":[{"time":0,"angle":4.34},{"time":0.125,"angle":-17.56},{"time":0.2083,"angle":-17.56},{"time":0.25,"angle":144.21},{"time":0.375,"angle":122.09},{"time":0.4583,"angle":109.15},{"time":0.5416,"angle":109.15},{"time":0.6249,"angle":89.87},{"time":0.7499,"angle":4.34}],"shear":[{"time":0},{"time":0.125},{"time":0.2083},{"time":0.25},{"time":0.375},{"time":0.4583},{"time":0.5416},{"time":0.6249},{"time":0.7499}]},"houjiao_1":{"rotate":[{"time":0,"angle":-27.21}],"shear":[{"time":0}]},"qianshou_1":{"rotate":[{"time":0,"angle":15.72}],"shear":[{"time":0}]},"hou_shou_1":{"rotate":[{"time":0,"angle":-12.86,"curve":[0.5,0,0.5,1]},{"time":0.125,"angle":51.2,"curve":[0.5,0,0.5,1]},{"time":0.2083,"angle":51.2,"curve":[0.5,0,0.5,1]},{"time":0.25,"angle":-60.71},{"time":0.375,"angle":0.07,"curve":[0.5,0,0.5,1]},{"time":0.625,"angle":0.07,"curve":[0.5,0,0.5,1]},{"time":0.75,"angle":-12.86}],"shear":[{"time":0,"curve":[0.5,0,0.5,1]},{"time":0.125,"curve":[0.5,0,0.5,1]},{"time":0.2083,"curve":[0.5,0,0.5,1]},{"time":0.25},{"time":0.375,"curve":[0.5,0,0.5,1]},{"time":0.625,"curve":[0.5,0,0.5,1]},{"time":0.75}]},"hou_shouzhi_1":{"rotate":[{"time":0,"angle":-8.98,"curve":[0.5,0,0.5,1]},{"time":0.5417,"angle":-8.98,"curve":[0.5,0,0.5,1]},{"time":0.625,"angle":-0.64,"curve":[0.5,0,0.5,1]},{"time":0.75,"angle":-8.98}],"shear":[{"time":0,"curve":[0.5,0,0.5,1]},{"time":0.5417,"curve":[0.5,0,0.5,1]},{"time":0.625,"curve":[0.5,0,0.5,1]},{"time":0.75}]},"dunpai_1":{"rotate":[{"time":0,"angle":-18.2}],"shear":[{"time":0}]},"wuqi_1":{"rotate":[{"time":0,"angle":0},{"time":0.2083,"angle":0},{"time":0.375,"angle":-74.75},{"time":0.625,"angle":-74.75},{"time":0.75,"angle":0}],"scale":[{"time":0,"x":1,"y":1},{"time":0.25,"x":1,"y":1},{"time":0.375,"x":1.03,"y":1.39},{"time":0.4583,"x":1,"y":1.28},{"time":0.5416,"x":1,"y":1.22},{"time":0.6249,"x":1,"y":1}],"shear":[{"time":0},{"time":0.2083},{"time":0.375},{"time":0.625},{"time":0.75}]},"tx_hui11":{"translate":[{"time":0,"curve":"stepped"},{"time":0.2917,"x":-59.79,"y":519},{"time":0.5,"x":-104.84,"y":506.13}],"scale":[{"time":0,"curve":"stepped","x":1,"y":1},{"time":0.2917,"x":-0.64,"y":0.64},{"time":0.5,"x":-1.15,"y":1.15}]},"tx_shifa_yuanhuan1":{"translate":[{"time":0,"x":-230.79,"y":562.17},{"time":0.3333,"x":-264.25,"y":562.17},{"time":0.75,"x":-230.79,"y":586.34}],"scale":[{"time":0,"curve":"stepped","x":1,"y":1},{"time":0.3333,"x":0.33,"y":0.33},{"time":0.75,"x":1.46,"y":1.46}]}},"slots":{"tx_shifa_yuanhuan":{"attachment":[{"time":0,"name":"zhujiao/tx_shifa_yuanhuan"}],"color":[{"time":0,"color":"FFFFFF00"},{"time":0.3333,"color":"FFFFFF00"},{"time":0.4166,"color":"FFE31AFF"},{"time":0.5416,"color":"B0F7FF00"},{"time":0.6249,"color":"FAEBD900"},{"time":0.6666,"color":"FFFFFF14"},{"time":0.7499,"color":"FFFFFF00"}]},"tx_hui1":{"attachment":[{"time":0,"name":""},{"time":0.3333,"name":"zhujiao/tx_hui1"},{"time":0.4583,"name":"zhujiao/tx_hui2"}],"color":[{"time":0,"curve":"stepped","color":"FFFFFFFF"},{"time":0.3333,"color":"FFFFFFFF"},{"time":0.4583,"color":"FFFFFFF0"},{"time":0.5416,"color":"FFFFFF00"}]},"tx_shifa_diandian":{"attachment":[{"time":0,"name":"zhujiao/tx_shifa_diandian"}],"color":[{"time":0,"color":"38BDF545"},{"time":0.25,"color":"FFFFFFFF"}]},"tx_caiseyuan":{"attachment":[{"time":0,"name":""},{"time":0.25,"name":"zhujiao/tx_caiseyuan"}],"color":[{"time":0,"curve":"stepped","color":"FFFFFFFF"},{"time":0.25,"color":"FFFFFF00"},{"time":0.4583,"color":"FFFFFF5E"},{"time":0.5,"color":"FFCC5EFF"},{"time":0.5417,"color":"FFFFFF00"}]},"tx_hui11":{"attachment":[{"time":0,"name":""},{"time":0.2917,"name":"zhujiao/tx_hui1"},{"time":0.4167,"name":"zhujiao/tx_hui2"}],"color":[{"time":0,"curve":"stepped","color":"FFFFFFFF"},{"time":0.2917,"color":"FFFFFF7A"},{"time":0.4167,"color":"B0B0B0FF"},{"time":0.5417,"color":"FFFFFF00"}]},"tx_shifa_yuanhuan1":{"attachment":[{"time":0,"name":"zhujiao/tx_shifa_yuanhuan"}],"color":[{"time":0,"color":"FFFFFF00"},{"time":0.3333,"color":"FFFFFF00"},{"time":0.4166,"color":"FFFFFFFF"},{"time":0.4999,"color":"FFFFFF00"},{"time":0.5416,"color":"FFFFFF00"},{"time":0.5833,"color":"FFFFFF14"},{"time":0.625,"color":"FFFFFF00"}]}}},"miss":{"bones":{"yinzi":{"translate":[{"time":0},{"time":0.125},{"time":0.2917,"x":-16.87},{"time":0.375,"x":-40.98},{"time":0.6667,"x":-40.98},{"time":0.75}],"scale":[{"time":0,"x":1,"y":1},{"time":0.125,"x":1,"y":1},{"time":0.2917,"x":0.74,"y":0.74},{"time":0.4167,"x":1,"y":1}]},"shenzi_1":{"translate":[{"time":0},{"time":0.125,"x":1.23,"y":-5.54},{"time":0.2917,"x":-37.27,"y":47.56},{"time":0.4167,"x":-37.93,"y":-3.97},{"time":0.6667,"x":-37.93,"y":-3.97},{"time":0.75}],"rotate":[{"time":0,"angle":-0.97},{"time":0.125,"angle":-0.97},{"time":0.2917,"angle":2.05},{"time":0.75,"angle":-0.97}],"shear":[{"time":0},{"time":0.125},{"time":0.2917},{"time":0.75}]},"qiandatui_1":{"translate":[{"time":0,"x":4.37,"curve":[0.5,0,0.5,1]},{"time":0.125,"x":4.37,"curve":[0.5,0,0.5,1]},{"time":0.2917,"x":-32.55,"y":49.66},{"time":0.375,"x":-37.5},{"time":0.6667,"x":-37.5},{"time":0.75,"x":4.37}],"rotate":[{"time":0,"angle":-19.28,"curve":[0.5,0,0.5,1]},{"time":0.125,"angle":-19.28,"curve":[0.5,0,0.5,1]},{"time":0.2917,"angle":14.92},{"time":0.375,"angle":-19.28}],"scale":[{"time":0,"curve":"stepped","x":-1,"y":1},{"time":0.125,"curve":"stepped","x":-1,"y":1},{"time":0.2083,"curve":"stepped","x":1,"y":1},{"time":0.375,"x":-1,"y":1}],"shear":[{"time":0,"curve":[0.5,0,0.5,1]},{"time":0.125,"curve":[0.5,0,0.5,1]},{"time":0.2917},{"time":0.375}]},"houtui_1":{"translate":[{"time":0,"y":-0.71,"curve":[0.5,0,0.5,1]},{"time":0.125,"y":-0.71,"curve":[0.5,0,0.5,1]},{"time":0.2917,"x":-31.72,"y":41.5},{"time":0.375,"x":-40.76,"y":-0.71},{"time":0.6667,"x":-40.76,"y":-0.71},{"time":0.75,"y":-0.71}],"rotate":[{"time":0,"angle":26.07,"curve":[0.5,0,0.5,1]},{"time":0.125,"angle":26.07,"curve":[0.5,0,0.5,1]},{"time":0.2917,"angle":44.44},{"time":0.375,"angle":26.07}],"shear":[{"time":0,"curve":[0.5,0,0.5,1]},{"time":0.125,"curve":[0.5,0,0.5,1]},{"time":0.2917},{"time":0.375}]},"houjiao_1":{"rotate":[{"time":0,"angle":-27.21,"curve":[0.5,0,0.5,1]},{"time":0.125,"angle":-27.21,"curve":[0.5,0,0.5,1]},{"time":0.25,"angle":-95.6},{"time":0.2917,"angle":-0.61},{"time":0.375,"angle":-27.21}],"shear":[{"time":0,"curve":[0.5,0,0.5,1]},{"time":0.125,"curve":[0.5,0,0.5,1]},{"time":0.25},{"time":0.2917},{"time":0.375}]},"naodai_1":{"translate":[{"time":0},{"time":0.125},{"time":0.2917,"x":-0.36,"y":-10.04},{"time":0.4167,"x":-0.36,"y":-11.84},{"time":0.6667,"x":-0.36,"y":-11.84},{"time":0.75}],"rotate":[{"time":0,"angle":-7.16,"curve":[0.5,0,0.5,1]},{"time":0.125,"angle":-7.16,"curve":[0.5,0,0.5,1]},{"time":0.2917,"angle":-20.53},{"time":0.75,"angle":-7.16}],"shear":[{"time":0,"curve":[0.5,0,0.5,1]},{"time":0.125,"curve":[0.5,0,0.5,1]},{"time":0.2917},{"time":0.75}]},"qianjiao_1":{"rotate":[{"time":0,"angle":-18.18,"curve":[0.5,0,0.5,1]},{"time":0.125,"angle":-18.18,"curve":[0.5,0,0.5,1]},{"time":0.2917,"angle":-2.3},{"time":0.375,"angle":-18.18}],"shear":[{"time":0,"curve":[0.5,0,0.5,1]},{"time":0.125,"curve":[0.5,0,0.5,1]},{"time":0.2917},{"time":0.375}]},"qian_shoubi_1":{"rotate":[{"time":0,"angle":-9.04,"curve":[0.5,0,0.5,1]},{"time":0.125,"angle":-9.04,"curve":[0.5,0,0.5,1]},{"time":0.2917,"angle":33.92},{"time":0.4584,"angle":31.62},{"time":0.5834,"angle":31.62},{"time":0.7501,"angle":-9.04}],"shear":[{"time":0,"curve":[0.5,0,0.5,1]},{"time":0.125,"curve":[0.5,0,0.5,1]},{"time":0.2917},{"time":0.4584},{"time":0.5834},{"time":0.7501}]},"hou_shoubi_1":{"rotate":[{"time":0,"angle":4.34},{"time":0.125,"angle":-1.04},{"time":0.75,"angle":4.34}],"shear":[{"time":0},{"time":0.125},{"time":0.75}]},"qianshou_1":{"rotate":[{"time":0,"angle":15.72,"curve":[0.5,0,0.5,1]},{"time":0.125,"angle":15.72,"curve":[0.5,0,0.5,1]},{"time":0.2917,"angle":56.13},{"time":0.75,"angle":15.72}],"shear":[{"time":0,"curve":[0.5,0,0.5,1]},{"time":0.125,"curve":[0.5,0,0.5,1]},{"time":0.2917},{"time":0.75}]},"hou_shou_1":{"rotate":[{"time":0,"angle":-12.86,"curve":[0.5,0,0.5,1]},{"time":0.125,"angle":20,"curve":[0.5,0,0.5,1]},{"time":0.2917,"angle":-61.84},{"time":0.375,"angle":-12.86}],"shear":[{"time":0,"curve":[0.5,0,0.5,1]},{"time":0.125,"curve":[0.5,0,0.5,1]},{"time":0.2917},{"time":0.375}]},"hou_shouzhi_1":{"rotate":[{"time":0,"angle":-8.98}],"shear":[{"time":0}]},"dunpai_1":{"rotate":[{"time":0,"angle":-18.2}],"shear":[{"time":0}]},"wuqi_1":{"rotate":[{"time":0,"angle":0},{"time":0.125,"angle":0},{"time":0.2917,"angle":54.88},{"time":0.375,"angle":0}],"shear":[{"time":0},{"time":0.125},{"time":0.2917},{"time":0.375}]}}},"gedang":{"bones":{"shenzi_1":{"translate":[{"time":0},{"time":0.3333,"x":-0.51,"y":-4.8},{"time":0.4166,"x":-0.51,"y":-3}],"rotate":[{"time":0,"angle":-0.97},{"time":0.3333,"angle":6.07},{"time":0.4166,"angle":1.85},{"time":0.5416,"angle":6.87}],"shear":[{"time":0},{"time":0.3333},{"time":0.4166},{"time":0.5416}]},"qiandatui_1":{"translate":[{"time":0,"x":4.37}],"rotate":[{"time":0,"angle":-19.28}],"scale":[{"time":0,"x":-1,"y":1}],"shear":[{"time":0}]},"tx_hui11":{"translate":[{"time":0,"curve":"stepped"},{"time":0.2917,"x":20.71,"y":592.21},{"time":0.5417,"x":30.59,"y":600.01}],"rotate":[{"time":0,"curve":"stepped","angle":0},{"time":0.2917,"angle":-48.83}],"scale":[{"time":0,"curve":"stepped","x":1,"y":1},{"time":0.2917,"x":0.57,"y":0.87},{"time":0.5417,"x":0.71,"y":1.07}],"shear":[{"time":0,"curve":"stepped"},{"time":0.2917}]},"houtui_1":{"translate":[{"time":0,"y":-0.71}],"rotate":[{"time":0,"angle":26.07}],"shear":[{"time":0}]},"tx_caiseyuan":{"translate":[{"time":0,"curve":"stepped"},{"time":0.25,"x":27.45,"y":474.62}],"scale":[{"time":0,"curve":"stepped","x":1,"y":1},{"time":0.25,"x":0.3,"y":0.3},{"time":0.5417,"x":1.61,"y":1.61}]},"houjiao_1":{"rotate":[{"time":0,"angle":-27.21}],"shear":[{"time":0}]},"naodai_1":{"translate":[{"time":0},{"time":0.3333,"x":-0.8,"y":-7.52},{"time":0.4166,"x":-0.74,"y":-5.77}],"rotate":[{"time":0,"angle":-7.16,"curve":[0.5,0,0.5,1]},{"time":0.3333,"angle":-17.13},{"time":0.5416,"angle":-14.11}],"shear":[{"time":0,"curve":[0.5,0,0.5,1]},{"time":0.3333},{"time":0.5416}]},"qianjiao_1":{"rotate":[{"time":0,"angle":-18.18}],"shear":[{"time":0}]},"qian_shoubi_1":{"translate":[{"time":0},{"time":0.3333,"x":3.97,"y":-0.42},{"time":0.4166,"x":-0.28,"y":-0.17},{"time":0.5416}],"rotate":[{"time":0,"angle":-9.04,"curve":[0.5,0,0.5,1]},{"time":0.3333,"angle":67.41}],"shear":[{"time":0,"curve":[0.5,0,0.5,1]},{"time":0.3333}]},"hou_shoubi_1":{"rotate":[{"time":0,"angle":4.34},{"time":0.5417,"angle":-4.56}],"shear":[{"time":0},{"time":0.5417}]},"qianshou_1":{"rotate":[{"time":0,"angle":15.72,"curve":[0.5,0,0.5,1]},{"time":0.3333,"angle":50.3}],"shear":[{"time":0,"curve":[0.5,0,0.5,1]},{"time":0.3333}]},"hou_shou_1":{"rotate":[{"time":0,"angle":-12.86}],"shear":[{"time":0}]},"hou_shouzhi_1":{"rotate":[{"time":0,"angle":-8.98}],"shear":[{"time":0}]},"dunpai_1":{"translate":[{"time":0},{"time":0.25,"x":-6.43,"y":-4.78},{"time":0.3333,"x":-11.33,"y":-18.21},{"time":0.4166,"x":-5.67,"y":-9.1},{"time":0.4999,"x":-3.97,"y":-6.37}],"rotate":[{"time":0,"angle":-18.2,"curve":[0.5,0,0.5,1]},{"time":0.25,"angle":-67.17},{"time":0.3333,"angle":-115.37}],"scale":[{"time":0,"x":1,"y":1},{"time":0.25,"x":1.14,"y":1.14},{"time":0.3333,"x":1.41,"y":1.41},{"time":0.4166,"x":1.21,"y":1.21},{"time":0.4583,"x":1.22,"y":1.22},{"time":0.5416,"x":1.25,"y":1.25}],"shear":[{"time":0,"curve":[0.5,0,0.5,1]},{"time":0.25},{"time":0.3333}]},"wuqi_1":{"rotate":[{"time":0,"angle":0},{"time":0.25,"angle":0},{"time":0.3333,"angle":41.47},{"time":0.375,"angle":35.07},{"time":0.4167,"angle":39.48},{"time":0.5417,"angle":38.52}],"shear":[{"time":0},{"time":0.25},{"time":0.3333},{"time":0.375},{"time":0.4167},{"time":0.5417}]}},"slots":{"tx_caiseyuan":{"attachment":[{"time":0,"name":""},{"time":0.25,"name":"zhujiao/tx_caiseyuan"}],"color":[{"time":0,"curve":"stepped","color":"FFFFFFFF"},{"time":0.25,"color":"FFFCB800"},{"time":0.375,"color":"FFE021FF"},{"time":0.4583,"color":"1AFFFFFF"},{"time":0.5416,"color":"1478FF00"}]},"tx_hui11":{"attachment":[{"time":0,"name":""},{"time":0.2917,"name":"zhujiao/tx_hui2"},{"time":0.5417,"name":""}],"color":[{"time":0,"curve":"stepped","color":"FFFFFFFF"},{"time":0.2917,"color":"FFFFFFFF"},{"time":0.5417,"color":"FFFFFF00"}]}}},"pugong":{"bones":{"yinzi":{"translate":[{"time":0},{"time":0.0833},{"time":0.1666,"x":56.56},{"time":0.2499,"x":56.56},{"time":0.2916,"x":134.91},{"time":0.3749,"x":153.61},{"time":0.5832,"x":142.92},{"time":0.6665,"x":84.15},{"time":0.7498}],"scale":[{"time":0,"x":1,"y":1},{"time":0.0833,"x":1,"y":1},{"time":0.1666,"x":0.77,"y":0.78},{"time":0.2499,"x":0.77,"y":0.78},{"time":0.2916,"x":0.97,"y":1},{"time":0.3749,"x":1.34,"y":1},{"time":0.5416,"x":1.12,"y":1},{"time":0.6666,"x":0.82,"y":0.78},{"time":0.7499,"x":1,"y":1}]},"shenzi_1":{"translate":[{"time":0,"curve":[0.5,0,0.5,1]},{"time":0.0833,"y":-6.19,"curve":[0.5,0,0.5,1]},{"time":0.1666,"x":70.26,"y":82.26},{"time":0.2499,"x":73.37,"y":86.64},{"time":0.2916,"x":130.81,"y":-5.07},{"time":0.3333,"x":130.81,"y":3.68},{"time":0.375,"x":130.81},{"time":0.5833,"x":130.81},{"time":0.6666,"x":74.39,"y":38.5},{"time":0.7499}],"rotate":[{"time":0,"angle":-0.97,"curve":[0.5,0,0.5,1]},{"time":0.0833,"angle":-0.97,"curve":[0.5,0,0.5,1]},{"time":0.1666,"angle":35.14},{"time":0.2499,"angle":35.14},{"time":0.2916,"angle":-6.56},{"time":0.3749,"angle":-27.19,"curve":[0.5,0,0.5,1]},{"time":0.4999,"angle":-21.19},{"time":0.5832,"angle":-2.56},{"time":0.6665,"angle":-35.16},{"time":0.7498,"angle":-0.97}],"shear":[{"time":0,"curve":[0.5,0,0.5,1]},{"time":0.0833,"curve":[0.5,0,0.5,1]},{"time":0.1666},{"time":0.2499},{"time":0.2916},{"time":0.3749,"curve":[0.5,0,0.5,1]},{"time":0.4999},{"time":0.5832},{"time":0.6665},{"time":0.7498}]},"qiandatui_1":{"translate":[{"time":0,"x":4.37,"curve":[0.5,0,0.5,1]},{"time":0.0833,"x":4.37,"curve":[0.5,0,0.5,1]},{"time":0.1666,"x":75.99,"y":70.79},{"time":0.2499,"x":77.86,"y":73.91},{"time":0.2916,"x":133.2,"curve":[0.5,0,0.5,1]},{"time":0.5833,"x":133.2,"curve":[0.5,0,0.5,1]},{"time":0.625,"x":107.02,"y":21.54},{"time":0.6667,"x":78.93,"y":42.81},{"time":0.75,"x":4.37}],"rotate":[{"time":0,"angle":-19.28,"curve":[0.5,0,0.5,1]},{"time":0.5833,"angle":-19.28,"curve":[0.5,0,0.5,1]},{"time":0.625,"angle":20.07},{"time":0.75,"angle":-19.28}],"scale":[{"time":0,"x":-1,"y":1}],"shear":[{"time":0,"curve":[0.5,0,0.5,1]},{"time":0.5833,"curve":[0.5,0,0.5,1]},{"time":0.625},{"time":0.75}]},"puon_3":{"translate":[{"time":0},{"time":0.0833,"x":64.45},{"time":0.375,"x":131.31}],"rotate":[{"time":0,"angle":7.2}],"scale":[{"time":0,"x":1.18,"y":1.18},{"time":0.0833,"x":1.18,"y":1.18},{"time":0.375,"x":1.76,"y":1.76}],"shear":[{"time":0}]},"tx_hui11":{"translate":[{"time":0,"curve":"stepped"},{"time":0.375,"x":225.88,"y":516.37},{"time":0.5833,"x":293.85,"y":536.49}],"scale":[{"time":0,"curve":"stepped","x":1,"y":1},{"time":0.375,"x":1.6,"y":1.6},{"time":0.4583,"x":2.19,"y":2.11},{"time":0.5833,"x":2.21,"y":2.04}]},"houtui_1":{"translate":[{"time":0,"y":-0.71,"curve":[0.5,0,0.5,1]},{"time":0.0833,"y":-0.71,"curve":[0.5,0,0.5,1]},{"time":0.1666,"x":62.06,"y":88.69},{"time":0.2499,"x":66.5,"y":95.15},{"time":0.2916,"x":133.1,"y":-2.74,"curve":[0.5,0,0.5,1]},{"time":0.5833,"x":133.1,"y":-2.74,"curve":[0.5,0,0.5,1]},{"time":0.625,"x":94.81,"y":20.01},{"time":0.6667,"x":66.73,"y":42.76},{"time":0.75,"y":-0.71}],"rotate":[{"time":0,"angle":26.07,"curve":[0.5,0,0.5,1]},{"time":0.0833,"angle":26.07,"curve":[0.5,0,0.5,1]},{"time":0.1666,"angle":51.87},{"time":0.2499,"angle":32.02},{"time":0.2916,"angle":26.07,"curve":[0.5,0,0.5,1]},{"time":0.5833,"angle":26.07,"curve":[0.5,0,0.5,1]},{"time":0.625,"angle":45.84},{"time":0.6667,"angle":41.8},{"time":0.75,"angle":26.07}],"shear":[{"time":0,"curve":[0.5,0,0.5,1]},{"time":0.0833,"curve":[0.5,0,0.5,1]},{"time":0.1666},{"time":0.2499},{"time":0.2916,"curve":[0.5,0,0.5,1]},{"time":0.5833,"curve":[0.5,0,0.5,1]},{"time":0.625},{"time":0.6667},{"time":0.75}]},"houjiao_1":{"translate":[{"time":0},{"time":0.0833},{"time":0.1666,"x":-4.16,"y":-4.28},{"time":0.2499,"x":-4.16,"y":-4.28},{"time":0.2916},{"time":0.5833},{"time":0.6666,"x":-4.16,"y":-4.28},{"time":0.7499}],"rotate":[{"time":0,"angle":-27.21,"curve":[0.5,0,0.5,1]},{"time":0.0833,"angle":-27.21,"curve":[0.5,0,0.5,1]},{"time":0.1666,"angle":-71.55},{"time":0.2499,"angle":-71.55},{"time":0.2916,"angle":-27.21}],"shear":[{"time":0,"curve":[0.5,0,0.5,1]},{"time":0.0833,"curve":[0.5,0,0.5,1]},{"time":0.1666},{"time":0.2499},{"time":0.2916}]},"naodai_1":{"translate":[{"time":0},{"time":0.0833},{"time":0.1666,"x":6.95,"y":-3.44},{"time":0.2499,"x":10.76,"y":-9.92},{"time":0.3749,"x":-5.44,"y":-14.53},{"time":0.4999,"x":-2.08,"y":-7.52},{"time":0.6666,"x":0.94,"y":-5.91},{"time":0.7499}],"rotate":[{"time":0,"angle":-7.16,"curve":[0.5,0,0.5,1]},{"time":0.0833,"angle":-13.67,"curve":[0.5,0,0.5,1]},{"time":0.1666,"angle":-0.93},{"time":0.2499,"angle":-17.4},{"time":0.2916,"angle":10.15},{"time":0.3749,"angle":-19.64,"curve":[0.5,0,0.5,1]},{"time":0.4999,"angle":-19.65},{"time":0.6666,"angle":9.82},{"time":0.7499,"angle":-7.16}],"shear":[{"time":0,"curve":[0.5,0,0.5,1]},{"time":0.0833,"curve":[0.5,0,0.5,1]},{"time":0.1666},{"time":0.2499},{"time":0.2916},{"time":0.3749,"curve":[0.5,0,0.5,1]},{"time":0.4999},{"time":0.6666},{"time":0.7499}]},"qianjiao_1":{"rotate":[{"time":0,"angle":-18.18,"curve":[0.5,0,0.5,1]},{"time":0.5833,"angle":-18.18},{"time":0.625,"angle":30.81},{"time":0.75,"angle":-18.18}],"scale":[{"time":0,"curve":"stepped","x":1,"y":1},{"time":0.5833,"x":1,"y":1},{"time":0.625,"x":-1,"y":1},{"time":0.7083,"x":-1,"y":1},{"time":0.75,"x":1,"y":1}],"shear":[{"time":0,"curve":[0.5,0,0.5,1]},{"time":0.5833},{"time":0.625},{"time":0.75}]},"qian_shoubi_1":{"translate":[{"time":0},{"time":0.0833},{"time":0.2916,"x":0.78,"y":-6.8},{"time":0.3749},{"time":0.5416,"x":-0.78,"y":-0.24},{"time":0.7499}],"rotate":[{"time":0,"angle":-9.04,"curve":[0.5,0,0.5,1]},{"time":0.0833,"angle":-31.11,"curve":[0.5,0,0.5,1]},{"time":0.1666,"angle":1.36},{"time":0.2499,"angle":1.36},{"time":0.2916,"angle":-3.05},{"time":0.3749,"angle":-9.88,"curve":[0.5,0,0.5,1]},{"time":0.4582,"angle":-30.88},{"time":0.5832,"angle":13.54},{"time":0.7499,"angle":-9.04}],"shear":[{"time":0,"curve":[0.5,0,0.5,1]},{"time":0.0833,"curve":[0.5,0,0.5,1]},{"time":0.1666},{"time":0.2499},{"time":0.2916},{"time":0.3749,"curve":[0.5,0,0.5,1]},{"time":0.4582},{"time":0.5832},{"time":0.7499}]},"hou_shoubi_1":{"translate":[{"time":0},{"time":0.0833},{"time":0.1666,"x":-29.32,"y":-4.06},{"time":0.2499,"x":-29.32,"y":-4.06},{"time":0.2916,"x":-45.32,"y":23.27},{"time":0.3749}],"rotate":[{"time":0,"angle":4.34},{"time":0.0833,"angle":25.99},{"time":0.1666,"angle":143.62},{"time":0.2499,"angle":143.62},{"time":0.2916,"angle":88.16},{"time":0.3749,"angle":-14.63},{"time":0.4166,"angle":-14.63},{"time":0.4999,"angle":4.34}],"shear":[{"time":0},{"time":0.0833},{"time":0.1666},{"time":0.2499},{"time":0.2916},{"time":0.3749},{"time":0.4166},{"time":0.4999}]},"qianshou_1":{"rotate":[{"time":0,"angle":15.72,"curve":[0.5,0,0.5,1]},{"time":0.1667,"angle":15.72,"curve":[0.5,0,0.5,1]},{"time":0.25,"angle":-3.77,"curve":[0.5,0,0.5,1]},{"time":0.375,"angle":15.72,"curve":[0.5,0,0.5,1]},{"time":0.5,"angle":-10.12},{"time":0.5833,"angle":20.13},{"time":0.625,"angle":70.09},{"time":0.6667,"angle":86.6},{"time":0.75,"angle":15.72}],"shear":[{"time":0,"curve":[0.5,0,0.5,1]},{"time":0.1667,"curve":[0.5,0,0.5,1]},{"time":0.25,"curve":[0.5,0,0.5,1]},{"time":0.375,"curve":[0.5,0,0.5,1]},{"time":0.5},{"time":0.5833},{"time":0.625},{"time":0.6667},{"time":0.75}]},"hou_shou_1":{"rotate":[{"time":0,"angle":-12.86,"curve":[0.5,0,0.5,1]},{"time":0.0833,"angle":-12.86,"curve":[0.5,0,0.5,1]},{"time":0.2916,"angle":-49.09},{"time":0.3749,"angle":-12.86,"curve":[0.5,0,0.5,1]},{"time":0.4999,"angle":-12.86,"curve":[0.5,0,0.5,1]},{"time":0.6249,"angle":-14.94},{"time":0.7499,"angle":-12.86}],"shear":[{"time":0,"curve":[0.5,0,0.5,1]},{"time":0.0833,"curve":[0.5,0,0.5,1]},{"time":0.2916},{"time":0.3749,"curve":[0.5,0,0.5,1]},{"time":0.4999,"curve":[0.5,0,0.5,1]},{"time":0.6249},{"time":0.7499}]},"hou_shouzhi_1":{"rotate":[{"time":0,"angle":-8.98,"curve":[0.5,0,0.5,1]},{"time":0.0833,"angle":-8.98,"curve":[0.5,0,0.5,1]},{"time":0.375,"angle":-2.74,"curve":[0.5,0,0.5,1]},{"time":0.4583,"angle":-18.3},{"time":0.5416,"angle":-27.33},{"time":0.7499,"angle":-8.98}],"shear":[{"time":0,"curve":[0.5,0,0.5,1]},{"time":0.0833,"curve":[0.5,0,0.5,1]},{"time":0.375,"curve":[0.5,0,0.5,1]},{"time":0.4583},{"time":0.5416},{"time":0.7499}]},"dunpai_1":{"translate":[{"time":0},{"time":0.0833},{"time":0.375,"x":-0.53,"y":1.84},{"time":0.75}],"rotate":[{"time":0,"angle":-18.2,"curve":[0.5,0,0.5,1]},{"time":0.375,"angle":-18.2,"curve":[0.5,0,0.5,1]},{"time":0.625,"angle":-21.95},{"time":0.75,"angle":-18.2}],"scale":[{"time":0,"x":1,"y":1},{"time":0.0833,"x":1,"y":1},{"time":0.375,"x":1.02,"y":1.02},{"time":0.5417,"x":0.95,"y":0.98},{"time":0.75,"x":1,"y":1}],"shear":[{"time":0,"curve":[0.5,0,0.5,1]},{"time":0.375,"curve":[0.5,0,0.5,1]},{"time":0.625},{"time":0.75}]},"wuqi_1":{"rotate":[{"time":0,"angle":0},{"time":0.4583,"angle":0},{"time":0.5416,"angle":23.54},{"time":0.6249,"angle":-22},{"time":0.6666,"angle":14.11},{"time":0.7499,"angle":0}],"scale":[{"time":0,"x":1,"y":1},{"time":0.0833,"x":1,"y":1},{"time":0.2083,"x":1,"y":1.3},{"time":0.375,"x":1,"y":1.19},{"time":0.4583,"x":1,"y":1.34},{"time":0.5416,"x":1,"y":1.19},{"time":0.6249,"x":1,"y":0.95},{"time":0.7499,"x":1,"y":1}],"shear":[{"time":0},{"time":0.4583},{"time":0.5416},{"time":0.6249},{"time":0.6666},{"time":0.7499}]}},"slots":{"yinzi":{"color":[{"time":0,"color":"FFFFFF73"},{"time":0.0833,"color":"FFFFFF73"},{"time":0.1666,"color":"FFFFFF36"},{"time":0.2499,"color":"FFFFFF36"},{"time":0.2916,"color":"FFFFFF73"},{"time":0.5416,"color":"FFFFFF73"},{"time":0.6666,"color":"FFFFFF36"},{"time":0.7499,"color":"FFFFFF73"}]},"wuqi_1":{"color":[{"time":0,"color":"FFFFFFFF"},{"time":0.0833,"color":"FFFFFFFF"},{"time":0.2083,"color":"B8B8B8FF"},{"time":0.375,"color":"FFF5E5FF"},{"time":0.4583,"color":"FFFFFFFF"},{"time":0.5416,"color":"FFFFFFFF"},{"time":0.6249,"color":"B8B8B8FF"},{"time":0.7499,"color":"FFFFFFFF"}]},"houtui_1":{"color":[{"time":0,"color":"FFFFFFFF"},{"time":0.375,"color":"FFFFFFFF"},{"time":0.5417,"color":"EDEDEDFF"},{"time":0.75,"color":"FFFFFFFF"}]},"houjiao_1":{"color":[{"time":0,"color":"FFFFFFFF"},{"time":0.375,"color":"FFFFFFFF"},{"time":0.5417,"color":"EBEBEBFF"},{"time":0.75,"color":"FFFFFFFF"}]},"dunpai_1":{"color":[{"time":0,"color":"FFFFFFFF"},{"time":0.375,"color":"FFFFFFFF"},{"time":0.5417,"color":"E5E5E5FF"},{"time":0.75,"color":"FFFFFFFF"}]},"puon_3":{"attachment":[{"time":0,"name":""},{"time":0.2917,"name":"zhujiao/puon_1"},{"time":0.375,"name":"zhujiao/puon_2"},{"time":0.4583,"name":"zhujiao/puon_3"},{"time":0.5416,"name":""}]},"tx_hui11":{"attachment":[{"time":0,"name":""},{"time":0.375,"name":"zhujiao/tx_hui1"},{"time":0.5417,"name":"zhujiao/tx_hui2"}],"color":[{"time":0,"curve":"stepped","color":"FFFFFFFF"},{"time":0.375,"color":"D4B366FF"},{"time":0.5833,"color":"D9C7B500"}]}}}}},[0]]],0,0,[0],[-1],[0]]