[1,["08lYlVLr5Jr5+cicM23fXS","56mgur96tH/qdYnNh89gLz"],["node","root","data","_N$skeletonData"],[["sp.SkeletonData",["_name","_atlasText","textureNames","_skeletonJson","textures"],-1,3],["cc.Prefab",["_name"],2],["cc.Node",["_name","_groupIndex","_components","_prefab","_contentSize","_trs"],1,9,4,5,7],["c0d80OY65BAjLn62n5cq+8P",["node"],3,1],["sp.Skeleton",["_preCacheMode","_cacheMode","_animationName","_N$enableBatch","node","_N$skeletonData"],-1,1,6],["cc.BoxCollider",["node","_size"],3,1,5],["cc.PrefabInfo",["fileId","root"],2,1]],[[0,0,1,2,3,4,5],[1,0,2],[2,0,1,2,3,4,5,3],[3,0,1],[4,0,1,2,3,4,5,5],[5,0,1,1],[6,0,1,2]],[[[[0,"prop_004","\r\nprop_004.png\r\nsize: 64,64\r\nformat: RGBA8888\r\nfilter: Linear,Linear\r\nrepeat: none\r\nboomC01\r\n  rotate: false\r\n  xy: 35, 2\r\n  size: 14, 13\r\n  orig: 14, 13\r\n  offset: 0, 0\r\n  index: -1\r\nboomC02\r\n  rotate: false\r\n  xy: 2, 28\r\n  size: 33, 29\r\n  orig: 33, 29\r\n  offset: 0, 0\r\n  index: -1\r\nboomC03\r\n  rotate: true\r\n  xy: 53, 43\r\n  size: 14, 5\r\n  orig: 14, 5\r\n  offset: 0, 0\r\n  index: -1\r\nboomC04\r\n  rotate: false\r\n  xy: 37, 17\r\n  size: 14, 40\r\n  orig: 14, 40\r\n  offset: 0, 0\r\n  index: -1\r\nboomC05\r\n  rotate: false\r\n  xy: 2, 2\r\n  size: 31, 24\r\n  orig: 31, 24\r\n  offset: 0, 0\r\n  index: -1\r\n",["prop_004.png"],{"skeleton":{"hash":"mUcFDSLjfUZTe1jdNPvBEjdxU4Y","spine":"3.6.53","width":301.6,"height":333.06,"images":"../weapon/images/"},"bones":[{"name":"root","scaleX":0.4,"scaleY":0.4},{"name":"bone25","parent":"root"},{"name":"bone","parent":"bone25","y":364.13},{"name":"bone2","parent":"bone25","x":319.9,"y":179,"scaleY":-1},{"name":"bone3","parent":"bone25","x":319.9,"y":-182.54},{"name":"bone4","parent":"bone25","y":-365.13,"scaleY":-1},{"name":"bone5","parent":"bone25","x":-309.53,"y":-183.05},{"name":"bone6","parent":"bone25","x":-312.12,"y":179.12,"scaleY":-1},{"name":"bone9","parent":"bone25","rotation":-30,"x":-3.6,"y":363.35},{"name":"bone7","parent":"bone9","y":-0.01,"scaleX":1.202},{"name":"bone8","parent":"bone9","x":-0.14,"y":0.02},{"name":"bone10","parent":"bone25","rotation":-90,"x":320.65,"y":182.31},{"name":"bone11","parent":"bone10","y":-0.01,"scaleX":1.202},{"name":"bone12","parent":"bone10","x":-0.14,"y":0.02},{"name":"bone13","parent":"bone25","rotation":-150,"x":325.55,"y":-182.15},{"name":"bone14","parent":"bone13","y":-0.01,"scaleX":1.202},{"name":"bone15","parent":"bone13","x":-0.14,"y":0.02},{"name":"bone16","parent":"bone25","rotation":150,"x":5.12,"y":-370.49},{"name":"bone17","parent":"bone16","y":-0.01,"scaleX":1.202},{"name":"bone18","parent":"bone16","x":-0.14,"y":0.02},{"name":"bone19","parent":"bone25","rotation":90,"x":-308.63,"y":-186.58},{"name":"bone20","parent":"bone19","y":-0.01,"scaleX":1.202},{"name":"bone21","parent":"bone19","x":-0.14,"y":0.02},{"name":"bone22","parent":"bone25","rotation":30,"x":-317.29,"y":179.13},{"name":"bone23","parent":"bone22","y":-0.01,"scaleX":1.202},{"name":"bone24","parent":"bone22","x":-0.14,"y":0.02}],"slots":[{"name":"boomC04","bone":"bone8","attachment":"boomC04"},{"name":"boomC12","bone":"bone12","attachment":"boomC04"},{"name":"boomC15","bone":"bone15","attachment":"boomC04"},{"name":"boomC18","bone":"bone18","attachment":"boomC04"},{"name":"boomC21","bone":"bone21","attachment":"boomC04"},{"name":"boomC24","bone":"bone24","attachment":"boomC04"},{"name":"boomC03","bone":"bone8","attachment":"boomC03"},{"name":"boomC13","bone":"bone12","attachment":"boomC03"},{"name":"boomC16","bone":"bone15","attachment":"boomC03"},{"name":"boomC19","bone":"bone18","attachment":"boomC03"},{"name":"boomC22","bone":"bone21","attachment":"boomC03"},{"name":"boomC25","bone":"bone24","attachment":"boomC03"},{"name":"boomC05","bone":"bone7","attachment":"boomC05"},{"name":"boomC11","bone":"bone11","attachment":"boomC05"},{"name":"boomC14","bone":"bone14","attachment":"boomC05"},{"name":"boomC17","bone":"bone17","attachment":"boomC05"},{"name":"boomC20","bone":"bone20","attachment":"boomC05"},{"name":"boomC23","bone":"bone23","attachment":"boomC05"},{"name":"boomC02","bone":"bone","attachment":"boomC02"},{"name":"boomC5","bone":"bone3","attachment":"boomC02"},{"name":"boomC7","bone":"bone5","attachment":"boomC02"},{"name":"boomC2","bone":"bone4","attachment":"boomC02"},{"name":"boomC3","bone":"bone2","attachment":"boomC02"},{"name":"boomC9","bone":"bone6","attachment":"boomC02"},{"name":"boomC01","bone":"bone","attachment":"boomC01"},{"name":"boomC6","bone":"bone3","attachment":"boomC01"},{"name":"boomC8","bone":"bone5","attachment":"boomC01"},{"name":"boomC1","bone":"bone4","attachment":"boomC01"},{"name":"boomC4","bone":"bone2","attachment":"boomC01"},{"name":"boomC10","bone":"bone6","attachment":"boomC01"}],"skins":{"default":{"boomC01":{"boomC01":{"y":-5.43,"width":36,"height":32}},"boomC02":{"boomC02":{"y":-3.43,"width":82,"height":72}},"boomC03":{"boomC03":{"x":16.87,"width":34,"height":13}},"boomC04":{"boomC04":{"x":16.87,"width":34,"height":101}},"boomC05":{"boomC05":{"width":78,"height":60}},"boomC1":{"boomC01":{"y":-5.54,"width":36,"height":32}},"boomC10":{"boomC01":{"x":-0.37,"y":-4.82,"width":36,"height":32}},"boomC11":{"boomC05":{"width":78,"height":60}},"boomC12":{"boomC04":{"x":16.87,"width":34,"height":101}},"boomC13":{"boomC03":{"x":16.87,"width":34,"height":13}},"boomC14":{"boomC05":{"width":78,"height":60}},"boomC15":{"boomC04":{"x":16.87,"width":34,"height":101}},"boomC16":{"boomC03":{"x":16.87,"width":34,"height":13}},"boomC17":{"boomC05":{"width":78,"height":60}},"boomC18":{"boomC04":{"x":16.87,"width":34,"height":101}},"boomC19":{"boomC03":{"x":16.87,"width":34,"height":13}},"boomC2":{"boomC02":{"y":-3.54,"width":82,"height":72}},"boomC20":{"boomC05":{"width":78,"height":60}},"boomC21":{"boomC04":{"x":16.87,"width":34,"height":101}},"boomC22":{"boomC03":{"x":16.87,"width":34,"height":13}},"boomC23":{"boomC05":{"width":78,"height":60}},"boomC24":{"boomC04":{"x":16.87,"width":34,"height":101}},"boomC25":{"boomC03":{"x":16.87,"width":34,"height":13}},"boomC3":{"boomC02":{"y":-2.94,"width":82,"height":72}},"boomC4":{"boomC01":{"y":-4.94,"width":36,"height":32}},"boomC5":{"boomC02":{"y":-3.26,"width":82,"height":72}},"boomC6":{"boomC01":{"y":-5.26,"width":36,"height":32}},"boomC7":{"boomC02":{"y":-2.74,"width":82,"height":72}},"boomC8":{"boomC01":{"y":-4.74,"width":36,"height":32}},"boomC9":{"boomC02":{"x":-0.37,"y":-2.82,"width":82,"height":72}}}},"animations":{"614":{"slots":{"boomC1":{"attachment":[{"time":0,"name":null},{"time":0.4667,"name":"boomC01"}]},"boomC2":{"attachment":[{"time":0,"name":null},{"time":0.4667,"name":"boomC02"}]},"boomC3":{"attachment":[{"time":0,"name":null},{"time":0.1667,"name":"boomC02"}]},"boomC4":{"attachment":[{"time":0,"name":null},{"time":0.1667,"name":"boomC01"}]},"boomC5":{"attachment":[{"time":0,"name":null},{"time":0.3,"name":"boomC02"}]},"boomC6":{"attachment":[{"time":0,"name":null},{"time":0.3,"name":"boomC01"}]},"boomC7":{"attachment":[{"time":0,"name":null},{"time":0.6333,"name":"boomC02"}]},"boomC8":{"attachment":[{"time":0,"name":null},{"time":0.6333,"name":"boomC01"}]},"boomC9":{"attachment":[{"time":0,"name":null},{"time":0.7667,"name":"boomC02"}]},"boomC10":{"attachment":[{"time":0,"name":null},{"time":0.7667,"name":"boomC01"}]},"boomC11":{"attachment":[{"time":0,"name":null},{"time":1.5333,"name":"boomC05"}]},"boomC12":{"attachment":[{"time":0,"name":null},{"time":1,"name":"boomC04"}]},"boomC13":{"attachment":[{"time":0,"name":null},{"time":1,"name":"boomC03"}]},"boomC14":{"attachment":[{"time":0,"name":null},{"time":1.5333,"name":"boomC05"}]},"boomC15":{"attachment":[{"time":0,"name":null},{"time":1.1333,"name":"boomC04"}]},"boomC16":{"attachment":[{"time":0,"name":null},{"time":1.1333,"name":"boomC03"}]},"boomC17":{"attachment":[{"time":0,"name":null},{"time":1.5333,"name":"boomC05"}]},"boomC18":{"attachment":[{"time":0,"name":null},{"time":1.2333,"name":"boomC04"}]},"boomC19":{"attachment":[{"time":0,"name":null},{"time":1.2333,"name":"boomC03"}]},"boomC20":{"attachment":[{"time":0,"name":null},{"time":1.5333,"name":"boomC05"}]},"boomC21":{"attachment":[{"time":0,"name":null},{"time":1.3333,"name":"boomC04"}]},"boomC22":{"attachment":[{"time":0,"name":null},{"time":1.3333,"name":"boomC03"}]},"boomC23":{"attachment":[{"time":0,"name":null},{"time":1.5333,"name":"boomC05"}]},"boomC24":{"attachment":[{"time":0,"name":null},{"time":1.4333,"name":"boomC04"}]},"boomC25":{"attachment":[{"time":0,"name":null},{"time":1.4333,"name":"boomC03"}]}},"bones":{"bone8":{"scale":[{"time":0.8667,"x":1,"y":1},{"time":1,"x":10.877,"y":1,"curve":"stepped"},{"time":1.7333,"x":10.877,"y":1,"curve":[1,0.01,1,0.13]},{"time":2,"x":156,"y":1}]},"bone7":{"translate":[{"time":1.5333,"x":0,"y":0},{"time":1.7333,"x":370.24,"y":4.55,"curve":"stepped"},{"time":1.7667,"x":5.06,"y":0.78,"curve":[1,0.01,1,0.13]},{"time":2,"x":5295.78,"y":-3.72}]},"bone3":{"rotate":[{"time":0.3,"angle":0},{"time":0.3667,"angle":-120}],"translate":[{"time":1.7333,"x":0,"y":0,"curve":[1,0.01,1,0.13]},{"time":2,"x":4280.11,"y":-2465.87}]},"bone4":{"rotate":[{"time":0.4667,"angle":0},{"time":0.5333,"angle":-120}],"translate":[{"time":1.7333,"x":0,"y":0,"curve":[1,0.01,1,0.13]},{"time":2,"x":2.36,"y":-4936.38}]},"bone5":{"rotate":[{"time":0.6333,"angle":0},{"time":0.7,"angle":-120}],"translate":[{"time":1.7333,"x":0,"y":0,"curve":[1,0.01,1,0.13]},{"time":2,"x":-4289.85,"y":-2477.61}]},"bone6":{"rotate":[{"time":0.7667,"angle":0},{"time":0.8667,"angle":-120}],"translate":[{"time":1.7333,"x":0,"y":0,"curve":[1,0.01,1,0.13]},{"time":2,"x":-4284.96,"y":2464.11}]},"bone2":{"rotate":[{"time":0.1667,"angle":0},{"time":0.2333,"angle":-120}],"translate":[{"time":1.7333,"x":0,"y":0,"curve":[1,0.01,1,0.13]},{"time":2,"x":4277.62,"y":2481.87}]},"bone11":{"translate":[{"time":1.5333,"x":0,"y":0},{"time":1.7333,"x":366.73,"y":0,"curve":"stepped"},{"time":1.7667,"x":4.61,"y":0,"curve":[1,0.01,1,0.13]},{"time":2,"x":5286.75,"y":0}]},"bone12":{"scale":[{"time":1,"x":1,"y":1},{"time":1.1333,"x":10.877,"y":1,"curve":"stepped"},{"time":1.7333,"x":10.877,"y":1,"curve":[1,0.01,1,0.13]},{"time":2,"x":156,"y":1}]},"bone14":{"translate":[{"time":1.5333,"x":0,"y":0},{"time":1.7333,"x":369.14,"y":-1.39,"curve":"stepped"},{"time":1.7667,"x":18.29,"y":-2.82,"curve":[1,0.01,1,0.13]},{"time":2,"x":5286.29,"y":10.97}]},"bone15":{"scale":[{"time":1.1333,"x":1,"y":1},{"time":1.2333,"x":10.877,"y":1,"curve":"stepped"},{"time":1.7333,"x":10.877,"y":1,"curve":[1,0.01,1,0.13]},{"time":2,"x":156,"y":1}]},"bone17":{"translate":[{"time":1.5333,"x":0,"y":0},{"time":1.7333,"x":361.16,"y":-0.89,"curve":"stepped"},{"time":1.7667,"x":0,"y":0,"curve":[1,0.01,1,0.13]},{"time":2,"x":5277.01,"y":5.09}]},"bone18":{"scale":[{"time":1.2333,"x":1,"y":1},{"time":1.3333,"x":10.877,"y":1,"curve":"stepped"},{"time":1.7333,"x":10.877,"y":1,"curve":[1,0.01,1,0.13]},{"time":2,"x":156,"y":1}]},"bone20":{"translate":[{"time":1.5333,"x":4.64,"y":3.48},{"time":1.7333,"x":363.31,"y":3.48,"curve":"stepped"},{"time":1.7667,"x":4.64,"y":3.48,"curve":[1,0.01,1,0.13]},{"time":2,"x":5287.64,"y":3.48}]},"bone21":{"scale":[{"time":1.3333,"x":1,"y":1},{"time":1.4333,"x":10.877,"y":1,"curve":"stepped"},{"time":1.7333,"x":10.877,"y":1,"curve":[1,0.01,1,0.13]},{"time":2,"x":156,"y":1}]},"bone23":{"translate":[{"time":1.5333,"x":8.69,"y":0.48},{"time":1.7333,"x":363.6,"y":2.65,"curve":"stepped"},{"time":1.7667,"x":8.69,"y":0.48,"curve":[1,0.01,1,0.13]},{"time":2,"x":5295.49,"y":3.32}]},"bone24":{"scale":[{"time":1.4333,"x":1,"y":1},{"time":1.5333,"x":10.877,"y":1,"curve":"stepped"},{"time":1.7333,"x":10.877,"y":1,"curve":[1,0.01,1,0.13]},{"time":2,"x":156,"y":1}]},"bone":{"rotate":[{"time":0,"angle":120},{"time":0.0667,"angle":0}],"translate":[{"time":1.7333,"x":0,"y":0,"curve":[1,0.01,1,0.13]},{"time":2,"x":0,"y":4942.89}]},"bone22":{"translate":[{"time":1.7333,"x":0,"y":0,"curve":[1,0.01,1,0.13]},{"time":2,"x":-4269.16,"y":2470.83}]},"bone19":{"translate":[{"time":1.7333,"x":0,"y":0,"curve":[1,0.01,1,0.13]},{"time":2,"x":-4291.29,"y":-2470.43}]},"bone16":{"translate":[{"time":1.7333,"x":0,"y":0,"curve":[1,0.01,1,0.13]},{"time":2,"x":-20.24,"y":-4933.63}]},"bone13":{"translate":[{"time":1.7333,"x":0,"y":0,"curve":[1,0.01,1,0.13]},{"time":2,"x":4257.92,"y":-2473.12}]},"bone10":{"translate":[{"time":1.7333,"x":0,"y":0,"curve":[1,0.01,1,0.13]},{"time":2,"x":4277.77,"y":2450.86}]},"bone9":{"translate":[{"time":1.7333,"x":0,"y":0,"curve":[1,0.01,1,0.13]},{"time":2,"x":12,"y":4944.71}]}}}}},[0]]],0,0,[0],[-1],[0]],[[[1,"propBullet4"],[2,"propBullet4",2,[[3,-2],[4,1,1,"start",true,-3,0],[5,-4,[5,30,30]]],[6,"d8eApu9uNAj4SlbXyoHHR1",-1],[5,301.6,333.06],[209,149,0,0,0,0,1,1,1,1]]],0,[0,1,1,0,0,1,0,0,1,0,0,1,0,2,1,4],[0],[3],[1]]]]