[1,["195c5522b","1bca3c7ac"],["_textureSetter"],["cc.SpriteFrame"],0,[[[{"name":"gun_003","rect":[3,90,185,99],"offset":[0,3],"originalSize":[185,105],"capInsets":[0,0,0,0]}],[0],0,[0],[0],[1]],[[{"name":"gun_007","rect":[884,276,194,68],"offset":[2.5,0.5],"originalSize":[201,69],"rotated":1,"capInsets":[0,0,0,0]}],[0],0,[0],[0],[0]],[[{"name":"gun_004","rect":[3,3,191,81],"offset":[0.5,-1.5],"originalSize":[194,88],"capInsets":[0,0,0,0]}],[0],0,[0],[0],[1]],[[{"name":"gun_005","rect":[200,3,187,99],"offset":[-1.5,-1.5],"originalSize":[190,104],"capInsets":[0,0,0,0]}],[0],0,[0],[0],[1]],[[{"name":"gun_010","rect":[432,837,179,74],"offset":[-0.5,0],"originalSize":[180,76],"rotated":1,"capInsets":[0,0,0,0]}],[0],0,[0],[0],[0]],[[{"name":"gun_006","rect":[683,276,195,87],"offset":[-0.5,0.5],"originalSize":[196,88],"capInsets":[0,0,0,0]}],[0],0,[0],[0],[0]],[[{"name":"frame_fy009","rect":[3,734,82,73],"offset":[0,-2],"originalSize":[90,77],"capInsets":[0,0,0,0]}],[0],0,[0],[0],[1]],[[{"name":"icon_fy001","rect":[117,415,84,106],"offset":[0,0],"originalSize":[88,110],"rotated":1,"capInsets":[0,0,0,0]}],[0],0,[0],[0],[1]],[[{"name":"gun_009","rect":[570,423,199,100],"offset":[-1,0.5],"originalSize":[203,101],"rotated":1,"capInsets":[0,0,0,0]}],[0],0,[0],[0],[0]],[[{"name":"gun_008","rect":[482,423,205,82],"offset":[-0.5,2],"originalSize":[206,88],"rotated":1,"capInsets":[0,0,0,0]}],[0],0,[0],[0],[0]],[[{"name":"gun_002","rect":[512,837,176,78],"offset":[0,0],"originalSize":[176,78],"rotated":1,"capInsets":[0,0,0,0]}],[0],0,[0],[0],[0]]]]