[1,["ecpdLyjvZBwrvm+cedCcQy","195c5522b","a9ZUOYSQZJB4HuLRpvV3Bg"],["node","_textureSetter","root","data","_spriteFrame"],[["cc.Node",["_name","_children","_components","_prefab","_contentSize","_trs","_anchorPoint","_parent","_color"],2,2,9,4,5,7,5,1,5],"cc.SpriteFrame",["cc.Prefab",["_name"],2],["cc.Layout",["_resize","_N$layoutType","_N$paddingTop","_N$paddingBottom","_N$affectedByScale","node","_layoutSize"],-2,1,5],["cc.Sprite",["_type","_sizeMode","node","_materials","_spriteFrame"],1,1,3,6],["cc.PrefabInfo",["fileId","root"],2,1],["cc.RichText",["_N$string","_N$horizontalAlign","_N$fontSize","_N$maxWidth","_N$lineHeight","node"],-2,1],["cc.PrivateNode",["_name","_objFlags","_parent","_components","_prefab","_color","_contentSize","_anchorPoint","_position","_scale"],1,1,9,4,5,5,5,8,8],["cc.Label",["_string","_fontSize","_lineHeight","_N$verticalAlign","node","_materials"],-1,1,3]],[[5,0,1,2],[2,0,2],[0,0,1,2,3,4,6,5,2],[0,0,7,1,2,3,8,4,5,2],[3,0,1,2,3,4,5,6,6],[4,0,1,2,3,4,3],[6,0,1,2,3,4,5,6],[7,0,1,2,3,4,5,6,7,8,9,3],[8,0,1,2,3,4,5,5]],[[[{"name":"button-d16","rect":[332,217,94,97],"offset":[0,0],"originalSize":[94,97],"capInsets":[37,39,39,42]}],[1],0,[0],[1],[1]],[[[1,"tips"],[2,"tips",[-4],[[4,1,2,15,15,true,-2,[5,600,85.44]],[5,1,0,-3,[1],2]],[0,"f3/jyvyedPzpbpJny2OnSO",-1],[5,600,85.44],[0,0.5,0],[-93.125,10,0,0,0,0,1,1,1,1]],[3,"title",1,[-6],[[6,"xx",1,35,550,44,-5]],[0,"fcpNjoArNCH4+zbgSiJCsI",1],[4,4294489171],[5,550,55.44],[0,42.72,0,0,0,0,1,1,1,1]],[7,"RICHTEXT_CHILD",1024,2,[[8,"xx",35,44,1,-7,[0]]],[0,"b3so7vmRVPkaqMTite2Dzc",1],[4,4294489171],[5,35,55.44],[0,0,0],[1,-17.5,-27.72,0],[1,1,1,1]]],0,[0,2,1,0,0,1,0,0,1,0,-1,2,0,0,2,0,-1,3,0,0,3,0,3,1,7],[0,0,0],[-1,-1,4],[0,0,2]]]]