[1,["f8/Eu0WuVBm7YiHJiLNW7Z","12d9e6856"],["node","root","data","_spriteFrame","_textureSetter"],["cc.SpriteFrame",["cc.Prefab",["_name"],2],["cc.Node",["_name","_groupIndex","_components","_prefab","_contentSize","_anchorPoint","_trs"],1,9,4,5,5,7],["cc.Sprite",["node","_spriteFrame"],3,1,6],["cc.BoxCollider",["tag","node","_offset","_size"],2,1,5,5],["be6a0BnFzlAN4b+ds0fdb/L",["node"],3,1],["cc.PrefabInfo",["fileId","root"],2,1]],[[1,0,2],[2,0,1,2,3,4,5,6,3],[3,0,1,1],[4,0,1,2,3,2],[5,0,1],[6,0,1,2]],[[[[0,"bullet1"],[1,"bullet1",2,[[2,-2,0],[3,1,-3,[0,0,52.5],[5,8,105]],[4,-4]],[5,"d8eApu9uNAj4SlbXyoHHR1",-1],[5,8,105],[0,0.5,0],[209,149,0,0,0,0,1,2,2,1]]],0,[0,1,1,0,0,1,0,0,1,0,0,1,0,2,1,4],[0],[3],[0]],[[{"name":"biubiu_001","rect":[180,203,8,105],"offset":[0,1],"originalSize":[8,107],"capInsets":[0,0,0,0]}],[0],0,[0],[4],[1]]]]