[1,["ecpdLyjvZBwrvm+cedCcQy","6eXlkY+DNDjoo0PW28iX8/","f6Ra/rSOpEG53OWrI6bLqe","08xX5FIqxKaqBj+zOrFtip","dbNqewXNtPjqNyDXP0ctJ4","195c5522b","e97GVMl6JHh5Ml5qEDdSGa","f0BIwQ8D5Ml7nTNQbh1YlS","29FYIk+N1GYaeWH/q1NxQO","efLqjobrFNhaUjbpTgDue7"],["node","_spriteFrame","_textureSetter","root","shakeToggle","soundToggle","data","_parent","_N$normalSprite","_N$pressedSprite","_N$hoverSprite","_N$disabledSprite"],[["cc.Node",["_name","_components","_prefab","_contentSize","_children","_parent","_trs"],2,9,4,5,2,1,7],["cc.Node",["_name","_parent","_children","_components","_prefab","_contentSize","_trs"],2,1,2,2,4,5,7],["cc.Sprite",["_type","_sizeMode","node","_materials","_spriteFrame"],1,1,3,6],["cc.Label",["_string","_N$horizontalAlign","_N$verticalAlign","_fontSize","_lineHeight","node","_materials"],-2,1,3],"cc.SpriteFrame",["cc.Prefab",["_name"],2],["a2bbdzy4UJJ65VrnqbThiRb",["node","screenSize"],3,1,2],["cc.BlockInputEvents",["node"],3,1],["70d0e19OftKZJUlHUMeABhq",["node","soundToggle","shakeToggle"],3,1,1,1],["cc.PrefabInfo",["fileId","root"],2,1],["cc.Widget",["alignMode","_alignFlags","_originalWidth","_originalHeight","node"],-1,1],["cc.Button",["node","clickEvents","_N$normalColor","_N$pressedColor","_N$disabledColor","_N$target","_N$normalSprite","_N$pressedSprite","_N$hoverSprite","_N$disabledSprite"],3,1,9,5,5,5,1,6,6,6,6],["cc.ClickEvent",["_componentId","handler","target"],1,1],["cc.Toggle",["node","_N$normalColor","_N$target","checkMark"],3,1,5,1,1]],[[9,0,1,2],[0,0,5,1,2,3,6,2],[2,0,1,2,3,4,3],[3,0,1,2,5,6,4],[0,0,5,4,1,2,3,6,2],[0,0,5,4,1,2,3,2],[1,0,1,2,3,4,5,6,2],[1,0,1,2,3,4,5,2],[2,0,1,2,3,3],[13,0,1,2,3,1],[5,0,2],[0,0,4,1,2,3,2],[0,0,1,2,3,2],[6,0,1,1],[7,0,1],[8,0,1,2,1],[10,0,1,2,3,4,5],[11,0,1,2,3,4,5,6,7,8,9,1],[12,0,1,2,3],[3,0,3,4,1,2,5,6,6]],[[[{"name":"frame_fy034","rect":[212,570,60,134],"offset":[0,0],"originalSize":[60,134],"rotated":1,"capInsets":[28,35,24,53]}],[4],0,[0],[2],[5]],[[[10,"settings"],[11,"settings",[-8],[[13,-3,[-2]],[14,-4],[15,-7,-6,-5]],[0,"08or6eeb1F4rxoP5XqYxAv",-1],[5,750,1334]],[4,"New Sprite",1,[-10,-11,-12,-13],[[2,1,0,-9,[23],24]],[0,"49VRucYPNGdaxAi9ZVBlTT",1],[5,675,538],[1,84,0,0,0,0,1,1,1,1]],[12,"Background",[[2,1,0,-14,[1],2],[16,0,45,100,40,-15]],[0,"9549hRo81PN6suY5IyIqsC",1],[5,121,87]],[4,"New Sprite",2,[-17,-18],[[2,1,0,-16,[13],14]],[0,"21DKDh93NK9Jq7JhByIzeN",1],[5,470,134],[-2.2,41.8,0,0,0,0,1,1,1,1]],[6,"New Toggle",4,[-20,-21],[-19],[0,"b9Mux3oX5B1rwk7x9t22Am",1],[5,180,90],[96.8,0,0,0,0,0,1,1,1,1]],[5,"Background",5,[-23],[[2,1,0,-22,[9],10]],[0,"a8OKFAeilAL4Uob65Q2oov",1],[5,180,90]],[4,"New Sprite copy",2,[-25,-26],[[2,1,0,-24,[21],22]],[0,"5f4kjQFq9EfL2yprcIyUuW",1],[5,470,134],[-2.2,-107.2,0,0,0,0,1,1,1,1]],[6,"New Toggle",7,[-28,-29],[-27],[0,"15glhK4PtOs7tg/UT4chmg",1],[5,180,90],[96.8,0,0,0,0,0,1,1,1,1]],[5,"Background",8,[-31],[[2,1,0,-30,[17],18]],[0,"a9+joakkRKWp09RaID9174",1],[5,180,90]],[4,"New Button",2,[3],[[17,-32,[[18,"a2bbdzy4UJJ65VrnqbThiRb","closeViewWithClickSound",1]],[4,4293322470],[4,4291348680],[4,3363338360],3,3,4,5,6]],[0,"2bi4eRF1ZNXJJGCNxiJqWA",1],[5,121,87],[269,217.1,0,0,0,0,1,1,1,1]],[7,"checkmark",5,[-34],[-33],[0,"e5gDxAHqpGhJys40iPDdxY",1],[5,180,90]],[7,"checkmark",8,[-36],[-35],[0,"4cBWTKZSZOipB1Y1iAf6Vo",1],[5,180,90]],[1,"New Label",2,[[19,"Settings",44,60,1,1,-37,[0]]],[0,"45HQ0cSWNIOoKenJsouWkR",1],[5,88,75.6],[-1,203,0,0,0,0,1,1,1,1]],[1,"New Label",4,[[3,"Shake",1,1,-38,[7]]],[0,"caiV+yCRRD8bkY0odreFRx",1],[5,80,50.4],[-162.1,0.7,0,0,0,0,1,1,1,1]],[1,"New Label",6,[[3,"Off",1,1,-39,[8]]],[0,"9dLFZa9GRMc60NLy27BcUP",1],[5,40,50.4],[4.3,1.2,0,0,0,0,1,1,1,1]],[1,"New Label",11,[[3,"On",1,1,-40,[11]]],[0,"62MN6A3elIvoGvUl3p0aqx",1],[5,40,50.4],[4.3,1.2,0,0,0,0,1,1,1,1]],[8,1,0,11,[12]],[9,5,[4,4292269782],6,17],[1,"New Label",7,[[3,"Sound",1,1,-41,[15]]],[0,"20KJ+1Q9JGE4ScTTSeA4Ar",1],[5,80,50.4],[-162.1,0.7,0,0,0,0,1,1,1,1]],[1,"New Label",9,[[3,"Off",1,1,-42,[16]]],[0,"03TxW+tB5OSYsoEyQpZp/t",1],[5,40,50.4],[4.3,1.2,0,0,0,0,1,1,1,1]],[1,"New Label",12,[[3,"On",1,1,-43,[19]]],[0,"17H/gMAPlKn5dPGRUNAKN5",1],[5,40,50.4],[4.3,1.2,0,0,0,0,1,1,1,1]],[8,1,0,12,[20]],[9,8,[4,4292269782],9,22]],0,[0,3,1,0,-1,1,0,0,1,0,0,1,0,4,18,0,5,23,0,0,1,0,-1,2,0,0,2,0,-1,13,0,-2,10,0,-3,4,0,-4,7,0,0,3,0,0,3,0,0,4,0,-1,14,0,-2,5,0,-1,18,0,-1,6,0,-2,11,0,0,6,0,-1,15,0,0,7,0,-1,19,0,-2,8,0,-1,23,0,-1,9,0,-2,12,0,0,9,0,-1,20,0,0,10,0,-1,17,0,-1,16,0,-1,22,0,-1,21,0,0,13,0,0,14,0,0,15,0,0,16,0,0,19,0,0,20,0,0,21,0,6,1,3,7,10,43],[0,0,0,0,0,0,0,0,0,0,0,0,0,0,0,0,0,0,0,0,0,0,0,0,0,17,22],[-1,-1,1,8,9,10,11,-1,-1,-1,1,-1,-1,-1,1,-1,-1,-1,1,-1,-1,-1,1,-1,1,1,1],[0,0,1,1,6,7,8,0,0,0,2,0,0,0,3,0,0,0,2,0,0,0,3,0,9,4,4]]]]