[1,["ecpdLyjvZBwrvm+cedCcQy","526riivPNPpLUS0DhEXGCe","1f4bNdteNNNZbFL0bk8jJD","01gtSNfzxGG5aIMXK9LQvL","8eHCUCwGpDN7/YV7Sq9ruW","ebJfba2fFBf4i5onErBJxt","74MxrqHjVHFpIkOeK3NdAd","07Ma+kJqJDvLZaCHv38Cx1","a2MjXRFdtLlYQ5ouAFv/+R","2f1LY3RudKyomM1Iytl+5a","0etlm1+s9Mu73arMoJUgXV"],["node","_spriteFrame","_parent","_textureSetter","root","checkMark","_N$target","rankTitle","topsel","me","worldRankTips","fanRank","worldRankItem","worldRankCont","worldRank","data"],[["cc.Node",["_name","_active","_opacity","_prefab","_contentSize","_parent","_components","_trs","_children","_color","_anchorPoint"],0,4,5,1,9,7,2,5,5],["cc.Sprite",["_sizeMode","_type","_isTrimmedMode","node","_materials","_spriteFrame"],0,1,3,6],["cc.Widget",["_alignFlags","_originalWidth","_originalHeight","_top","_bottom","node"],-2,1],"cc.SpriteFrame",["cc.PrefabInfo",["fileId","root","asset"],2,1,1],["cc.ClickEvent",["_componentId","handler","customEventData","target"],0,1],["cc.Button",["_N$transition","zoomScale","node","clickEvents"],1,1,9],["cc.Label",["_string","_fontSize","_N$horizontalAlign","_N$verticalAlign","_lineHeight","_N$overflow","node","_materials"],-3,1,3],["cc.Node",["_name","_active","_parent","_components","_prefab","_color","_contentSize"],1,1,2,4,5,5],["cc.Toggle",["_N$transition","_N$isChecked","node","_N$normalColor","_N$target","checkMark","checkEvents"],1,1,5,1,1,9],["cc.Prefab",["_name"],2],["272f2cFgY9I3J3Gx+seEGOR",["node","worldRank","worldRankCont","worldRankItem","fanRank","worldRankTips","me","topsel","rankTitle"],3,1,1,1,1,1,1,1,1,1],["cc.Layout",["_resize","_N$layoutType","_N$paddingTop","_N$spacingY","node","_layoutSize"],-1,1,5],["cc.ToggleContainer",["node"],3,1],["cc.LabelOutline",["_width","node","_color"],2,1,5],["24c55LjjBdPzIH8mvf0o6Ux",["key","node"],2,1],["cc.ScrollView",["horizontal","brake","bounceDuration","_N$horizontalScrollBar","_N$verticalScrollBar","node","_N$content"],-2,1,1],["cc.BlockInputEvents",["node"],3,1],["cc.Mask",["_N$alphaThreshold","node","_materials"],2,1,3],["cc.SubContextView",["node"],3,1]],[[4,0,1,2,2],[14,0,1,2,2],[0,0,5,6,3,4,7,2],[7,0,1,4,2,3,6,7,6],[4,0,1,2],[1,3,4,5,1],[15,0,1,2],[0,0,5,6,3,4,10,7,2],[0,0,1,5,6,3,4,7,3],[0,0,5,6,3,4,2],[7,0,1,2,3,5,6,7,6],[0,0,8,6,3,4,7,2],[0,0,5,8,3,2],[1,1,0,3,4,5,3],[1,0,3,4,2],[0,0,5,8,6,3,9,4,7,2],[0,0,5,6,3,9,4,7,2],[1,1,0,2,3,4,5,4],[1,1,0,2,3,4,4],[5,0,1,2,3,4],[5,0,1,3,3],[6,0,2,3,2],[7,0,1,4,2,3,5,6,7,7],[10,0,2],[0,0,1,8,6,3,4,7,3],[0,0,5,8,6,3,4,7,2],[0,0,5,8,3,4,7,2],[0,0,5,8,3,9,4,7,2],[0,0,8,6,3,4,10,7,2],[0,0,1,5,8,6,3,9,4,7,3],[0,0,5,8,3,7,2],[0,0,1,5,8,6,3,4,7,3],[0,0,2,5,6,3,9,4,3],[0,0,5,8,6,3,4,2],[8,0,2,3,4,5,6,2],[8,0,1,2,3,4,5,6,3],[11,0,1,2,3,4,5,6,7,8,1],[2,0,1,2,5,4],[2,0,3,4,5,4],[2,0,3,4,1,2,5,6],[2,0,5,2],[4,1,2,1],[1,0,3,4,5,2],[9,0,2,3,4,5,6,2],[9,0,1,2,3,4,5,6,3],[5,0,1,3],[12,0,1,2,3,4,5,5],[6,1,0,2,3],[6,2,3,1],[13,0,1],[16,0,1,2,3,4,5,6,6],[17,0,1],[18,0,1,2,2],[19,0,1]],[[[{"name":"2","rect":[0,0,104,64],"offset":[0,0],"originalSize":[104,64],"capInsets":[0,0,0,0]}],[3],0,[0],[3],[5]],[[{"name":"1","rect":[0,0,101,85],"offset":[0,0],"originalSize":[101,85],"capInsets":[0,0,0,0]}],[3],0,[0],[3],[6]],[[{"name":"3","rect":[0,0,63,64],"offset":[0,0],"originalSize":[63,64],"capInsets":[0,0,0,0]}],[3],0,[0],[3],[7]],[[[23,"RankUI"],[11,"RankUI",[-12],[[36,-10,-9,-8,-7,-6,-5,-4,-3,-2],[37,45,640,1050,-11]],[41,-1,0],[5,640,1335],[320,667.5,0,0,0,0,1,1,1,1]],[24,"rankItem",false,[-15,-16,-17,-18,-19],[[13,1,0,-14,[18],19]],[4,"454ojr9QNNb5WikVexp/OS",-13],[5,450,100],[0,-55,0,0,0,0,1,1,1,1]],[25,"window",1,[-21,-22,-23,-24,-25,-26,-27,-28,-29],[[38,45,38.42300000000002,-38.42300000000002,-20]],[0,"939zSTo51LJo2zVkgUITYE",1,0],[5,640,1335],[0,-38.423,0,0,0,0,1,1,1,1]],[26,"me",3,[-30,-31,-32,-33,-34],[0,"e9/pNa5TFKxI52q3WPpUeF",1,0],[5,500,80],[0,-347.189,0,0,0,0,1,1,1,1]],[11,"toggle1",[-38,-39,-40],[[43,3,-37,[4,4292269782],-36,-35,[[19,"272f2cFgY9I3J3Gx+seEGOR","selCilck","0",1]]]],[0,"e7EjejpaVN8bhH68qS504T",1,0],[5,180,60],[-101.352,1.498,0,0,0,0,1,1,1,0]],[11,"toggle2",[-44,-45,-46],[[44,3,false,-43,[4,4292269782],-42,-41,[[19,"272f2cFgY9I3J3Gx+seEGOR","selCilck","1",1]]]],[0,"03e2B9UhxL/bxMrHrpa9UB",1,0],[5,180,60],[100.981,0.047,0,0,0,0,1,1,1,0]],[27,"worldRank",3,[-47,-48,-49],[0,"303gQ6I+tMrYxlZ62RBW2e",1,0],[4,4291019715],[5,500,600],[0.669,-9.015,0,0,0,0,1,1,1,0]],[12,"title",7,[-50,-51,-52,-53],[0,"82P8lThMFHUaUWzkUW6yeO",1,0]],[28,"content",[2],[[46,1,2,5,5,-54,[5,450,105]]],[0,"01WsPAsLJM7bq/ArAS+Mxr",1,0],[5,450,105],[0,0.5,1],[0,268.826,0,0,0,0,1,1,1,1]],[29,"fanRank",false,3,[-56,-57],[[47,0.9,3,-55]],[0,"4bSvrGqQhGG4BPcH0Ikjw+",1,0],[4,4291019715],[5,500,700],[0.669,-62.417,0,0,0,0,1,1,1,0]],[30,"title",10,[-58,-59,-60,-61],[0,"257zx0rW9O5qp6vv0n5QJk",1,0],[0,53.689,0,0,0,0,1,1,1,1]],[15,"rank",10,[-65],[[14,0,-62,[28]],[39,45,7.2160000000000615,-7.2159999999999975,2,2,-63],[48,-64,[[45,"e4ae0/y2cNBtKMVUgJZf0+K","hideRankUI"]]]],[0,"2fP28xUIlG85uQry5Zd2K9",1,0],[4,4278190080],[5,500,700],[0,-7.216000000000008,0,0,0,0,1,1,1,1]],[31,"sel_cont",false,3,[5,6],[[49,-66]],[0,"93TRrLvPdIVZNsnpwzqo/+",1,0],[5,400,60],[-3.422,351.772,0,0,0,0,1,1,1,1]],[16,"worldTitle",3,[[3,"好友排行榜",30,30,1,1,-67,[51]],[1,3,-68,[4,4278190080]],[6,"rankUITitle",-69]],[0,"6fb36cCilJDLuj9D83CA9a",1,0],[4,4278238719],[5,156,43.8],[0,355.191,0,0,0,0,1,1,1,1]],[2,"paiming",8,[[3,"排名",25,25,1,1,-70,[4]],[1,3,-71,[4,4278190080]],[6,"rankUIColRank",-72]],[0,"92gilVbuNOb7aytlFvGCgS",1,0],[5,56,37.5],[-181.343,309.804,0,0,0,0,1,1,1,1]],[2,"nickname",8,[[3,"昵称",25,25,1,1,-73,[5]],[1,3,-74,[4,4278190080]],[6,"rankUIColNickname",-75]],[0,"92Lm8lj69BVqacnap4oqrg",1,0],[5,56,37.5],[31.446,309.804,0,0,0,0,1,1,1,1]],[2,"zhanli",8,[[3,"皇冠",25,25,1,1,-76,[6]],[1,3,-77,[4,4278190080]],[6,"rankUIColCrown",-78]],[0,"8eii0K5HVOUIJxq70Wkk0i",1,0],[5,56,37.5],[167.101,309.804,0,0,0,0,1,1,1,1]],[2,"avatar",8,[[3,"头像",25,25,1,1,-79,[7]],[1,3,-80,[4,4278190080]],[6,"rankUIColAvatar",-81]],[0,"9e0Ue8DvND5q2pJ0vZa+OS",1,0],[5,56,37.5],[-72.269,309.804,0,0,0,0,1,1,1,1]],[15,"list",7,[-84],[[13,1,0,-82,[21],22],[50,false,0.75,0.23,null,null,-83,9]],[0,"e3om/InEZECat3C7xGJw5u",1,0],[4,4292730334],[5,470,550],[0,2.529,0,0,0,0,1,1,1,1]],[12,"rankIcon",2,[-85,-86,-87],[4,"6aJWvR8aBANZC8v54AnlWq",2]],[16,"tips",7,[[3,"数据载入中...",25,25,1,1,-88,[23]],[6,"rankUILoading",-89]],[0,"acyQ46aMVM06TpgdKdfOEV",1,0],[4,4291071308],[5,145.84,31.5],[0,27.122,0,0,0,0,1,1,1,1]],[12,"rankIcon",4,[-90,-91,-92],[0,"f3ys3gQORPW6+GhKBs2hLW",1,0]],[2,"wz",5,[[3,"世界榜",25,30,1,1,-93,[42]],[1,3,-94,[4,4278190080]],[6,"rankUIColWorldRank",-95]],[0,"9a9oX5xRlFmaJkhmEsN8Q+",1,0],[5,81,43.8],[0,3.187,0,0,0,0,1,1,1,1]],[9,"wz",6,[[3,"好友榜",25,30,1,1,-96,[46]],[1,3,-97,[4,4278190080]],[6,"rankUIColFriendRank",-98]],[0,"44va41C3JCw4dyNAfyQ8Mg",1,0],[5,81,43.8]],[32,"bg",180,3,[[42,0,-99,[0],1],[51,-100]],[0,"f9O/vmH8FK5qDIXpiqfJ9T",1,0],[4,4278190080],[5,5000,5000]],[33,"view",19,[9],[[52,0,-101,[20]]],[0,"14LYXooidEP7FGHBBVhYrI",1,0],[5,450,530]],[7,"num",2,[[22,"-",30,30,1,1,2,-102,[8]],[1,3,-103,[4,4278190080]]],[4,"6fuvrGrhBPQ6ow9qOEuh0x",2],[5,100,43.8],[0,0,0.5],[-216.138,0,0,0,0,0,1,1,1,1]],[7,"name",2,[[10,"-",25,1,1,2,-104,[9]],[1,3,-105,[4,4278190080]]],[4,"afA6IhRxFMIKLHTn9pOPo+",2],[5,125.52,37.5],[0,0,0.5],[-19.77,0,0,0,0,0,1,1,1,1]],[7,"score",2,[[22,"-",25,25,1,1,2,-106,[10]],[1,3,-107,[4,4278190080]]],[4,"c5NDoDZ31Fy584OB7LpD4s",2],[5,90,37.5],[0,0,0.5],[126.3,0,0,0,0,0,1,1,1,1]],[2,"paiming",11,[[3,"排名",25,25,1,1,-108,[24]],[1,3,-109,[4,4278190080]]],[0,"72NZuRbXlGiLknYjhwJheN",1,0],[5,56,37.5],[-181.343,309.804,0,0,0,0,1,1,1,1]],[2,"nickname",11,[[3,"昵称",25,25,1,1,-110,[25]],[1,3,-111,[4,4278190080]]],[0,"305OXTISNO1ZTcvIYsl2Am",1,0],[5,56,37.5],[31.446,309.804,0,0,0,0,1,1,1,1]],[2,"zhanli",11,[[3,"皇冠",25,25,1,1,-112,[26]],[1,3,-113,[4,4278190080]]],[0,"f6ta9BKVlGBqFHYQIs9945",1,0],[5,56,37.5],[167.101,309.804,0,0,0,0,1,1,1,1]],[2,"avatar",11,[[3,"头像",25,25,1,1,-114,[27]],[1,3,-115,[4,4278190080]]],[0,"ab+LmNNThFLqlemYNSo8or",1,0],[5,56,37.5],[-72.269,309.804,0,0,0,0,1,1,1,1]],[9,"wxopen",12,[[53,-116],[40,45,-117]],[0,"00UARGRehIp5q6c2SPOgLx",1,0],[5,500,700]],[7,"name",4,[[10,"-",30,1,1,2,-118,[29]],[1,3,-119,[4,4278190080]]],[0,"c8sgHjl5ZNiLTqxPEwr9X8",1,0],[5,156.04,56.4],[0,0,0.5],[-55.489,-2.105,0,0,0,0,1,1,1,1]],[7,"score",4,[[10,"-",30,1,1,2,-120,[30]],[1,3,-121,[4,4278190080]]],[0,"b2YAU4r4VNIIfoODBN/pjV",1,0],[5,122.79,56.4],[0,0,0.5],[114.802,-2.105,0,0,0,0,1,1,1,1]],[7,"rankNum",4,[[10,"-",30,1,1,2,-122,[31]],[1,3,-123,[4,4278190080]]],[0,"45YtTdlXNJU4luZ1C5Ry/s",1,0],[5,110,56.4],[0,0,0.5],[-250.699,-2.105,0,0,0,0,1,1,1,1]],[2,"icon_info",3,[[5,-124,[47],48],[21,3,-125,[[20,"272f2cFgY9I3J3Gx+seEGOR","showHelp",1]]]],[0,"32CFZy+QBLu63bv42YNC6H",1,0],[5,55,59],[183.523,413.635,0,0,0,0,1,1,1,0]],[2,"closeBtn",3,[[5,-126,[49],50],[21,3,-127,[[20,"272f2cFgY9I3J3Gx+seEGOR","close",1]]]],[0,"60VADQT95ASKoSCD+iycHY",1,0],[5,55,59],[245.523,413.635,0,0,0,0,1,1,1,0]],[9,"bg2",3,[[13,1,0,-128,[2],3]],[0,"6d2mKRwvhKw5x4+8W6m8n5",1,0],[5,550,850]],[2,"avatar",2,[[14,0,-129,[11]]],[4,"d4gv0dygFCI60PRhr4ah/0",2],[5,50,50],[-71.338,0,0,0,0,0,1,1,1,1]],[8,"1",false,20,[[5,-130,[12],13]],[4,"d2rE4fbkBBVp20Re/8JC40",2],[5,101,85],[-167,1,0,0,0,0,1,1,1,1]],[8,"2",false,20,[[5,-131,[14],15]],[4,"e4ueXZNu9DsJTcbbbvwIsN",2],[5,104,64],[-167,-5.498,0,0,0,0,1,1,1,1]],[8,"3",false,20,[[5,-132,[16],17]],[4,"f4wGzg3zBH0ZgHEvqd6WPG",2],[5,63,64],[-167,-7.996,0,0,0,0,1,1,1,1]],[2,"avatar",4,[[14,0,-133,[32]]],[0,"07jX0XAPZN2aNELCnbPvru",1,0],[5,70,70],[-100.422,0,0,0,0,0,1,1,1,1]],[8,"1",false,22,[[5,-134,[33],34]],[0,"8bOif6KIlDSo9fwW+NuMCy",1,0],[5,101,85],[-189.639,1,0,0,0,0,1,1,1,1]],[8,"2",false,22,[[5,-135,[35],36]],[0,"31itNezd1MIZTuh5jdklaV",1,0],[5,104,64],[-189.639,-5.498,0,0,0,0,1,1,1,1]],[8,"3",false,22,[[5,-136,[37],38]],[0,"89ulelWbRGMK9AE9x7334e",1,0],[5,63,64],[-189.639,-7.996,0,0,0,0,1,1,1,1]],[9,"Background",5,[[17,1,0,false,-137,[39],40]],[0,"a8XfG9qBxF+I2L7e1B0rBp",1,0],[5,180,60]],[34,"checkmark",5,[-138],[0,"180oH9aoFC5axXviLMvJeS",1,0],[4,4287522386],[5,180,60]],[18,1,0,false,50,[41]],[9,"Background",6,[[17,1,0,false,-139,[43],44]],[0,"36zrGFChdI9IxUk7hRHMLS",1,0],[5,180,60]],[35,"checkmark",false,6,[-140],[0,"cam7KlyDFIpKqfKeLEJYV2",1,0],[4,4287522386],[5,180,60]],[18,1,0,false,53,[45]]],0,[0,4,1,0,7,14,0,8,13,0,9,4,0,10,21,0,11,10,0,12,2,0,13,9,0,14,7,0,0,1,0,0,1,0,-1,3,0,4,2,0,0,2,0,-1,27,0,-2,28,0,-3,29,0,-4,41,0,-5,20,0,0,3,0,-1,25,0,-2,40,0,-3,7,0,-4,10,0,-5,4,0,-6,13,0,-7,38,0,-8,39,0,-9,14,0,-1,35,0,-2,36,0,-3,37,0,-4,45,0,-5,22,0,5,51,0,6,5,0,0,5,0,-1,49,0,-2,50,0,-3,23,0,5,54,0,6,6,0,0,6,0,-1,52,0,-2,53,0,-3,24,0,-1,8,0,-2,19,0,-3,21,0,-1,15,0,-2,16,0,-3,17,0,-4,18,0,0,9,0,0,10,0,-1,11,0,-2,12,0,-1,30,0,-2,31,0,-3,32,0,-4,33,0,0,12,0,0,12,0,0,12,0,-1,34,0,0,13,0,0,14,0,0,14,0,0,14,0,0,15,0,0,15,0,0,15,0,0,16,0,0,16,0,0,16,0,0,17,0,0,17,0,0,17,0,0,18,0,0,18,0,0,18,0,0,19,0,0,19,0,-1,26,0,-1,42,0,-2,43,0,-3,44,0,0,21,0,0,21,0,-1,46,0,-2,47,0,-3,48,0,0,23,0,0,23,0,0,23,0,0,24,0,0,24,0,0,24,0,0,25,0,0,25,0,0,26,0,0,27,0,0,27,0,0,28,0,0,28,0,0,29,0,0,29,0,0,30,0,0,30,0,0,31,0,0,31,0,0,32,0,0,32,0,0,33,0,0,33,0,0,34,0,0,34,0,0,35,0,0,35,0,0,36,0,0,36,0,0,37,0,0,37,0,0,38,0,0,38,0,0,39,0,0,39,0,0,40,0,0,41,0,0,42,0,0,43,0,0,44,0,0,45,0,0,46,0,0,47,0,0,48,0,0,49,0,-1,51,0,0,52,0,-1,54,0,15,1,2,2,9,5,2,13,6,2,13,9,2,26,140],[0,0,0,0,0,0,0,0,0,0,0,0,0,0,0,0,0,0,0,0,0,0,0,0,0,0,0,0,0,0,0,0,0,0,0,0,0,0,0,0,0,0,0,0,0,0,0,0,0,0,0,0,51,54],[-1,1,-1,1,-1,-1,-1,-1,-1,-1,-1,-1,-1,1,-1,1,-1,1,-1,1,-1,-1,1,-1,-1,-1,-1,-1,-1,-1,-1,-1,-1,-1,1,-1,1,-1,1,-1,1,-1,-1,-1,1,-1,-1,-1,1,-1,1,-1,1,1],[0,8,0,1,0,0,0,0,0,0,0,0,0,2,0,3,0,4,0,1,0,0,1,0,0,0,0,0,0,0,0,0,0,0,2,0,3,0,4,0,1,0,0,0,1,0,0,0,9,0,10,0,1,1]]]]