[1,["12d9e6856","7a/QZLET9IDreTiBfRn2PD","ecpdLyjvZBwrvm+cedCcQy","573b5DRf1AvIWHApdtpc+Y","c0SAEoKstKao6y9uHVTIHi","52eD2Ep/5E8qa8LSAoujTl"],["node","_textureSetter","root","blinkNode","ske","data","_spriteFrame","_N$skeletonData"],[["cc.Node",["_name","_groupIndex","_active","_components","_prefab","_children","_parent","_contentSize"],0,9,4,2,1,5],"cc.SpriteFrame",["cc.Prefab",["_name"],2],["cc.Node",["_name","_groupIndex","_parent","_components","_prefab","_contentSize","_trs"],1,1,2,4,5,7],["cc.CircleCollider",["_radius","node"],2,1],["cc.BoxCollider",["node","_size"],3,1,5],["2fd84qgTxlNla8RAGPr2aOb",["node"],3,1],["944dfHPyTJMzJibewidrYiK",["node","ske","blinkNode"],3,1,1,1],["cc.PrefabInfo",["fileId","root"],2,1],["cc.Sprite",["node","_materials","_spriteFrame"],3,1,3,6],["sp.Skeleton",["defaultAnimation","_preCacheMode","_cacheMode","_animationName","_N$enableBatch","node","_materials"],-2,1,3],["sp.SkeletonData",["_name","_atlasText","textureNames","_skeletonJson","textures"],-1,3]],[[8,0,1,2],[2,0,2],[0,0,1,5,3,4,3],[0,0,2,6,3,4,7,3],[3,0,1,2,3,4,5,6,3],[4,0,1,2],[5,0,1,1],[6,0,1],[7,0,1,2,1],[9,0,1,2,1],[10,0,1,2,3,4,5,6,6],[11,0,1,2,3,4,5]],[[[{"name":"enemy_003c","rect":[203,3,194,193],"offset":[0,-0.5],"originalSize":[196,196],"capInsets":[0,0,0,0]}],[1],0,[0],[1],[0]],[[[1,"enemy3"],[2,"enemy3",1,[-8,-9],[[5,25,-2],[6,-3,[5,30,60]],[7,-4],[8,-7,-6,-5]],[0,"8f90PNcZdMUp0MuK5Satni",-1]],[3,"enemy_003c",false,1,[[9,-10,[1],2]],[0,"f3PsU/r2xPrplPV9DpXiIq",1],[5,193,193]],[4,"ske",1,1,[-11],[0,"1fH0Fo7VFFy7/h516+zLOc",1],[5,61.8,75],[0,-36,0,0,0,0,1,1,1,1]],[10,"walk",1,1,"walk",true,3,[0]]],0,[0,2,1,0,0,1,0,0,1,0,0,1,0,3,2,0,4,4,0,0,1,0,-1,3,0,-2,2,0,0,2,0,-1,4,0,5,1,11],[0,0,0,4],[-1,-1,6,7],[1,2,3,4]],[[[11,"enemy_003","\r\nenemy_003.png\r\nsize: 256,64\r\nformat: RGBA8888\r\nfilter: Linear,Linear\r\nrepeat: none\r\n003body\r\n  rotate: false\r\n  xy: 123, 18\r\n  size: 39, 44\r\n  orig: 39, 44\r\n  offset: 0, 0\r\n  index: -1\r\n003body2\r\n  rotate: false\r\n  xy: 164, 18\r\n  size: 39, 44\r\n  orig: 39, 44\r\n  offset: 0, 0\r\n  index: -1\r\n003eyes\r\n  rotate: false\r\n  xy: 2, 2\r\n  size: 17, 6\r\n  orig: 17, 6\r\n  offset: 0, 0\r\n  index: -1\r\n003head\r\n  rotate: false\r\n  xy: 42, 11\r\n  size: 36, 51\r\n  orig: 36, 51\r\n  offset: 0, 0\r\n  index: -1\r\n003leg\r\n  rotate: false\r\n  xy: 205, 16\r\n  size: 23, 18\r\n  orig: 23, 18\r\n  offset: 0, 0\r\n  index: -1\r\n003leg2\r\n  rotate: false\r\n  xy: 228, 37\r\n  size: 19, 25\r\n  orig: 19, 25\r\n  offset: 0, 0\r\n  index: -1\r\n003shadow1\r\n  rotate: false\r\n  xy: 2, 10\r\n  size: 38, 52\r\n  orig: 38, 52\r\n  offset: 0, 0\r\n  index: -1\r\n003shadow2\r\n  rotate: false\r\n  xy: 80, 17\r\n  size: 41, 45\r\n  orig: 41, 45\r\n  offset: 0, 0\r\n  index: -1\r\n003shadow3\r\n  rotate: true\r\n  xy: 230, 10\r\n  size: 25, 19\r\n  orig: 25, 19\r\n  offset: 0, 0\r\n  index: -1\r\n003shadow4\r\n  rotate: false\r\n  xy: 205, 36\r\n  size: 21, 26\r\n  orig: 21, 26\r\n  offset: 0, 0\r\n  index: -1\r\n003shadow5\r\n  rotate: false\r\n  xy: 80, 7\r\n  size: 18, 8\r\n  orig: 18, 8\r\n  offset: 0, 0\r\n  index: -1\r\n",["enemy_003.png"],{"skeleton":{"hash":"+a3k+HhOjn0wySjh86MRHpz9ziE","spine":"3.6.53","width":61.8,"height":75,"images":"../images/"},"bones":[{"name":"root","scaleX":0.2,"scaleY":0.2},{"name":"bone","parent":"root"},{"name":"bone2","parent":"bone","y":182.72},{"name":"bone4","parent":"bone2","y":48.39},{"name":"003leg","parent":"bone4","length":71.49,"rotation":-33.92,"x":40.87,"y":-4.38},{"name":"003leg2","parent":"bone4","length":64.53,"rotation":50.61,"x":26.7,"y":22.92},{"name":"bone6","parent":"bone2","y":48.39,"scaleX":-1},{"name":"003leg3","parent":"bone6","length":64.53,"rotation":50.61,"x":26.7,"y":22.92},{"name":"003leg4","parent":"bone6","length":71.49,"rotation":-33.92,"x":40.87,"y":-4.38},{"name":"bone3","parent":"bone","y":161.78},{"name":"bone5","parent":"bone2","y":102.93}],"slots":[{"name":"003shadow5","bone":"bone5","attachment":"003shadow5"},{"name":"003shadow4","bone":"003leg2","attachment":"003shadow4"},{"name":"003shadow6","bone":"003leg3","attachment":"003shadow4"},{"name":"003shadow3","bone":"003leg","attachment":"003shadow3"},{"name":"003shadow7","bone":"003leg4","attachment":"003shadow3"},{"name":"003shadow2","bone":"bone3","attachment":"003shadow2"},{"name":"003shadow1","bone":"bone2","attachment":"003shadow1"},{"name":"003leg2","bone":"003leg2","attachment":"003leg2"},{"name":"003leg3","bone":"003leg3","attachment":"003leg2"},{"name":"003leg","bone":"003leg","attachment":"003leg"},{"name":"003leg4","bone":"003leg4","attachment":"003leg"},{"name":"003body","bone":"bone3","attachment":"003body"},{"name":"003body2","bone":"bone3","attachment":"003body2"},{"name":"003head","bone":"bone2","attachment":"003head"},{"name":"003eyes","bone":"bone5","attachment":"003eyes"}],"skins":{"default":{"003body":{"003body":{"y":-48.86,"width":197,"height":219}},"003body2":{"003body2":{"y":-48.86,"width":197,"height":219}},"003eyes":{"003eyes":{"x":-0.5,"y":-0.22,"width":84,"height":30}},"003head":{"003head":{"x":-0.5,"y":13.21,"width":180,"height":253}},"003leg":{"003leg":{"x":63.94,"y":-2.55,"rotation":33.92,"width":116,"height":89}},"003leg2":{"003leg2":{"x":68.57,"y":2.21,"rotation":-50.61,"width":96,"height":124}},"003leg3":{"003leg2":{"x":68.57,"y":2.21,"rotation":-50.61,"width":96,"height":124}},"003leg4":{"003leg":{"x":63.94,"y":-2.55,"rotation":33.92,"width":116,"height":89}},"003shadow1":{"003shadow1":{"x":-0.5,"y":13.21,"width":188,"height":261}},"003shadow2":{"003shadow2":{"y":-48.86,"width":205,"height":227}},"003shadow3":{"003shadow3":{"x":63.94,"y":-2.55,"rotation":33.92,"width":124,"height":97}},"003shadow4":{"003shadow4":{"x":68.57,"y":2.21,"rotation":-50.61,"width":104,"height":132}},"003shadow5":{"003shadow5":{"x":-0.5,"y":-0.22,"width":92,"height":38}},"003shadow6":{"003shadow4":{"x":68.57,"y":2.21,"rotation":-50.61,"width":104,"height":132}},"003shadow7":{"003shadow3":{"x":63.94,"y":-2.55,"rotation":33.92,"width":124,"height":97}}}},"animations":{"beaten":{"slots":{"003body2":{"color":[{"time":0,"color":"ffffffff","curve":[0.25,0,0.75,1]},{"time":0.5,"color":"ffffff00","curve":"stepped"},{"time":0.6667,"color":"ffffff00"}]}},"bones":{"bone3":{"scale":[{"time":0,"x":1,"y":1,"curve":[0.25,0,0.75,1]},{"time":0.5,"x":0.95,"y":1,"curve":"stepped"},{"time":0.6667,"x":0.95,"y":1}]},"003leg3":{"rotate":[{"time":0,"angle":-69.58,"curve":[0.25,0,0.75,1]},{"time":0.5,"angle":38.28},{"time":0.6667,"angle":-4.82}],"translate":[{"time":0,"x":7.71,"y":-15.42},{"time":0.3333,"x":0,"y":6.43},{"time":0.5,"x":0,"y":5.78},{"time":0.6667,"x":0,"y":0}]},"003leg":{"rotate":[{"time":0,"angle":-12.2,"curve":[0.25,0,0.75,1]},{"time":0.3333,"angle":29.7},{"time":0.5,"angle":53.42},{"time":0.6667,"angle":8.94}],"translate":[{"time":0,"x":20.56,"y":-21.84},{"time":0.3333,"x":0,"y":6.43},{"time":0.5,"x":0,"y":5.78},{"time":0.6667,"x":0,"y":0}]},"003leg2":{"rotate":[{"time":0,"angle":-74.66,"curve":[0.25,0,0.75,1]},{"time":0.3333,"angle":14.87},{"time":0.5,"angle":23.71},{"time":0.6667,"angle":-5.55}],"translate":[{"time":0,"x":15.42,"y":-16.7},{"time":0.3333,"x":0,"y":6.43},{"time":0.5,"x":0,"y":5.78},{"time":0.6667,"x":0,"y":0}]},"003leg4":{"rotate":[{"time":0,"angle":-6.2,"curve":[0.25,0,0.75,1]},{"time":0.3333,"angle":16.98},{"time":0.5,"angle":45.71},{"time":0.6667,"angle":-0.21}],"translate":[{"time":0,"x":19.27,"y":-23.13},{"time":0.3333,"x":0,"y":6.43},{"time":0.5,"x":0,"y":5.78},{"time":0.6667,"x":0,"y":0}]},"bone2":{"scale":[{"time":0,"x":1,"y":1},{"time":0.5,"x":0.98,"y":1,"curve":"stepped"},{"time":0.6667,"x":0.98,"y":1}]},"bone":{"scale":[{"time":0,"x":1.015,"y":0.918},{"time":0.3333,"x":0.974,"y":1.028},{"time":0.6667,"x":1,"y":1}]}}},"beaten2":{"slots":{"003body2":{"color":[{"time":0,"color":"ffffffff"}]}},"bones":{"bone3":{"scale":[{"time":0,"x":1,"y":1}]},"003leg3":{"rotate":[{"time":0,"angle":-69.58}],"translate":[{"time":0,"x":7.71,"y":-15.42}]},"003leg":{"rotate":[{"time":0,"angle":-12.2}],"translate":[{"time":0,"x":20.56,"y":-21.84}]},"003leg2":{"rotate":[{"time":0,"angle":-74.66}],"translate":[{"time":0,"x":15.42,"y":-16.7}]},"003leg4":{"rotate":[{"time":0,"angle":-6.2}],"translate":[{"time":0,"x":19.27,"y":-23.13}]},"bone2":{"scale":[{"time":0,"x":1,"y":1}]},"bone":{"scale":[{"time":0,"x":1.015,"y":0.918}]}}},"dead":{"slots":{"003body2":{"color":[{"time":0,"color":"ffffffff"}]}},"bones":{"bone3":{"scale":[{"time":0,"x":1,"y":1}]},"003leg3":{"rotate":[{"time":0,"angle":-22.86}]},"003leg":{"rotate":[{"time":0,"angle":24.91}]},"003leg2":{"rotate":[{"time":0,"angle":8.58}]},"003leg4":{"rotate":[{"time":0,"angle":10.37}]},"bone2":{"scale":[{"time":0,"x":1,"y":1}]},"bone":{"scale":[{"time":0,"x":1,"y":1},{"time":0.0333,"x":0,"y":0}]}}},"stand":{"slots":{"003body2":{"color":[{"time":0,"color":"ffffffff"}]}},"bones":{"bone3":{"scale":[{"time":0,"x":1,"y":1}]},"003leg3":{"rotate":[{"time":0,"angle":-22.86}]},"003leg":{"rotate":[{"time":0,"angle":24.91}]},"003leg2":{"rotate":[{"time":0,"angle":8.58}]},"003leg4":{"rotate":[{"time":0,"angle":10.37}]},"bone2":{"scale":[{"time":0,"x":1,"y":1}]}}},"strike":{"slots":{"003body2":{"color":[{"time":0,"color":"ffffffff","curve":[0.25,0,0.75,1]},{"time":0.1333,"color":"ffffff00","curve":[0.25,0,0.75,1]},{"time":0.2667,"color":"ffffffff","curve":[0.25,0,0.75,1]},{"time":0.4,"color":"ffffff00","curve":[0.25,0,0.75,1]},{"time":0.5333,"color":"ffffffff","curve":[0.25,0,0.75,1]},{"time":0.7,"color":"ffffff00","curve":[0.25,0,0.75,1]},{"time":0.8333,"color":"ffffffff"}]}},"bones":{"bone3":{"scale":[{"time":0,"x":1,"y":1,"curve":[0.25,0,0.75,1]},{"time":0.1333,"x":0.93,"y":1,"curve":[0.25,0,0.75,1]},{"time":0.2667,"x":1,"y":1,"curve":[0.25,0,0.75,1]},{"time":0.4,"x":0.93,"y":1,"curve":[0.25,0,0.75,1]},{"time":0.5333,"x":1,"y":1},{"time":0.7,"x":0.93,"y":1,"curve":[0.25,0,0.75,1]},{"time":0.8333,"x":1,"y":1}]},"003leg3":{"rotate":[{"time":0,"angle":-22.86,"curve":[0.25,0,0.75,1]},{"time":0.0333,"angle":-26.14,"curve":[0.25,0,0.75,1]},{"time":0.2333,"angle":-4.82,"curve":[0.25,0,0.75,1]},{"time":0.4,"angle":-22.86,"curve":[0.25,0,0.75,1]},{"time":0.4333,"angle":-26.14,"curve":[0.25,0,0.75,1]},{"time":0.6333,"angle":-4.82,"curve":[0.25,0,0.75,1]},{"time":0.8333,"angle":-22.86}]},"003leg":{"rotate":[{"time":0,"angle":24.91,"curve":[0.25,0,0.75,1]},{"time":0.0333,"angle":29.7,"curve":[0.25,0,0.75,1]},{"time":0.2333,"angle":8.94,"curve":[0.25,0,0.75,1]},{"time":0.4,"angle":24.91,"curve":[0.25,0,0.75,1]},{"time":0.4667,"angle":29.7,"curve":[0.25,0,0.75,1]},{"time":0.6667,"angle":8.94,"curve":[0.25,0,0.75,1]},{"time":0.8333,"angle":24.91}]},"003leg2":{"rotate":[{"time":0,"angle":8.58,"curve":[0.25,0,0.75,1]},{"time":0.0667,"angle":14.87,"curve":[0.25,0,0.75,1]},{"time":0.2667,"angle":-20.44,"curve":[0.25,0,0.75,1]},{"time":0.4,"angle":8.58,"curve":[0.25,0,0.75,1]},{"time":0.4667,"angle":14.87,"curve":[0.25,0,0.75,1]},{"time":0.6667,"angle":-20.44,"curve":[0.25,0,0.75,1]},{"time":0.8333,"angle":8.58}]},"003leg4":{"rotate":[{"time":0,"angle":10.37,"curve":[0.25,0,0.75,1]},{"time":0.0667,"angle":16.98,"curve":[0.25,0,0.75,1]},{"time":0.2667,"angle":-0.21,"curve":[0.25,0,0.75,1]},{"time":0.4,"angle":10.37,"curve":[0.25,0,0.75,1]},{"time":0.5,"angle":16.98,"curve":[0.25,0,0.75,1]},{"time":0.7,"angle":-0.21,"curve":[0.25,0,0.75,1]},{"time":0.8333,"angle":10.37}]},"bone2":{"scale":[{"time":0,"x":1,"y":1,"curve":[0.25,0,0.75,1]},{"time":0.2,"x":0.97,"y":1,"curve":[0.25,0,0.75,1]},{"time":0.4,"x":1,"y":1,"curve":[0.25,0,0.75,1]},{"time":0.6,"x":0.97,"y":1,"curve":[0.25,0,0.75,1]},{"time":0.8333,"x":1,"y":1}]}}},"walk":{"slots":{"003body2":{"color":[{"time":0,"color":"ffffffff","curve":[0.25,0,0.75,1]},{"time":0.4,"color":"ffffff00","curve":[0.25,0,0.75,1]},{"time":0.8333,"color":"ffffffff","curve":[0.25,0,0.75,1]},{"time":1.2333,"color":"ffffff00","curve":[0.25,0,0.75,1]},{"time":1.6667,"color":"ffffffff"}]}},"bones":{"bone3":{"scale":[{"time":0,"x":1,"y":1,"curve":[0.25,0,0.75,1]},{"time":0.4,"x":0.93,"y":1,"curve":[0.25,0,0.75,1]},{"time":0.8333,"x":1,"y":1,"curve":[0.25,0,0.75,1]},{"time":1.2333,"x":0.93,"y":1,"curve":[0.25,0,0.75,1]},{"time":1.6667,"x":1,"y":1}]},"003leg3":{"rotate":[{"time":0,"angle":-22.86,"curve":[0.25,0,0.75,1]},{"time":0.0667,"angle":-26.14,"curve":[0.25,0,0.75,1]},{"time":0.4,"angle":-4.82,"curve":[0.25,0,0.75,1]},{"time":0.5333,"angle":0.81,"curve":[0.25,0,0.75,1]},{"time":0.8333,"angle":-22.86,"curve":[0.25,0,0.75,1]},{"time":0.9,"angle":-26.14,"curve":[0.25,0,0.75,1]},{"time":1.3,"angle":-4.82,"curve":[0.25,0,0.75,1]},{"time":1.6667,"angle":-22.86}]},"003leg2":{"rotate":[{"time":0,"angle":-2.64,"curve":[0.25,0,0.75,1]},{"time":0.1333,"angle":4.35,"curve":[0.25,0,0.75,1]},{"time":0.5333,"angle":-20.44,"curve":[0.25,0,0.75,1]},{"time":0.6,"angle":-22.25,"curve":[0.25,0,0.75,1]},{"time":0.8333,"angle":-0.51,"curve":[0.25,0,0.75,1]},{"time":0.9667,"angle":1.11,"curve":[0.25,0,0.75,1]},{"time":1.3667,"angle":-20.44,"curve":[0.25,0,0.75,1]},{"time":1.6667,"angle":-2.64}]},"003leg4":{"rotate":[{"time":0,"angle":10.37,"curve":[0.25,0,0.75,1]},{"time":0.1667,"angle":16.98,"curve":[0.25,0,0.75,1]},{"time":0.5667,"angle":-0.21,"curve":[0.25,0,0.75,1]},{"time":0.8333,"angle":10.37,"curve":[0.25,0,0.75,1]},{"time":1,"angle":16.98,"curve":[0.25,0,0.75,1]},{"time":1.4,"angle":-0.21,"curve":[0.25,0,0.75,1]},{"time":1.6667,"angle":10.37}]},"bone5":{"scale":[{"time":0.6667,"x":1,"y":1,"curve":[0.25,0,0.75,1]},{"time":0.8333,"x":1,"y":0.01,"curve":[0.25,0,0.75,1]},{"time":1,"x":1,"y":1}]},"bone2":{"scale":[{"time":0,"x":1,"y":1,"curve":[0.25,0,0.75,1]},{"time":0.4,"x":0.97,"y":1,"curve":[0.25,0,0.75,1]},{"time":0.8333,"x":1,"y":1,"curve":[0.25,0,0.75,1]},{"time":1.2333,"x":0.97,"y":1,"curve":[0.25,0,0.75,1]},{"time":1.6667,"x":1,"y":1}]},"003leg":{"rotate":[{"time":0,"angle":10.37,"curve":[0.25,0,0.75,1]},{"time":0.2,"angle":16.98,"curve":[0.25,0,0.75,1]},{"time":0.6,"angle":-0.21,"curve":[0.25,0,0.75,1]},{"time":0.8667,"angle":10.37,"curve":[0.25,0,0.75,1]},{"time":1.0333,"angle":16.98,"curve":[0.25,0,0.75,1]},{"time":1.4333,"angle":-0.21,"curve":[0.25,0,0.75,1]},{"time":1.6667,"angle":10.37}]}}}}},[0]]],0,0,[0],[-1],[5]]]]