[1,["12d9e6856","5aoDxFwAxL7ak+xTV9z4vo"],["_textureSetter","root","node","data","_spriteFrame"],["cc.SpriteFrame",["cc.Prefab",["_name"],2],["cc.Node",["_name","_groupIndex","_components","_prefab","_contentSize"],1,9,4,5],["cc.Sprite",["node","_spriteFrame"],3,1,6],["cc.PrefabInfo",["fileId","root"],2,1]],[[1,0,2],[2,0,1,2,3,4,3],[3,0,1,1],[4,0,1,2]],[[[{"name":"prop_499","rect":[136,536,51,50],"offset":[0,0],"originalSize":[51,50],"rotated":1,"capInsets":[0,0,0,0]}],[0],0,[0],[0],[0]],[[[0,"takeProp"],[1,"takeProp",1,[[2,-2,0]],[3,"792q7GRztN97DU8O/8VWWF",-1],[5,51,50]]],0,[0,1,1,0,2,1,0,3,1,2],[0],[4],[1]]]]