[1,["56ArZaKCpFwKrKsng8onon","12d9e6856"],["node","root","data","_spriteFrame","_textureSetter"],["cc.SpriteFrame",["cc.Prefab",["_name"],2],["cc.Node",["_name","_groupIndex","_components","_prefab","_contentSize","_trs"],1,9,4,5,7],["cc.Sprite",["node","_spriteFrame"],3,1,6],["cc.BoxCollider",["tag","node","_size"],2,1,5],["e66bcwOmhtNi6ipYqY6Dey8",["node"],3,1],["cc.PrefabInfo",["fileId","root"],2,1]],[[1,0,2],[2,0,1,2,3,4,5,3],[3,0,1,1],[4,0,1,2,2],[5,0,1],[6,0,1,2]],[[[[0,"propBullet1"],[1,"propBullet1",2,[[2,-2,0],[3,1,-3,[5,30,55]],[4,-4]],[5,"d8eApu9uNAj4SlbXyoHHR1",-1],[5,51,76],[209,149,0,0,0,0,1,1,1,1]]],0,[0,1,1,0,0,1,0,0,1,0,0,1,0,2,1,4],[0],[3],[0]],[[{"name":"prop_001","rect":[192,555,51,76],"offset":[0,0],"originalSize":[51,76],"rotated":1,"capInsets":[0,0,0,0]}],[0],0,[0],[4],[1]]]]