[1,["0box2kA4NDlamLhBLYVkE7"],0,[["sp.SkeletonData",["_name","_atlasText","textureNames","_skeletonJson","textures"],-1,3]],[[0,0,1,2,3,4,5]],[[0,"lose","\nlose.png\nsize: 493,772\nformat: RGBA8888\nfilter: Linear,Linear\nrepeat: none\nshibai/yumao\n  rotate: false\n  xy: 405, 353\n  size: 63, 21\n  orig: 63, 21\n  offset: 0, 0\n  index: -1\nshibai/daguang\n  rotate: false\n  xy: 224, 436\n  size: 243, 107\n  orig: 243, 107\n  offset: 0, 0\n  index: -1\nshibai/youjian\n  rotate: false\n  xy: 405, 293\n  size: 27, 58\n  orig: 27, 58\n  offset: 0, 0\n  index: -1\nshibai/bu\n  rotate: false\n  xy: 1, 1\n  size: 207, 285\n  orig: 207, 285\n  offset: 0, 0\n  index: -1\nshibai/youchibang\n  rotate: false\n  xy: 210, 1\n  size: 221, 199\n  orig: 221, 199\n  offset: 0, 0\n  index: -1\nshibai/zuochibang\n  rotate: false\n  xy: 1, 436\n  size: 221, 199\n  orig: 221, 199\n  offset: 0, 0\n  index: -1\nshibai/jianjia\n  rotate: false\n  xy: 1, 288\n  size: 402, 146\n  orig: 402, 146\n  offset: 0, 0\n  index: -1\nshibai/shibai\n  rotate: false\n  xy: 224, 545\n  size: 241, 98\n  orig: 241, 98\n  offset: 0, 0\n  index: -1\nshibai/zuojian\n  rotate: false\n  xy: 405, 202\n  size: 62, 89\n  orig: 62, 89\n  offset: 0, 0\n  index: -1\nshibai/shuguang\n  rotate: false\n  xy: 467, 545\n  size: 24, 225\n  orig: 24, 225\n  offset: 0, 0\n  index: -1\n",["lose.png"],{"skeleton":{"width":582,"height":448.55,"fps":24,"hash":" ","name":"Armatureshibai"},"bones":[{"y":-177.3961,"name":"root"},{"x":252.3618,"y":264.1032,"name":"yumao","parent":"root"},{"x":4.55,"y":185.7961,"name":"shibai","parent":"root"},{"x":105.25,"y":220.0961,"name":"youchibang","parent":"root"},{"x":-100.7,"y":229.2961,"name":"zuochibang","parent":"root"},{"x":3.8,"y":104.9461,"name":"bu","parent":"root"},{"x":-31.0818,"y":394.3998,"name":"shuguang","parent":"root"},{"x":-96.1,"y":245.2961,"name":"zuojian","parent":"root"},{"x":103,"y":272.7461,"name":"youjian","parent":"root"},{"x":-163.25,"y":294.5861,"name":"jianjia","parent":"root"},{"x":7.5237,"y":239.3077,"name":"daguang","parent":"root"},{"x":91.7593,"y":159.8525,"name":"yumao1","parent":"root"},{"x":-115.937,"y":188.5919,"name":"yumao11","parent":"root"},{"x":71.3014,"y":301.6584,"name":"shuguang1","parent":"root"},{"x":-101.2712,"y":301.6584,"scaleX":0.6996,"scaleY":0.6996,"name":"shuguang11","parent":"root"},{"x":134.4126,"y":301.6584,"scaleX":0.6996,"scaleY":0.6996,"name":"shuguang111","parent":"root"},{"x":4.5064,"y":326.2392,"name":"shuguang2","parent":"root"}],"slots":[{"name":"yumao11","bone":"yumao11","attachment":"shibai/yumao"},{"name":"yumao1","bone":"yumao1","attachment":"shibai/yumao"},{"name":"daguang","bone":"daguang","attachment":"shibai/daguang"},{"name":"yumao","bone":"yumao","attachment":"shibai/yumao"},{"name":"youjian","bone":"youjian","attachment":"shibai/youjian"},{"name":"bu","bone":"bu","attachment":"shibai/bu"},{"name":"youchibang","bone":"youchibang","attachment":"shibai/youchibang"},{"name":"zuochibang","bone":"zuochibang","attachment":"shibai/zuochibang"},{"name":"jianjia","bone":"jianjia","attachment":"shibai/jianjia"},{"name":"shibai","bone":"shibai","attachment":"shibai/shibai"},{"name":"zuojian","bone":"zuojian","attachment":"shibai/zuojian"},{"name":"shuguang","bone":"shuguang","blend":"additive","attachment":"shibai/shuguang"},{"name":"shuguang1","bone":"shuguang1","blend":"additive","attachment":"shibai/shuguang"},{"name":"shuguang11","bone":"shuguang11","blend":"additive","attachment":"shibai/shuguang"},{"name":"shuguang111","bone":"shuguang111","blend":"additive","attachment":"shibai/shuguang"},{"name":"shuguang2","bone":"shuguang2","blend":"additive","attachment":"shibai/shuguang"}],"skins":{"default":{"shibai":{"shibai/shibai":{"name":"shibai/shibai","width":241,"height":98,"x":0.95,"y":-6.3}},"daguang":{"shibai/daguang":{"name":"shibai/daguang","width":243,"height":107,"x":-5.1,"y":48.77}},"bu":{"shibai/bu":{"name":"shibai/bu","width":207,"height":285,"hull":9,"type":"mesh","triangles":[8,17,4,4,17,18,18,15,5,4,18,5,11,10,6,15,11,6,5,15,6,9,7,10,3,8,4,17,14,18,2,8,3,2,1,8,14,10,11,1,17,8,17,13,14,13,10,14,16,13,17,1,16,17,13,9,10,0,12,16,0,16,1,12,7,9,0,7,12,9,12,13,16,12,13,11,14,15,18,14,15],"uvs":[0,0.31579,0.27488,0.31772,0.27222,0,0.74734,0,0.74444,0.31579,1,0.33596,1,1,0,1,0.51039,0.34282,0.30338,0.963,0.50652,1,0.68213,0.96159,0.09251,0.82475,0.33285,0.92931,0.62295,0.93615,0.85048,0.85282,0.19058,0.81528,0.51039,0.75493,0.81353,0.81931],"edges":[0,2,2,4,4,6,6,8,8,10,10,12,12,20,14,20,14,0,2,16,16,8,14,18,18,20,20,22,22,12,24,26,28,30,32,34,34,36],"vertices":[-101.8,150.55,-44.9,150,-45.45,240.55,52.9,240.55,52.3,150.55,105.2,144.8,105.2,-44.45,-101.8,-44.45,3.85,142.85,-39,-33.9,3.05,-44.45,39.4,-33.5,-82.65,5.5,-32.9,-24.3,27.15,-26.25,74.25,-2.5,-62.35,8.2,3.85,25.4,66.6,7.05]}},"jianjia":{"shibai/jianjia":{"name":"shibai/jianjia","width":402,"height":146,"x":166.25,"y":-58.95}},"zuochibang":{"shibai/zuochibang":{"name":"shibai/zuochibang","width":221,"height":199,"hull":16,"type":"mesh","triangles":[19,17,21,1,19,0,19,21,0,0,21,15,21,14,15,21,12,14,12,13,14,1,18,19,20,10,12,18,16,19,16,7,20,7,9,20,18,5,16,2,18,1,7,8,9,5,7,16,2,4,18,4,5,18,3,4,2,5,6,7,20,9,10,10,11,12,20,16,17,19,16,17,12,20,21,17,20,21],"uvs":[1,0.22362,0.3233,0,0.12647,0,0,0,0,0.22739,0.11041,0.35251,0,0.38116,0.23303,0.62839,0.18484,0.65327,0.25882,0.74296,0.49095,0.83618,0.42308,0.87915,0.64231,0.88995,0.62308,1,0.90023,1,1,0.81457,0.27489,0.40705,0.74525,0.54399,0.27036,0.18821,0.74751,0.47414,0.45407,0.63344,0.85724,0.72791],"edges":[0,2,2,4,4,6,6,8,8,10,10,12,12,14,14,16,16,18,18,20,20,22,22,24,24,26,26,28,28,30,30,0,32,34,36,38,40,42],"vertices":[33.7,23.7,-115.85,68.2,-159.35,68.2,-187.3,68.2,-187.3,22.95,-162.9,-1.95,-187.3,-7.65,-135.8,-56.85,-146.45,-61.8,-130.1,-79.65,-78.8,-98.2,-93.8,-106.75,-45.35,-108.9,-49.6,-130.8,11.65,-130.8,33.7,-93.9,-126.55,-12.8,-22.6,-40.05,-127.55,30.75,-22.1,-26.15,-86.95,-57.85,2.15,-76.65]}},"youchibang":{"shibai/youchibang":{"name":"shibai/youchibang","width":221,"height":199,"hull":15,"type":"mesh","triangles":[1,20,2,18,4,3,20,18,3,2,20,3,16,6,18,6,8,7,18,6,4,19,18,20,1,19,20,16,8,6,0,19,1,9,8,16,0,17,19,15,11,9,9,11,10,0,15,17,13,12,11,15,13,11,14,13,15,0,14,15,4,5,6,9,15,16,17,15,16,16,17,18,19,17,18],"uvs":[0,0.23392,0.74548,0,1,0,1,0.18794,0.88575,0.35603,1,0.35603,0.76471,0.62789,0.8638,0.64925,0.65452,0.79598,0.51697,0.81734,0.54186,0.88166,0.37398,0.89372,0.36584,1,0.13462,1,0,0.79899,0.16765,0.72891,0.65995,0.57917,0.53077,0.46911,0.79208,0.29801,0.63529,0.27364,0.80023,0.10881],"edges":[0,2,2,4,4,6,6,8,8,10,10,12,12,14,14,16,16,18,18,20,20,22,22,24,24,26,26,28,28,0,30,32,34,36,38,40],"vertices":[-32.25,30.85,132.5,77.4,188.75,77.4,188.75,40,163.5,6.55,188.75,6.55,136.75,-47.55,158.65,-51.8,112.4,-81,82,-85.25,87.5,-98.05,50.4,-100.45,48.6,-121.6,-2.5,-121.6,-32.25,-81.6,4.8,-67.65,113.6,-37.85,85.05,-15.95,142.8,18.1,108.15,22.95,144.6,55.75]}},"yumao1":{"shibai/yumao":{"name":"shibai/yumao","width":63,"height":21,"x":-15.03,"y":-12.22}},"zuojian":{"shibai/zuojian":{"name":"shibai/zuojian","width":62,"height":89,"hull":7,"type":"mesh","triangles":[2,1,6,1,5,6,6,5,3,5,0,3,0,4,3],"uvs":[0.54032,0.99607,0,0.18989,0.68306,-0.00056,1,0.87303,1,1,0.4194,0.81565,0.91915,0.65017],"edges":[0,8,2,4,2,10,4,12,6,8,6,12,10,0,10,12],"vertices":[-16.4,-5.45,-49.9,66.3,-7.55,83.25,12.1,5.5,12.1,-5.8,-23.9,10.61,7.09,25.33]}},"shuguang2":{"shibai/shuguang":{"name":"shibai/shuguang","width":24,"height":225,"x":1.4,"y":2.15}},"youjian":{"shibai/youjian":{"name":"shibai/youjian","width":27,"height":58,"hull":4,"type":"mesh","triangles":[0,1,2,3,0,2],"uvs":[0,1,1,1,1,0,0,0],"edges":[0,2,2,4,4,6,6,0],"vertices":[-7,-9.25,20,-9.25,20,48.75,-7,48.75]}},"shuguang111":{"shibai/shuguang":{"name":"shibai/shuguang","width":24,"height":225,"x":1.4,"y":2.15}},"shuguang11":{"shibai/shuguang":{"name":"shibai/shuguang","width":24,"height":225,"x":1.4,"y":2.15}},"yumao":{"shibai/yumao":{"name":"shibai/yumao","width":63,"height":21,"x":-15.03,"y":-12.22}},"shuguang1":{"shibai/shuguang":{"name":"shibai/shuguang","width":24,"height":225,"x":1.4,"y":2.15}},"shuguang":{"shibai/shuguang":{"name":"shibai/shuguang","width":24,"height":225,"x":1.4,"y":2.15}},"yumao11":{"shibai/yumao":{"name":"shibai/yumao","width":63,"height":21,"x":-15.03,"y":-12.22}}}},"animations":{"action":{"bones":{"root":{"translate":[{"time":0,"curve":[0.5,0,0.5,1]},{"time":0.5417,"y":-4.83,"curve":[0.5,0,0.5,1]},{"time":1.0834}]},"yumao":{"translate":[{"time":0,"x":-11.81,"y":-10.47},{"time":0.3333,"x":16.94,"y":-125.32},{"time":0.5416,"x":52.88,"y":-194.17},{"time":0.7916,"x":64.13,"y":-241.37}],"rotate":[{"time":0,"angle":0},{"time":0.7917,"angle":-69.48}],"shear":[{"time":0},{"time":0.7917}]},"shuguang":{"translate":[{"time":0,"y":-79.75},{"time":0.375,"y":-206.56},{"time":0.75,"y":-237.55}],"scale":[{"time":0,"x":1,"y":1},{"time":0.4583,"x":1,"y":1.88},{"time":0.75,"x":1,"y":1}]},"daguang":{"translate":[{"time":0,"y":-25.79}],"scale":[{"time":0,"x":1.2,"y":1.67},{"time":0.5417,"x":1.34,"y":1.85},{"time":1.0834,"x":1.2,"y":1.67}]},"yumao1":{"translate":[{"time":0,"curve":"stepped"},{"time":0.2917,"x":-11.81,"y":-10.47},{"time":0.5834,"x":31.43,"y":-61.24},{"time":0.8334,"x":36.3,"y":-77.6},{"time":1.0834,"x":47.55,"y":-83.99}],"rotate":[{"time":0,"curve":"stepped","angle":0},{"time":0.2917,"angle":0},{"time":0.5834,"angle":32.85},{"time":0.8751,"angle":13.81},{"time":1.0834,"angle":-8.75}],"shear":[{"time":0,"curve":"stepped"},{"time":0.2917},{"time":0.5834},{"time":0.8751},{"time":1.0834}]},"yumao11":{"translate":[{"time":0,"curve":"stepped"},{"time":0.2917,"x":-11.81,"y":-10.47},{"time":0.5834,"x":-7.21,"y":-61.24},{"time":0.8334,"x":-24.4,"y":-110.45},{"time":1.0834,"x":-28.28,"y":-136.72}],"rotate":[{"time":0,"curve":"stepped","angle":0},{"time":0.2917,"angle":0},{"time":0.5834,"angle":32.85},{"time":0.8751,"angle":13.81},{"time":1.0834,"angle":-8.75}],"shear":[{"time":0,"curve":"stepped"},{"time":0.2917},{"time":0.5834},{"time":0.8751},{"time":1.0834}]},"shuguang1":{"translate":[{"time":0,"curve":"stepped"},{"time":0.125,"y":-79.75},{"time":0.5,"y":-151.16},{"time":0.875,"y":-201.19}],"scale":[{"time":0,"curve":"stepped","x":1,"y":1},{"time":0.125,"x":1,"y":1},{"time":0.5833,"x":1,"y":1.88},{"time":0.875,"x":1,"y":1}]},"shuguang11":{"translate":[{"time":0,"curve":"stepped"},{"time":0.3333,"y":29.66},{"time":0.7083,"y":-81.3},{"time":1.0833,"y":-158.7}],"scale":[{"time":0,"curve":"stepped","x":1,"y":1},{"time":0.3333,"x":1,"y":1},{"time":0.7916,"x":1,"y":1.88},{"time":1.0833,"x":1,"y":1}]},"shuguang111":{"translate":[{"time":0,"curve":"stepped"},{"time":0.3333,"y":29.66},{"time":0.7083,"y":-81.3},{"time":1.0833,"y":-158.7}],"scale":[{"time":0,"curve":"stepped","x":1,"y":1},{"time":0.3333,"x":1,"y":1},{"time":0.7916,"x":1,"y":1.88},{"time":1.0833,"x":1,"y":1}]},"shuguang2":{"translate":[{"time":0,"x":3.14,"y":29.58},{"time":0.375,"y":-145.88},{"time":0.7917,"y":-218.65}],"scale":[{"time":0,"x":1.32,"y":1},{"time":0.375,"x":2.32,"y":2.89},{"time":0.4583,"x":1,"y":1.88},{"time":0.7916,"x":0.78,"y":0.78}]}},"slots":{"yumao":{"color":[{"time":0,"color":"FFFFFF00"},{"time":0.25,"color":"FFFFFFD9"},{"time":0.5833,"color":"FFFFFFD4"},{"time":0.7916,"color":"FFFFFF00"}]},"shuguang":{"color":[{"time":0,"color":"FFFFFF00"},{"time":0.2917,"color":"FFFFFF7A"},{"time":0.5417,"color":"FFFFFF8F"},{"time":0.75,"color":"FFFFFF00"}]},"yumao1":{"color":[{"time":0,"curve":"stepped","color":"FFFFFFFF"},{"time":0.2917,"color":"FFFFFF00"},{"time":0.5417,"color":"FFFFFF7F"},{"time":0.875,"color":"FFFFFF85"},{"time":1.0833,"color":"FFFFFF00"}]},"yumao11":{"color":[{"time":0,"curve":"stepped","color":"FFFFFFFF"},{"time":0.2917,"color":"FFFFFF00"},{"time":0.5417,"color":"FFFFFF7F"},{"time":0.875,"color":"FFFFFF85"},{"time":1.0833,"color":"FFFFFF00"}]},"shuguang1":{"color":[{"time":0,"color":"FFFFFF00"},{"time":0.125,"color":"FFFFFF00"},{"time":0.4167,"color":"FFFFFF7A"},{"time":0.6667,"color":"FFFFFF8F"},{"time":0.875,"color":"FFFFFF00"}]},"shuguang11":{"color":[{"time":0,"color":"FFFFFF00"},{"time":0.3333,"color":"FFFFFF00"},{"time":0.625,"color":"FFFFFF7A"},{"time":0.875,"color":"FFFFFF8F"},{"time":1.0833,"color":"FFFFFF00"}]},"shuguang111":{"color":[{"time":0,"color":"FFFFFF00"},{"time":0.3333,"color":"FFFFFF00"},{"time":0.625,"color":"FFFFFF7A"},{"time":0.875,"color":"FFFFFF8F"},{"time":1.0833,"color":"FFFFFF00"}]},"shuguang2":{"color":[{"time":0,"color":"FFFFFF00"},{"time":0.2083,"color":"FFFFFF7A"},{"time":0.5416,"color":"FFFFFF8F"},{"time":0.7916,"color":"FFFFFF00"}]}},"deform":{"default":{"zuojian":{"shibai/zuojian":[{"time":0,"offset":13,"vertices":[0]},{"time":0.2917,"offset":2,"vertices":[-2.55,3.44,-2.55,3.44]},{"time":0.5417,"offset":2,"vertices":[-4.73,6.4,-4.73,6.4]},{"time":0.5834,"offset":2,"vertices":[-5.09,6.89,-5.09,6.89]},{"time":0.6667,"offset":2,"vertices":[-4.25,5.74,-4.25,5.74]},{"time":1.0834,"offset":13,"vertices":[0]}]},"youjian":{"shibai/youjian":[{"time":0,"offset":7,"vertices":[0]},{"time":0.25,"offset":4,"vertices":[2,2,2,2]},{"time":0.5833,"offset":5,"vertices":[-5.1,0,-5.1]},{"time":1.0833,"offset":7,"vertices":[0]}]},"youchibang":{"shibai/youchibang":[{"time":0,"offset":41,"vertices":[0]},{"time":0.2917,"offset":6,"vertices":[2.75,2.05,2.75,2.05,0.9,-0.6,0.25,0.1,0.92,-0.93,0.92,-1.52,0,-0.6,0,-0.62,0,-0.63,1.05,-1.55,0.3,0.67,0,0,0,0,-1.3,1.45,0,0,0.55,3.05,2.4,2.43,2.4,2.43]},{"time":0.5417,"offset":6,"vertices":[0.92,0.68,0.92,0.68,1.5,-1,1.28,-0.77,1.54,-1.54,1.54,-2.54,0,-1,0,-1.04,0,-1.04,1.75,-2.58,0.5,1.13,0,0,0,0,-0.43,0.48,0,0,0.18,1.02,1.6,-0.02,1.6,-0.02]},{"time":0.6667,"offset":10,"vertices":[1.8,-1.2,1.8,-1.2,1.85,-1.85,1.85,-3.05,0,-1.2,0,-1.25,0,-1.25,2.1,-3.1,0.6,1.35,0,0,0,0,0,0,0,0,0,0,1.2,-1.25,1.2,-1.25]},{"time":1.0834,"offset":41,"vertices":[0]}]},"zuochibang":{"shibai/zuochibang":[{"time":0,"offset":43,"vertices":[0]},{"time":0.2917,"offset":8,"vertices":[-2.6,1.25,-2.6,1.25,-2.55,2.6,-2.55,2.6,0,0,0,0,0,0,0,0,0,0,-2.2,0.15,-2.2,0.15,0,0,-1.25,1.3,-1.25,1.3,-1.3,2.6,-1.3,2.6,0,0,-1.15,0.9]},{"time":0.5417,"offset":4,"vertices":[-1.57,-0.9,0,0,-0.87,0.42,-0.87,0.42,-1.28,-0.4,-1.28,-0.4,0,0,0,0,0,0,0,0,0,0,-0.73,0.05,-0.73,0.05,0,0,-0.42,-0.83,-0.42,-0.83,-0.87,-0.43,-0.87,-0.43,-0.37,-2.03,-0.38,0.3]},{"time":0.6667,"offset":4,"vertices":[-2.35,-1.35,0,0,0,0,0,0,-0.65,-1.9,-0.65,-1.9,0,0,0,0,0,0,0,0,0,0,0,0,0,0,0,0,0,-1.9,0,-1.9,-0.65,-1.95,-0.65,-1.95,-0.55,-3.05]},{"time":1.0834,"offset":43,"vertices":[0]}]},"bu":{"shibai/bu":[{"time":0,"offset":2,"vertices":[0.05,-3.6,0,-3.05,0,-3.05,1.05,-1.4]},{"time":0.5417,"offset":5,"vertices":[10.25,0,10.25,0,0,0,0,1.6,0,-1.7,0.3,0,1.5,0,0,0.9,5.5,0,0,0,0,0.55,1.35,0,1.65,0,0,0,0,-0.25,3.35]},{"time":1.0834,"offset":2,"vertices":[0.05,-3.6,0,-3.05,0,-3.05,1.05,-1.4]}]}}}}}},[0]]],0,0,[0],[-1],[0]]