[1,["ecpdLyjvZBwrvm+cedCcQy","e9JpG5FPBOwq5kxIPPM7Rc","7bO10aVmBLJ6PdQHMNF1XH","c5m+n1+6hPm6An8Qj02r98","c4hvtPaiZKKYBPo103QnRe","6cRyoYYuxKi7YxQd7XKBC0","09uOMABs5Ezbs964grj9kg","6bgXx08QpFO5nj8JnWUSVK","adq9RtBD9CFLFtGP/mg9UY","93Htx//JBJ1LG9sHKpRJ58","f6i+0Tn2hDDrfj3j7FivWw","19OoYECt9Hw4nZFvZ8aztq","3e+3AQ7NtNAKThLWfSY4D1","aaqUzaelhK67CEgt55k5Xx","a2MjXRFdtLlYQ5ouAFv/+R","33KFkOIKJATJlRCSvHaEAa","15vg6T/ShGe4snNIpKMQei"],["node","_spriteFrame","root","_textureSetter","box_fk","box_tiled","unlockNode","tiledBg","icon","_parent","data"],[["cc.Node",["_name","_groupIndex","_active","_prefab","_components","_parent","_contentSize","_trs","_children","_color"],0,4,9,1,5,7,12,5],["cc.Node",["_name","_groupIndex","_active","_parent","_children","_prefab","_contentSize","_components","_trs"],0,1,2,4,5,9,7],["cc.Sprite",["_sizeMode","_enabled","node","_materials","_spriteFrame"],1,1,3,6],"cc.SpriteFrame",["cc.PrefabInfo",["fileId","root","asset"],2,1,1],["cc.Prefab",["_name"],2],["db10amPJptFJadh84okQV4t",["node","icon","tiledBg","unlockNode","box_tiled","box_fk"],3,1,1,1,1,1,1],["cc.Label",["_string","_fontSize","_lineHeight","_N$horizontalAlign","_N$verticalAlign","node","_materials"],-2,1,3],["cc.LabelOutline",["_width","node","_color"],2,1,5],["cc.BoxCollider",["tag","node","_size"],2,1,5],["cc.Button",["node","clickEvents"],3,1,9],["cc.ClickEvent",["_componentId","handler","target"],1,1]],[[4,0,1,2,2],[2,2,3,4,1],[0,0,2,5,4,3,6,7,3],[0,0,1,5,4,3,6,7,3],[0,0,2,5,4,3,6,3],[0,0,2,5,4,3,9,6,3],[9,0,1,2,2],[5,0,2],[0,0,1,8,4,3,6,7,3],[0,0,5,3,2],[0,0,1,5,4,3,3],[0,0,2,1,5,4,3,4],[0,0,5,4,3,6,2],[1,0,1,3,4,5,6,3],[1,0,1,3,4,7,5,6,3],[1,0,2,1,3,4,5,8,4],[4,1,2,1],[6,0,1,2,3,4,5,1],[2,1,0,2,3,4,3],[2,0,2,3,4,2],[7,0,1,2,3,4,5,6,6],[8,0,1,2,2],[10,0,1,1],[11,0,1,2,3]],[[[[7,"tCell"],[8,"tCell",1,[[-8,[9,"icon_cont",-10,[0,"bazrXmBeRMooPdY+XU+CSm",-9,0]],-11,-12,-13,-14,-15],1,4,1,1,1,1,1],[[17,-7,-6,-5,-4,-3,-2]],[16,-1,0],[5,104,104],[-208,168,0,0,0,0,1,1,1,1]],[13,"icon",1,1,[-16,-17,-18,-19,-20,-21,-22,-23,-24,-25,-26],[0,"296AhdiFBNz4njfJ18Qug0",1,0],[5,52,68]],[14,"tiledBg",1,1,[-28],[[1,-27,[2],3]],[0,"63YT0TEiFA6qFU+t0I4wtd",1,0],[5,98,104]],[15,"unlock",false,1,1,[-29,-30],[0,"f7+gjDQ0dIT4Y4ynaAGI1P",1,0],[1.716,0,0,0,0,0,1,1,1,1]],[3,"wz",1,4,[[20,"x2",30,30,1,1,-31,[28]],[21,3,-32,[4,4278190080]]],[0,"51LdM0lc5I6bPCcYEVuWuL",1,0],[5,37.68,43.8],[21.716,-4.172,0,0,0,0,1,1,1,1]],[10,"box_tiled",1,1,[[6,1,-33,[5,30,30]]],[0,"91Sjf3/qtGR7oo9b9WVpxX",1,0]],[11,"box_fk",false,2,1,[[6,1,-34,[5,30,30]]],[0,"a4esNr8sBILZ5DPzWIrw38",1,0]],[12,"changeBtn",1,[[18,false,0,-35,[29],30],[22,-36,[[23,"db10amPJptFJadh84okQV4t","changeType",1]]]],[0,"cbjUq2eNJNpokgcHjmrn8k",1,0],[5,100,100]],[3,"tile_b",1,3,[[1,-37,[0],1]],[0,"7eg3diZ/9Oo4H1m6NuDpFk",1,0],[5,98,15],[0,-55.536,0,0,0,0,1,1,1,1]],[4,"icon_1",false,2,[[1,-38,[4],5]],[0,"b2rBb7s6dB5JWmtgabP1cb",1,0],[5,72,73]],[4,"icon_2",false,2,[[1,-39,[6],7]],[0,"39Ul5ngidB77UYK7Qq6rX2",1,0],[5,52,68]],[4,"icon_3",false,2,[[1,-40,[8],9]],[0,"384oMRC2dIiatK7kOHrX/o",1,0],[5,44,51]],[2,"icon_4",false,2,[[1,-41,[10],11]],[0,"5ejN3qXVdA7Ilbd+/fOadH",1,0],[5,47,48],[0,9,0,0,0,0,1,1,1,1]],[2,"icon_5",false,2,[[1,-42,[12],13]],[0,"5btxTASrtMZ6deH7dw40P3",1,0],[5,88,83],[0,4.993,0,0,0,0,1,1,1,1]],[2,"icon_6",false,2,[[1,-43,[14],15]],[0,"9fhNct+6VITZZacRi2IkYU",1,0],[5,88,83],[0,5.617,0,0,0,0,1,1,1,1]],[2,"icon_7",false,2,[[1,-44,[16],17]],[0,"8bhN7UxShMo6VX+SW2/GKT",1,0],[5,88,83],[0,3.433,0,0,0,0,1,1,1,1]],[2,"icon_8",false,2,[[1,-45,[18],19]],[0,"8aCt9dJhdD5KytgNcYugq1",1,0],[5,88,83],[0,4.681,0,0,0,0,1,1,1,1]],[2,"icon_9",false,2,[[1,-46,[20],21]],[0,"a4y2Wg4xxHzbw/zqZlghdT",1,0],[5,88,83],[0,4.993,0,0,0,0,1,1,1,1]],[5,"icon_10",false,2,[[1,-47,[22],23]],[0,"e2pmaEYoVIMI5WK+K9hcXq",1,0],[4,4294953783],[5,44,48]],[5,"icon_11",false,2,[[19,0,-48,[24],25]],[0,"14B0804RBEDJ9cuHH2hVPl",1,0],[4,4294902010],[5,45,48]],[3,"icon_inappgem",1,4,[[1,-49,[26],27]],[0,"c4Et8868FDlp1pVUhjcgvf",1,0],[5,47,45],[-20.858,-5.005,0,0,0,0,1,1,1,1]]],0,[0,2,1,0,4,7,0,5,6,0,6,4,0,7,3,0,8,2,0,0,1,0,-1,3,0,2,1,0,9,1,0,-3,2,0,-4,4,0,-5,6,0,-6,7,0,-7,8,0,-1,10,0,-2,11,0,-3,12,0,-4,13,0,-5,14,0,-6,15,0,-7,16,0,-8,17,0,-9,18,0,-10,19,0,-11,20,0,0,3,0,-1,9,0,-1,21,0,-2,5,0,0,5,0,0,5,0,0,6,0,0,7,0,0,8,0,0,8,0,0,9,0,0,10,0,0,11,0,0,12,0,0,13,0,0,14,0,0,15,0,0,16,0,0,17,0,0,18,0,0,19,0,0,20,0,0,21,0,10,1,49],[0,0,0,0,0,0,0,0,0,0,0,0,0,0,0,0,0,0,0,0,0,0,0,0,0,0,0,0,0,0,0],[-1,1,-1,1,-1,1,-1,1,-1,1,-1,1,-1,1,-1,1,-1,1,-1,1,-1,1,-1,1,-1,1,-1,1,-1,-1,1],[0,2,0,3,0,4,0,5,0,6,0,7,0,8,0,9,0,10,0,11,0,12,0,1,0,1,0,13,0,0,14]],[[{"name":"tile_b","rect":[3,0,98,15],"offset":[0,6.5],"originalSize":[104,28],"capInsets":[0,0,0,0]}],[3],0,[0],[3],[15]],[[{"name":"tile1","rect":[0,0,98,104],"offset":[0,0],"originalSize":[98,104],"capInsets":[0,0,0,0]}],[3],0,[0],[3],[16]]]]