[1,["adnNPyK8hNi4uSAI9n10UA"],0,[["sp.SkeletonData",["_name","_atlasText","textureNames","_skeletonJson","textures"],-1,3]],[[0,0,1,2,3,4,5]],[[0,"shanbi","\nshanbi.png\nsize: 53,48\nformat: RGBA8888\nfilter: Linear,Linear\nrepeat: none\nshanbi/yeziyingzi\n  rotate: false\n  xy: 32, 22\n  size: 18, 18\n  orig: 18, 18\n  offset: 0, 0\n  index: -1\nshanbi/3\n  rotate: false\n  xy: 1, 30\n  size: 29, 16\n  orig: 29, 16\n  offset: 0, 0\n  index: -1\nshanbi/yezi\n  rotate: false\n  xy: 1, 1\n  size: 29, 27\n  orig: 29, 27\n  offset: 0, 0\n  index: -1\nshanbi/guangdian\n  rotate: false\n  xy: 32, 1\n  size: 19, 19\n  orig: 19, 19\n  offset: 0, 0\n  index: -1\n",["shanbi.png"],{"skeleton":{"width":181.43,"height":172.44,"fps":24,"hash":" ","name":"Armatureshanbi"},"bones":[{"name":"root"},{"x":-1.6881,"y":96.45,"name":"yeziyingzi","parent":"root"},{"x":91.2291,"y":170.1916,"rotation":-90,"name":"yezi","parent":"root"},{"x":-68.55,"y":78.75,"name":"guangdian","parent":"root"},{"x":45.5782,"y":86.5204,"name":"3","parent":"root"},{"x":36.3277,"y":38.0991,"scaleX":0.5717,"scaleY":0.5717,"name":"31","parent":"root"},{"x":22.3381,"y":97.0114,"scaleX":0.3539,"scaleY":0.3539,"name":"311","parent":"root"},{"x":87.852,"y":121.6094,"rotation":-90,"scaleX":0.7356,"scaleY":0.7356,"name":"yezi1","parent":"root"},{"x":54.8013,"y":61.6192,"rotation":-90,"scaleX":0.7356,"scaleY":0.7356,"name":"yezi11","parent":"root"},{"x":40.1304,"y":20.0986,"name":"guangdian1","parent":"root"},{"x":74.2411,"y":105.849,"name":"guangdian11","parent":"root"},{"x":65.5733,"y":37.5042,"scaleX":0.6809,"scaleY":0.6809,"name":"yeziyingzi1","parent":"root"}],"slots":[{"name":"yeziyingzi","bone":"yeziyingzi","color":"FFFFFF7A","attachment":"shanbi/yeziyingzi"},{"name":"3","bone":"3","blend":"additive","attachment":"shanbi/3"},{"name":"yezi","bone":"yezi","attachment":"shanbi/yezi"},{"name":"guangdian","bone":"guangdian","blend":"additive","attachment":"shanbi/guangdian"},{"name":"31","bone":"31","blend":"additive","attachment":"shanbi/3"},{"name":"311","bone":"311","blend":"additive","attachment":"shanbi/3"},{"name":"yezi1","bone":"yezi1","attachment":"shanbi/yezi"},{"name":"yezi11","bone":"yezi11","attachment":"shanbi/yezi"},{"name":"guangdian1","bone":"guangdian1","blend":"additive","attachment":"shanbi/guangdian"},{"name":"guangdian11","bone":"guangdian11","blend":"additive","attachment":"shanbi/guangdian"},{"name":"yeziyingzi1","bone":"yeziyingzi1","color":"FFFFFF7A","attachment":"shanbi/yeziyingzi"}],"skins":{"default":{"3":{"shanbi/3":{"name":"shanbi/3","width":29,"height":16,"x":-0.59,"y":0.48}},"31":{"shanbi/3":{"name":"shanbi/3","width":29,"height":16,"x":-0.59,"y":0.48}},"311":{"shanbi/3":{"name":"shanbi/3","width":29,"height":16,"x":-0.59,"y":0.48}},"yezi11":{"shanbi/yezi":{"name":"shanbi/yezi","width":29,"height":27,"x":0.72,"y":-1.99,"rotation":90}},"yeziyingzi1":{"shanbi/yeziyingzi":{"name":"shanbi/yeziyingzi","width":18,"height":18,"x":-2.19,"y":0.73}},"guangdian":{"shanbi/guangdian":{"name":"shanbi/guangdian","width":19,"height":19,"x":0.36,"y":-0.07}},"yeziyingzi":{"shanbi/yeziyingzi":{"name":"shanbi/yeziyingzi","width":18,"height":18,"x":-2.19,"y":0.73}},"yezi":{"shanbi/yezi":{"name":"shanbi/yezi","width":29,"height":27,"x":0.72,"y":-1.99,"rotation":90}},"yezi1":{"shanbi/yezi":{"name":"shanbi/yezi","width":29,"height":27,"x":0.72,"y":-1.99,"rotation":90}},"guangdian11":{"shanbi/guangdian":{"name":"shanbi/guangdian","width":19,"height":19,"x":0.36,"y":-0.07}},"guangdian1":{"shanbi/guangdian":{"name":"shanbi/guangdian","width":19,"height":19,"x":0.36,"y":-0.07}}}},"animations":{"action":{"bones":{"3":{"translate":[{"time":0},{"time":0.25,"x":-62.51,"y":-30.49},{"time":0.5417,"x":-139.21,"y":-37.92},{"time":0.7917}],"rotate":[{"time":0,"angle":0},{"time":0.25,"angle":2.19},{"time":0.5417,"angle":-4.04}],"scale":[{"time":0,"x":1,"y":1},{"time":0.25,"x":2.68,"y":1.22},{"time":0.5417,"x":1,"y":1}],"shear":[{"time":0},{"time":0.25},{"time":0.5417}]},"31":{"translate":[{"time":0,"curve":"stepped"},{"time":0.125,"x":-11.6,"y":16.62},{"time":0.375,"x":-35.94,"y":-9.6},{"time":0.625,"x":-139.21,"y":-29.07},{"time":0.7917}],"rotate":[{"time":0,"curve":"stepped","angle":0},{"time":0.125,"angle":0},{"time":0.375,"angle":21.96},{"time":0.625,"angle":-4.04}],"scale":[{"time":0,"curve":"stepped","x":1,"y":1},{"time":0.125,"x":1,"y":1},{"time":0.375,"x":2.68,"y":1.22},{"time":0.625,"x":1,"y":1}],"shear":[{"time":0,"curve":"stepped"},{"time":0.125},{"time":0.375},{"time":0.625}]},"311":{"translate":[{"time":0,"curve":"stepped"},{"time":0.2917,"x":51.89,"y":-13.43},{"time":0.5417,"x":2.44,"y":-26.82},{"time":0.7917,"x":-103.49,"y":-29.07}],"rotate":[{"time":0,"curve":"stepped","angle":0},{"time":0.2917,"angle":0},{"time":0.5417,"angle":1.01},{"time":0.7917,"angle":-4.04}],"scale":[{"time":0,"curve":"stepped","x":1,"y":1},{"time":0.2917,"x":1,"y":1},{"time":0.5417,"x":2.68,"y":1.22},{"time":0.7917,"x":1,"y":1}],"shear":[{"time":0,"curve":"stepped"},{"time":0.2917},{"time":0.5417},{"time":0.7917}]},"yeziyingzi":{"translate":[{"time":0,"x":76.43},{"time":0.2917,"x":6.4,"y":-38.61},{"time":0.5417,"x":-53.62,"y":-48.54}]},"yezi":{"translate":[{"time":0,"curve":"stepped"},{"time":0.2917,"x":-82.33,"y":58.2},{"time":0.4584,"x":-134.07,"y":22.94},{"time":0.6251,"x":-197,"y":-5.99},{"time":0.7918,"x":-248.8,"y":-37.04}]},"guangdian":{"translate":[{"time":0},{"time":0.25,"x":-36.2,"y":-14.7}]},"yezi1":{"translate":[{"time":0,"curve":"stepped"},{"time":0.0417,"x":-82.33,"y":58.2},{"time":0.2084,"x":-134.07,"y":9.67},{"time":0.3751,"x":-170.37,"y":-5.92},{"time":0.5418,"x":-218.18,"y":-16.82}]},"yezi11":{"translate":[{"time":0,"x":-3.88,"y":7.36},{"time":0.25,"x":-101.72,"y":-12.41},{"time":0.4583,"x":-168.29,"y":-42.6}]},"guangdian1":{"translate":[{"time":0,"curve":"stepped"},{"time":0.375,"y":18},{"time":0.5417,"x":-16.43,"y":3.81},{"time":0.6667,"x":-45.34,"y":-6.84}],"scale":[{"time":0,"curve":"stepped","x":1,"y":1},{"time":0.375,"x":0.83,"y":0.83}]},"guangdian11":{"translate":[{"time":0,"curve":"stepped"},{"time":0.375,"y":18},{"time":0.5417,"x":-16.43,"y":3.81},{"time":0.6667,"x":-45.34,"y":-6.84}],"scale":[{"time":0,"curve":"stepped","x":1,"y":1},{"time":0.375,"x":0.83,"y":0.83}]},"yeziyingzi1":{"translate":[{"time":0,"x":-40.64,"y":-12.93},{"time":0.2917,"x":-130.07,"y":-34.78},{"time":0.5417,"x":-197.11,"y":-48.54}]}},"slots":{"3":{"color":[{"time":0,"color":"FFFFFF00"},{"time":0.125,"color":"FFFFFFFF"},{"time":0.3333,"color":"FFFFFFFF"},{"time":0.5416,"color":"FFFFFF00"}]},"31":{"color":[{"time":0,"color":"FFFFFF00"},{"time":0.125,"color":"FFFFFF00"},{"time":0.25,"color":"FFFFFFFF"},{"time":0.4583,"color":"FFFFFFFF"},{"time":0.625,"color":"FFFFFF00"}]},"311":{"color":[{"time":0,"color":"FFFFFF00"},{"time":0.2917,"color":"FFFFFF00"},{"time":0.4167,"color":"FFFFFFFF"},{"time":0.625,"color":"FFFFFFFF"},{"time":0.7917,"color":"FFFFFF00"}]},"yeziyingzi":{"color":[{"time":0,"color":"FFFFFFFF"},{"time":0.2083,"color":"FFFFFF66"},{"time":0.4166,"color":"FFFFFF85"},{"time":0.5416,"color":"FFFFFF00"}]},"yezi":{"attachment":[{"time":0,"name":""},{"time":0.2917,"name":"shanbi/yezi"}],"color":[{"time":0,"curve":"stepped","color":"FFFFFFFF"},{"time":0.2917,"color":"FFFFFF00"},{"time":0.4167,"color":"FFFFFF8F"},{"time":0.5417,"color":"FFFFFFFF"},{"time":0.6667,"color":"FFFFFFFF"},{"time":0.7917,"color":"FFFFFF00"}]},"guangdian":{"color":[{"time":0,"color":"FFFFFF00"},{"time":0.0833,"color":"FFFFFFFF"},{"time":0.25,"color":"FFFFFF00"}]},"yezi1":{"attachment":[{"time":0,"name":""},{"time":0.0417,"name":"shanbi/yezi"}],"color":[{"time":0,"curve":"stepped","color":"FFFFFFFF"},{"time":0.0417,"color":"FFFFFF00"},{"time":0.1667,"color":"FFFFFF8F"},{"time":0.2917,"color":"FFFFFFFF"},{"time":0.4167,"color":"FFFFFFFF"},{"time":0.5417,"color":"FFFFFF00"}]},"yezi11":{"color":[{"time":0,"color":"FFFFFF00"},{"time":0.125,"color":"FFFFFF8F"},{"time":0.25,"color":"FFFFFFFF"},{"time":0.375,"color":"FFFFFFFF"},{"time":0.4583,"color":"FFFFFF00"}]},"guangdian1":{"color":[{"time":0,"color":"FFFFFF00"},{"time":0.375,"color":"FFFFFF00"},{"time":0.5417,"color":"FFFFFFFF"},{"time":0.6667,"color":"FFFFFF00"}]},"guangdian11":{"color":[{"time":0,"color":"FFFFFF00"},{"time":0.375,"color":"FFFFFF00"},{"time":0.5417,"color":"FFFFFFFF"},{"time":0.6667,"color":"FFFFFF00"}]},"yeziyingzi1":{"color":[{"time":0,"color":"FFFFFFFF"},{"time":0.2083,"color":"FFFFFF66"},{"time":0.4166,"color":"FFFFFF85"},{"time":0.5416,"color":"FFFFFF00"}]}}}}},[0]]],0,0,[0],[-1],[0]]