[1,["ecpdLyjvZBwrvm+cedCcQy","57Ry7auLVK25UpARWByM2y","89y5s5D7JJtLzYz2lHmlam","4ey5mh7/VNs7K9gj59l5a0","c6DibYlk9EZIEedg2iA/hU"],["node","_textureSetter","_spriteFrame","root","message","data"],[["cc.Node",["_name","_components","_prefab","_contentSize","_trs","_parent","_children","_color"],2,9,4,5,7,1,2,5],"cc.SpriteFrame",["cc.PrefabInfo",["fileId","root","asset"],2,1,1],["cc.Prefab",["_name"],2],["cc.Node",["_name","_parent","_components","_prefab","_contentSize","_trs"],2,1,2,4,5,7],["cc.Sprite",["_type","_sizeMode","node","_materials","_spriteFrame"],1,1,3,6],["cc.Widget",["_alignFlags","_left","_right","_top","_bottom","_originalWidth","_originalHeight","node"],-4,1],["babebMTYtlA/5pMWYx5eu6Z",["node","message"],3,1,1],["cc.Button",["zoomScale","_N$transition","node","clickEvents"],1,1,9],["cc.ClickEvent",["_componentId","handler","target"],1,1],["cc.Label",["_string","_fontSize","_lineHeight","_N$horizontalAlign","_N$verticalAlign","node","_materials"],-2,1,3],["cc.LabelOutline",["_width","node","_color"],2,1,5],["cc.RichText",["_N$string","_N$fontSize","_N$maxWidth","_N$lineHeight","node"],-1,1]],[[2,0,1,2,2],[10,0,1,2,3,4,5,6,6],[0,0,5,1,2,7,3,4,2],[5,0,1,2,3,4,3],[3,0,2],[0,0,6,1,2,3,4,2],[0,0,5,6,1,2,3,4,2],[0,0,5,1,2,3,4,2],[4,0,1,2,3,4,5,2],[6,0,1,2,3,4,5,6,7,8],[7,0,1,1],[2,1,2,1],[8,0,1,2,3,3],[9,0,1,2,3],[11,0,1,2,2],[12,0,1,2,3,4,5]],[[[{"name":"btnBg0","rect":[0,0,171,86],"offset":[0,0],"originalSize":[171,86],"capInsets":[25,22,28,33]}],[1],0,[0],[1],[1]],[[{"name":"tsbg","rect":[0,0,57,47],"offset":[0,0],"originalSize":[57,47],"capInsets":[0,0,0,0]}],[1],0,[0],[1],[2]],[[[4,"sudiItem"],[5,"sudiItem",[-6,-7,-8,-9],[[3,1,0,-2,[5],6],[9,40,5.000000000000011,4.999999999999989,310.906,339.09399999999994,100,200,-3],[10,-5,-4]],[11,-1,0],[5,630,100],[320,-60,0,0,0,0,1,1,1,1]],[6,"fcBtn",1,[-12],[[3,1,0,-10,[2],3],[12,0.8,3,-11,[[13,"babebMTYtlA/5pMWYx5eu6Z","enterWar",1]]]],[0,"77rk0NGQpOraR5ydXXNk3R",1,0],[5,120,60],[181.03,9.076,0,0,0,0,1,1,1,0]],[7,"wz",2,[[1,"复仇",25,30,1,1,-13,[1]],[14,3,-14,[4,4278190080]]],[0,"f28WzeOVJL5pFesknM7/uQ",1,0],[5,56,43.8],[-1.345,2.755,0,0,0,0,1,1,1,1]],[2,"yfc",1,[[1,"已复仇",25,30,1,1,-15,[0]]],[0,"d6OUBTIaFM9K+C/T7I7Y3u",1,0],[4,4281940453],[5,75,37.8],[183.685,12.831,0,0,0,0,1,1,1,1]],[8,"message",1,[-16],[0,"31DHmeI3tFSrhUpwXJ/eqa",1,0],[5,340,67.8],[-47.51,3.315,0,0,0,0,1,1,1,1]],[15,"xxx对你进行了掠夺，抢走了<color=#ffff>100</c> 金币。 ",24,340,30,5],[2,"time",1,[[1,"1小时前",20,20,1,1,-17,[4]]],[0,"76PYbsz8tMWZGJ0yCGUqhn",1,0],[4,4291799953],[5,71.12,25.2],[181.768,-31.366,0,0,0,0,1,1,1,1]]],0,[0,3,1,0,0,1,0,0,1,0,4,6,0,0,1,0,-1,4,0,-2,2,0,-3,5,0,-4,7,0,0,2,0,0,2,0,-1,3,0,0,3,0,0,3,0,0,4,0,-1,6,0,0,7,0,5,1,17],[0,0,0,0,0,0,0],[-1,-1,-1,2,-1,-1,2],[0,0,0,3,0,0,4]]]]