[1,["81/H9h0ABNHa721c5iGTbP"],0,[["sp.SkeletonData",["_name","_atlasText","textureNames","_skeletonJson","textures"],-1,3]],[[0,0,1,2,3,4,5]],[[0,"prop_005","\r\nprop_005.png\r\nsize: 512,128\r\nformat: RGBA8888\r\nfilter: Linear,Linear\r\nrepeat: none\r\nboomD1\r\n  rotate: true\r\n  xy: 158, 12\r\n  size: 56, 94\r\n  orig: 56, 94\r\n  offset: 0, 0\r\n  index: -1\r\nboomD2\r\n  rotate: false\r\n  xy: 2, 2\r\n  size: 76, 112\r\n  orig: 76, 112\r\n  offset: 0, 0\r\n  index: -1\r\nboomD3\r\n  rotate: false\r\n  xy: 381, 90\r\n  size: 108, 24\r\n  orig: 108, 24\r\n  offset: 0, 0\r\n  index: -1\r\nboomD4\r\n  rotate: false\r\n  xy: 158, 70\r\n  size: 125, 44\r\n  orig: 125, 44\r\n  offset: 0, 0\r\n  index: -1\r\nboomD5\r\n  rotate: true\r\n  xy: 285, 59\r\n  size: 55, 94\r\n  orig: 55, 94\r\n  offset: 0, 0\r\n  index: -1\r\nboomD6\r\n  rotate: false\r\n  xy: 80, 4\r\n  size: 76, 110\r\n  orig: 76, 110\r\n  offset: 0, 0\r\n  index: -1\r\n",["prop_005.png"],{"skeleton":{"hash":"YqNfBsnrnuiiMX+QT/hwloptQvI","spine":"3.6.53","width":218,"height":207,"images":"../images/"},"bones":[{"name":"root"},{"name":"all","parent":"root"},{"name":"a1","parent":"all"},{"name":"a2","parent":"all"},{"name":"a3","parent":"all"}],"slots":[{"name":"boomD6","bone":"a3","color":"532cd0ff","attachment":"boomD6"},{"name":"boomD5","bone":"a3","color":"37323aff","attachment":"boomD5"},{"name":"boomD4","bone":"a2","color":"532cd0ff","attachment":"boomD4"},{"name":"boomD3","bone":"a2","color":"37323aff","attachment":"boomD3"},{"name":"boomD2","bone":"a1","color":"532cd0ff","attachment":"boomD2"},{"name":"boomD1","bone":"a1","color":"37323aff","attachment":"boomD1"}],"skins":{"default":{"boomD1":{"boomD1":{"x":70.5,"y":41,"width":56,"height":94}},"boomD2":{"boomD2":{"x":70.5,"y":41,"width":76,"height":112}},"boomD3":{"boomD3":{"x":-0.5,"y":-87,"width":108,"height":24}},"boomD4":{"boomD4":{"y":-88,"width":125,"height":44}},"boomD5":{"boomD5":{"x":-71,"y":41,"width":55,"height":94}},"boomD6":{"boomD6":{"x":-71.5,"y":41,"width":76,"height":110}}}},"animations":{"loops":{"bones":{"a1":{"rotate":[{"time":0,"angle":0}]}}},"start":{"slots":{"boomD1":{"color":[{"time":0,"color":"36323a00","curve":"stepped"},{"time":0.1667,"color":"36323a00","curve":[0.25,0,0.75,1]},{"time":0.3333,"color":"36323aff"}]},"boomD2":{"color":[{"time":0,"color":"522bd000","curve":[0.25,0,0.75,1]},{"time":0.1667,"color":"522bd0ff"}]},"boomD3":{"color":[{"time":0,"color":"36323a00","curve":"stepped"},{"time":0.4667,"color":"36323a00","curve":[0.25,0,0.75,1]},{"time":0.6333,"color":"36323aff"}]},"boomD4":{"color":[{"time":0,"color":"522bd000","curve":"stepped"},{"time":0.3,"color":"522bd000","curve":[0.25,0,0.75,1]},{"time":0.4667,"color":"522bd0ff"}]},"boomD5":{"color":[{"time":0,"color":"36323a00","curve":"stepped"},{"time":0.7667,"color":"36323a00","curve":[0.25,0,0.75,1]},{"time":0.9333,"color":"36323aff"}]},"boomD6":{"color":[{"time":0,"color":"522bd000","curve":"stepped"},{"time":0.6,"color":"522bd000","curve":[0.25,0,0.75,1]},{"time":0.7667,"color":"522bd0ff"}]}}},"transition":{"slots":{"boomD1":{"color":[{"time":0,"color":"91e3ffff","curve":"stepped"},{"time":0.3333,"color":"91e3ffff"}]},"boomD2":{"color":[{"time":0,"color":"2c9cd0ff","curve":"stepped"},{"time":0.3333,"color":"2c9cd0ff"}]},"boomD3":{"color":[{"time":0,"color":"91e3ffff","curve":"stepped"},{"time":0.3333,"color":"91e3ffff"}]},"boomD4":{"color":[{"time":0,"color":"2c9cd0ff","curve":"stepped"},{"time":0.3333,"color":"2c9cd0ff"}]},"boomD5":{"color":[{"time":0,"color":"91e3ffff","curve":"stepped"},{"time":0.3333,"color":"91e3ffff"}]},"boomD6":{"color":[{"time":0,"color":"2c9cd0ff","curve":"stepped"},{"time":0.3333,"color":"2c9cd0ff"}]}}}}},[0]]],0,0,[0],[-1],[0]]