[1,["7a/QZLET9IDreTiBfRn2PD","c6ob2arFtLoLbGjTNwHoD9","a471VPKHpE/6o9Wv97z/rE"],["node","root","ske","data","_N$skeletonData"],[["cc.Prefab",["_name"],2],["cc.Node",["_name","_groupIndex","_children","_components","_prefab"],1,2,9,4],["cc.Node",["_name","_groupIndex","_parent","_components","_prefab","_contentSize","_trs"],1,1,2,4,5,7],["5d8e2MjyvlLOoCyuh6N0alo",["node","ske"],3,1,1],["cc.CircleCollider",["_radius","node"],2,1],["cc.BoxCollider",["node","_size"],3,1,5],["2fd84qgTxlNla8RAGPr2aOb",["node"],3,1],["cc.PrefabInfo",["fileId","root"],2,1],["sp.Skeleton",["defaultAnimation","_preCacheMode","_cacheMode","_animationName","_N$enableBatch","node","_materials"],-2,1,3],["sp.SkeletonData",["_name","_atlasText","textureNames","_skeletonJson","textures"],-1,3]],[[7,0,1,2],[0,0,2],[1,0,1,2,3,4,3],[2,0,1,2,3,4,5,6,3],[3,0,1,1],[4,0,1,2],[5,0,1,1],[6,0,1],[8,0,1,2,3,4,5,6,6],[9,0,1,2,3,4,5]],[[[[1,"enemy2"],[2,"enemy2",1,[-7],[[4,-3,-2],[5,25,-4],[6,-5,[5,30,60]],[7,-6]],[0,"8f90PNcZdMUp0MuK5Satni",-1]],[3,"ske",1,1,[-8],[0,"edfjCF88ZBs7FWYDWulxps",1],[5,47.4,81.93],[0,-31,0,0,0,0,1,1,1,1]],[8,"walk",1,1,"walk",true,2,[0]]],0,[0,1,1,0,2,3,0,0,1,0,0,1,0,0,1,0,0,1,0,-1,2,0,-1,3,0,3,1,8],[0,3],[-1,4],[0,1]],[[[9,"enemy_002","\r\nenemy_002.png\r\nsize: 256,32\r\nformat: RGBA8888\r\nfilter: Linear,Linear\r\nrepeat: none\r\n002body\r\n  rotate: true\r\n  xy: 76, 6\r\n  size: 24, 70\r\n  orig: 24, 70\r\n  offset: 0, 0\r\n  index: -1\r\n002jiao\r\n  rotate: false\r\n  xy: 178, 13\r\n  size: 12, 17\r\n  orig: 12, 17\r\n  offset: 0, 0\r\n  index: -1\r\n002leg1\r\n  rotate: false\r\n  xy: 244, 12\r\n  size: 10, 8\r\n  orig: 10, 8\r\n  offset: 0, 0\r\n  index: -1\r\n002leg2\r\n  rotate: false\r\n  xy: 148, 2\r\n  size: 15, 7\r\n  orig: 15, 7\r\n  offset: 0, 0\r\n  index: -1\r\n002leg3\r\n  rotate: true\r\n  xy: 203, 3\r\n  size: 15, 12\r\n  orig: 15, 12\r\n  offset: 0, 0\r\n  index: -1\r\n002leg4\r\n  rotate: false\r\n  xy: 217, 12\r\n  size: 8, 6\r\n  orig: 8, 6\r\n  offset: 0, 0\r\n  index: -1\r\n002leg5\r\n  rotate: true\r\n  xy: 233, 22\r\n  size: 8, 16\r\n  orig: 8, 16\r\n  offset: 0, 0\r\n  index: -1\r\n00shadow\r\n  rotate: true\r\n  xy: 2, 4\r\n  size: 26, 72\r\n  orig: 26, 72\r\n  offset: 0, 0\r\n  index: -1\r\n00shadow1\r\n  rotate: true\r\n  xy: 214, 20\r\n  size: 10, 17\r\n  orig: 10, 17\r\n  offset: 0, 0\r\n  index: -1\r\n00shadow2\r\n  rotate: false\r\n  xy: 148, 11\r\n  size: 13, 19\r\n  orig: 13, 19\r\n  offset: 0, 0\r\n  index: -1\r\n00shadow3\r\n  rotate: true\r\n  xy: 192, 20\r\n  size: 10, 20\r\n  orig: 10, 20\r\n  offset: 0, 0\r\n  index: -1\r\n00shadow4\r\n  rotate: true\r\n  xy: 233, 8\r\n  size: 12, 9\r\n  orig: 12, 9\r\n  offset: 0, 0\r\n  index: -1\r\n00shadow5\r\n  rotate: false\r\n  xy: 185, 2\r\n  size: 16, 9\r\n  orig: 16, 9\r\n  offset: 0, 0\r\n  index: -1\r\n00shadow6\r\n  rotate: true\r\n  xy: 163, 13\r\n  size: 17, 13\r\n  orig: 17, 13\r\n  offset: 0, 0\r\n  index: -1\r\n00shadow7\r\n  rotate: false\r\n  xy: 244, 3\r\n  size: 10, 7\r\n  orig: 10, 7\r\n  offset: 0, 0\r\n  index: -1\r\noo2jiao2\r\n  rotate: true\r\n  xy: 165, 2\r\n  size: 9, 18\r\n  orig: 9, 18\r\n  offset: 0, 0\r\n  index: -1\r\n",["enemy_002.png"],{"skeleton":{"hash":"vthhiBNJS1ZtYDzJFiivGw2CiKs","spine":"3.6.53","width":47.4,"height":81.93,"images":"../images/"},"bones":[{"name":"root","scaleX":0.2,"scaleY":0.2},{"name":"bone3","parent":"root"},{"name":"bone","parent":"bone3","y":179.25},{"name":"002body","parent":"bone","length":88.25,"rotation":90,"y":-179.25},{"name":"002body2","parent":"002body","length":75.24,"x":76.35},{"name":"002body3","parent":"002body2","length":73.9,"x":77.75},{"name":"002body4","parent":"002body2","length":75.93,"x":168.42},{"name":"002jiao","parent":"bone","length":43.14,"rotation":30.31,"x":35.46,"y":84.88},{"name":"bone2","parent":"bone3","y":179.25,"scaleX":-1},{"name":"002jiao2","parent":"bone2","length":43.14,"rotation":30.31,"x":35.46,"y":84.88},{"name":"002leg1","parent":"bone","length":30.02,"rotation":13.24,"x":34.89,"y":-53.21},{"name":"002leg2","parent":"bone","length":25.06,"rotation":10.54,"x":36.61,"y":-76.7},{"name":"002leg3","parent":"bone","length":24.5,"rotation":10.78,"x":42.91,"y":-107.07},{"name":"002leg4","parent":"bone","length":19.21,"rotation":-17.35,"x":44.06,"y":-130.56},{"name":"002leg5","parent":"bone","length":26.25,"rotation":-53.88,"x":33.17,"y":-155.2},{"name":"002leg6","parent":"bone2","length":30.02,"rotation":13.24,"x":34.89,"y":-53.21},{"name":"002leg7","parent":"bone2","length":25.06,"rotation":10.54,"x":36.61,"y":-76.7},{"name":"002leg8","parent":"bone2","length":24.5,"rotation":10.78,"x":42.91,"y":-107.07},{"name":"002leg9","parent":"bone2","length":19.21,"rotation":-17.35,"x":44.06,"y":-130.56},{"name":"002leg10","parent":"bone2","length":26.25,"rotation":-53.88,"x":33.17,"y":-155.2},{"name":"00shadow3","parent":"bone","length":33,"rotation":20.32,"x":29.16,"y":8.1},{"name":"00shadow4","parent":"bone2","length":33,"rotation":20.32,"x":29.16,"y":8.1}],"slots":[{"name":"00shadow7","bone":"002leg4","attachment":"00shadow7"},{"name":"00shadow13","bone":"002leg9","attachment":"00shadow7"},{"name":"00shadow6","bone":"002leg3","attachment":"00shadow6"},{"name":"00shadow12","bone":"002leg8","attachment":"00shadow6"},{"name":"00shadow5","bone":"002leg2","attachment":"00shadow5"},{"name":"00shadow11","bone":"002leg7","attachment":"00shadow5"},{"name":"00shadow4","bone":"002leg1","attachment":"00shadow4"},{"name":"00shadow10","bone":"002leg6","attachment":"00shadow4"},{"name":"00shadow3","bone":"00shadow3","attachment":"00shadow3"},{"name":"00shadow9","bone":"00shadow4","attachment":"00shadow3"},{"name":"00shadow2","bone":"002jiao","attachment":"00shadow2"},{"name":"00shadow8","bone":"002jiao2","attachment":"00shadow2"},{"name":"00shadow1","bone":"002leg5","attachment":"00shadow1"},{"name":"00shadow14","bone":"002leg10","attachment":"00shadow1"},{"name":"00shadow","bone":"002body","attachment":"00shadow2"},{"name":"002leg5","bone":"002leg5","attachment":"002leg5"},{"name":"002leg10","bone":"002leg10","attachment":"002leg5"},{"name":"002leg4","bone":"002leg4","attachment":"002leg4"},{"name":"002leg9","bone":"002leg9","attachment":"002leg4"},{"name":"002leg3","bone":"002leg3","attachment":"002leg3"},{"name":"002leg8","bone":"002leg8","attachment":"002leg3"},{"name":"002leg2","bone":"002leg2","attachment":"002leg2"},{"name":"002leg7","bone":"002leg7","attachment":"002leg2"},{"name":"002leg1","bone":"002leg1","attachment":"002leg1"},{"name":"002leg6","bone":"002leg6","attachment":"002leg1"},{"name":"oo2jiao2","bone":"00shadow3","attachment":"oo2jiao2"},{"name":"oo2jiao3","bone":"00shadow4","attachment":"oo2jiao2"},{"name":"002jiao","bone":"002jiao","attachment":"002jiao"},{"name":"002jiao2","bone":"002jiao2","attachment":"002jiao"},{"name":"002body","bone":"002body","attachment":"002body"}],"skins":{"default":{"002body":{"002body":{"type":"mesh","hull":46,"width":121,"height":352,"uvs":[0.03005,0.83248,0.02963,0.77885,0.11416,0.75012,0.10392,0.70505,0.15033,0.67977,0.12201,0.65123,0.17293,0.61941,0.18197,0.58384,0.16189,0.57493,0.11416,0.54965,0.17745,0.50925,0.16153,0.50301,0.09156,0.47195,0.11416,0.42789,0.09414,0.41732,0.03279,0.38493,0.06896,0.32899,0.05625,0.31782,0,0.26838,0,0.16737,0.01923,0,1,0,1,0.14873,1,0.27926,0.93593,0.31064,0.91432,0.32122,0.97761,0.38182,0.90856,0.41505,0.8872,0.42533,0.91884,0.46418,0.84809,0.50242,0.83278,0.51069,0.89172,0.54655,0.84525,0.57428,0.82843,0.58432,0.83868,0.62483,0.87363,0.65532,0.8368,0.68077,0.89344,0.71925,0.86635,0.74634,0.96186,0.78648,0.92054,0.83184,0.96894,0.9183,0.79638,1,0.26382,1,0.02282,0.91461],"triangles":[16,17,25,25,17,24,24,17,19,22,23,24,22,24,19,18,19,17,19,20,22,20,21,22,7,8,33,33,8,32,32,8,9,9,31,32,9,10,31,31,10,30,10,11,30,30,11,29,29,11,12,12,28,29,12,13,28,13,14,28,28,14,27,14,15,27,27,15,26,15,25,26,15,16,25,39,4,37,39,2,4,2,3,4,39,37,38,4,6,37,37,35,36,37,6,35,4,5,6,35,6,34,6,7,34,34,7,33,43,44,42,44,45,42,42,45,41,45,0,41,41,2,39,41,0,2,0,1,2,41,39,40],"vertices":[1,3,62.22,56.86,1,1,3,81.09,56.91,1,2,3,91.21,46.69,0.67413,4,14.85,46.69,0.32587,3,3,107.07,47.93,0.38581,4,30.72,47.93,0.60798,5,-47.04,47.93,0.00621,3,3,115.97,42.31,0.22895,4,39.61,42.31,0.73943,5,-38.14,42.31,0.03162,3,3,126.01,45.74,0.12263,4,49.66,45.74,0.79247,5,-28.09,45.74,0.0849,4,3,137.22,39.58,0.05328,4,60.86,39.58,0.7295,5,-16.89,39.58,0.21722,6,-107.56,39.58,0,4,3,149.74,38.48,0.01058,4,73.38,38.48,0.45735,5,-4.37,38.48,0.53206,6,-95.04,38.48,0,4,3,152.87,40.91,0.00532,4,76.52,40.91,0.36329,5,-1.23,40.91,0.63139,6,-91.9,40.91,0,3,3,161.77,46.69,0.00051,4,85.42,46.69,0.23321,5,7.66,46.69,0.76628,3,4,99.64,39.03,0.07438,5,21.89,39.03,0.92339,6,-68.78,39.03,0.00223,2,4,101.83,40.95,0.04625,5,24.08,40.95,0.95375,2,4,112.77,49.42,0.00491,5,35.01,49.42,0.99509,2,5,50.53,46.69,0.89523,6,-40.14,46.69,0.10477,2,5,54.25,49.11,0.84492,6,-36.42,49.11,0.15508,2,5,65.65,56.53,0.72365,6,-25.02,56.53,0.27635,2,5,85.34,52.16,0.439,6,-5.33,52.16,0.561,2,5,89.27,53.69,0.35586,6,-1.4,53.69,0.64414,1,6,16,60.5,1,2,5,142.23,60.5,0.00761,6,51.56,60.5,0.99239,1,6,110.47,58.17,1,1,6,110.47,-60.5,1,3,3,302.9,-60.5,0,5,148.79,-60.5,0.00202,6,58.12,-60.5,0.99798,1,6,12.18,-60.5,1,3,3,245.9,-52.75,0,5,91.8,-52.75,0.29376,6,1.13,-52.75,0.70624,3,3,242.18,-50.13,0,5,88.07,-50.13,0.38709,6,-2.59,-50.13,0.61291,4,3,220.85,-57.79,0,4,144.49,-57.79,0.00128,5,66.74,-57.79,0.72303,6,-23.93,-57.79,0.27569,4,3,209.15,-49.44,0,4,132.8,-49.44,0.01178,5,55.04,-49.44,0.83185,6,-35.62,-49.44,0.15637,3,3,205.53,-46.85,0,4,129.18,-46.85,0.02451,5,51.43,-46.85,0.97549,3,3,191.86,-50.68,0,4,115.5,-50.68,0.06702,5,37.75,-50.68,0.93298,3,3,178.4,-42.12,0,4,102.04,-42.12,0.17315,5,24.29,-42.12,0.82685,3,3,175.49,-40.27,0,4,99.13,-40.27,0.22243,5,21.38,-40.27,0.77757,2,4,86.51,-47.4,0.41401,5,8.76,-47.4,0.58599,4,3,153.1,-41.78,0.00037,4,76.75,-41.78,0.54455,5,-1,-41.78,0.45508,6,-91.67,-41.78,0,4,3,149.57,-39.74,0.00164,4,73.21,-39.74,0.62997,5,-4.54,-39.74,0.3684,6,-95.21,-39.74,0,4,3,135.31,-40.98,0.02407,4,58.95,-40.98,0.85528,5,-18.8,-40.98,0.12065,6,-109.47,-40.98,0,4,3,124.57,-45.21,0.06629,4,48.22,-45.21,0.88924,5,-29.53,-45.21,0.04447,6,-120.2,-45.21,0,4,3,115.62,-40.75,0.14826,4,39.26,-40.75,0.83706,5,-38.49,-40.75,0.01468,6,-129.16,-40.75,0,4,3,102.07,-47.61,0.36834,4,25.72,-47.61,0.63161,5,-52.03,-47.61,0.00005,6,-142.7,-47.61,0,3,3,92.54,-44.33,0.55308,4,16.18,-44.33,0.44692,6,-152.24,-44.33,0,3,3,78.41,-55.88,0.82649,4,2.05,-55.88,0.17351,6,-166.37,-55.88,0,1,3,62.44,-50.88,1,2,3,32.01,-56.74,1,6,-212.77,-56.74,0,1,3,3.25,-35.86,1,1,3,3.25,28.58,1,1,3,33.3,57.74,1],"edges":[0,2,2,4,4,6,6,8,8,10,10,12,12,14,18,20,24,26,30,32,36,38,38,40,40,42,42,44,44,46,50,52,56,58,62,64,68,70,70,72,72,74,74,76,76,78,78,80,80,82,82,84,84,86,86,88,88,90,0,90,38,44,32,50,30,52,26,56,24,58,20,62,14,68,12,70,8,74,4,78,0,82,90,84,14,16,16,18,64,66,66,68,16,66,18,64,20,22,22,24,58,60,60,62,22,60,26,28,28,30,52,54,54,56,28,54,32,34,34,36,46,48,48,50,34,48]}},"002jiao":{"002jiao":{"x":39.73,"y":13.4,"rotation":-30.31,"width":59,"height":85}},"002jiao2":{"002jiao":{"x":39.73,"y":13.4,"rotation":-30.31,"width":59,"height":85}},"002leg1":{"002leg1":{"x":20.8,"y":7.14,"rotation":-13.24,"width":52,"height":39}},"002leg10":{"002leg5":{"x":31.37,"y":-10.11,"rotation":53.88,"width":40,"height":79}},"002leg2":{"002leg2":{"x":27.03,"y":-9.91,"rotation":-10.54,"width":73,"height":37}},"002leg3":{"002leg3":{"x":29.71,"y":-20.86,"rotation":-10.78,"width":77,"height":58}},"002leg4":{"002leg4":{"x":11.38,"y":-4.76,"rotation":17.35,"width":40,"height":29}},"002leg5":{"002leg5":{"x":31.37,"y":-10.11,"rotation":53.88,"width":40,"height":79}},"002leg6":{"002leg1":{"x":20.8,"y":7.14,"rotation":-13.24,"width":52,"height":39}},"002leg7":{"002leg2":{"x":27.03,"y":-9.91,"rotation":-10.54,"width":73,"height":37}},"002leg8":{"002leg3":{"x":29.71,"y":-20.86,"rotation":-10.78,"width":77,"height":58}},"002leg9":{"002leg4":{"x":11.38,"y":-4.76,"rotation":17.35,"width":40,"height":29}},"00shadow":{"00shadow2":{"type":"mesh","path":"00shadow","hull":46,"width":129,"height":360,"uvs":[0.05919,0.82509,0.0588,0.77266,0.10809,0.74456,0.10702,0.70049,0.14229,0.67578,0.14545,0.64787,0.14698,0.61676,0.16101,0.58198,0.14345,0.57326,0.12919,0.54855,0.17871,0.50904,0.15657,0.50294,0.1068,0.47258,0.12691,0.42949,0.10654,0.41916,0.04739,0.38749,0.09569,0.33279,0.07026,0.32187,0.00398,0.27353,0.00205,0.17477,0.04904,0.00401,0.96899,0.00097,0.98636,0.15653,0.99215,0.28417,0.93399,0.31484,0.91877,0.32519,0.95597,0.38445,0.90878,0.41694,0.86318,0.42699,0.90296,0.46498,0.84813,0.50236,0.82801,0.51045,0.86742,0.54551,0.85308,0.57263,0.84439,0.58245,0.85895,0.62206,0.85046,0.65187,0.86214,0.67675,0.90905,0.71438,0.88197,0.74086,0.93322,0.78011,0.95612,0.82447,0.93986,0.909,0.778,0.98889,0.27846,0.98889,0.034,0.909],"triangles":[22,19,20,22,20,21,19,17,18,19,22,17,23,24,22,22,24,17,24,16,17,25,16,24,26,15,16,26,16,25,26,14,15,27,14,26,28,14,27,13,14,28,12,13,28,12,28,29,29,11,12,30,11,29,10,11,30,31,10,30,32,9,10,32,10,31,32,8,9,33,8,32,7,8,33,34,7,33,7,34,35,6,7,35,36,6,35,5,6,36,4,5,36,37,4,36,39,37,38,2,3,4,39,2,4,39,4,37,0,1,2,0,2,39,41,0,39,41,39,40,42,0,41,45,0,42,44,45,42,43,44,42],"vertices":[1,3,62.22,56.86,1,1,3,81.09,56.91,1,2,3,91.21,50.56,0.67413,4,14.85,50.56,0.32587,3,3,107.07,50.69,0.38581,4,30.72,50.69,0.60798,5,-47.04,50.69,0.00621,3,3,115.97,46.14,0.22895,4,39.61,46.14,0.73943,5,-38.14,46.14,0.03162,3,3,126.01,45.74,0.12263,4,49.66,45.74,0.79247,5,-28.09,45.74,0.0849,4,3,137.22,45.54,0.05328,4,60.86,45.54,0.7295,5,-16.89,45.54,0.21722,6,-107.56,45.54,0,4,3,149.74,43.73,0.01058,4,73.38,43.73,0.45735,5,-4.37,43.73,0.53206,6,-95.04,43.73,0,4,3,152.87,46,0.00532,4,76.52,46,0.36329,5,-1.23,46,0.63139,6,-91.9,46,0,3,3,161.77,47.83,0.00051,4,85.42,47.83,0.23321,5,7.66,47.83,0.76628,3,4,99.64,41.45,0.07438,5,21.89,41.45,0.92339,6,-68.78,41.45,0.00223,2,4,101.83,44.3,0.04625,5,24.08,44.3,0.95375,2,4,112.77,50.72,0.00491,5,35.01,50.72,0.99509,2,5,50.53,48.13,0.89523,6,-40.14,48.13,0.10477,2,5,54.25,50.76,0.84492,6,-36.42,50.76,0.15508,2,5,65.65,58.39,0.72365,6,-25.02,58.39,0.27635,2,5,85.34,52.16,0.439,6,-5.33,52.16,0.561,2,5,89.27,55.44,0.35586,6,-1.4,55.44,0.64414,1,6,16,63.99,1,2,5,142.23,64.24,0.00761,6,51.56,64.24,0.99239,1,6,113.03,58.17,1,1,6,114.12,-60.5,1,3,3,302.9,-62.74,0,5,148.79,-62.74,0.00202,6,58.12,-62.74,0.99798,1,6,12.18,-63.49,1,3,3,245.9,-55.98,0,5,91.8,-55.98,0.29376,6,1.13,-55.98,0.70624,3,3,242.18,-54.02,0,5,88.07,-54.02,0.38709,6,-2.59,-54.02,0.61291,4,3,220.85,-58.82,0,4,144.49,-58.82,0.00128,5,66.74,-58.82,0.72303,6,-23.93,-58.82,0.27569,4,3,209.15,-52.73,0,4,132.8,-52.73,0.01178,5,55.04,-52.73,0.83185,6,-35.62,-52.73,0.15637,3,3,205.53,-46.85,0,4,129.18,-46.85,0.02451,5,51.43,-46.85,0.97549,3,3,191.86,-51.98,0,4,115.5,-51.98,0.06702,5,37.75,-51.98,0.93298,3,3,178.4,-44.91,0,4,102.04,-44.91,0.17315,5,24.29,-44.91,0.82685,3,3,175.49,-42.31,0,4,99.13,-42.31,0.22243,5,21.38,-42.31,0.77757,2,4,86.51,-47.4,0.41401,5,8.76,-47.4,0.58599,4,3,153.1,-45.55,0.00037,4,76.75,-45.55,0.54455,5,-1,-45.55,0.45508,6,-91.67,-45.55,0,4,3,149.57,-44.43,0.00164,4,73.21,-44.43,0.62997,5,-4.54,-44.43,0.3684,6,-95.21,-44.43,0,4,3,135.31,-46.3,0.02407,4,58.95,-46.3,0.85528,5,-18.8,-46.3,0.12065,6,-109.47,-46.3,0,4,3,124.57,-45.21,0.06629,4,48.22,-45.21,0.88924,5,-29.53,-45.21,0.04447,6,-120.2,-45.21,0,4,3,115.62,-46.72,0.14826,4,39.26,-46.72,0.83706,5,-38.49,-46.72,0.01468,6,-129.16,-46.72,0,4,3,102.07,-52.77,0.36834,4,25.72,-52.77,0.63161,5,-52.03,-52.77,0.00005,6,-142.7,-52.77,0,3,3,92.54,-49.27,0.55308,4,16.18,-49.27,0.44692,6,-152.24,-49.27,0,3,3,78.41,-55.88,0.82649,4,2.05,-55.88,0.17351,6,-166.37,-55.88,0,1,3,62.44,-58.84,1,2,3,32.01,-56.74,1,6,-212.77,-56.74,0,1,3,3.25,-35.86,1,1,3,3.25,28.58,1,1,3,32.01,60.11,1],"edges":[0,2,2,4,4,6,6,8,8,10,10,12,12,14,18,20,24,26,30,32,36,38,38,40,40,42,42,44,44,46,50,52,56,58,62,64,68,70,70,72,72,74,74,76,76,78,78,80,80,82,82,84,84,86,86,88,88,90,0,90,38,44,32,50,30,52,26,56,24,58,20,62,14,68,12,70,8,74,4,78,0,82,90,84,14,16,16,18,64,66,66,68,16,66,18,64,20,22,22,24,58,60,60,62,22,60,26,28,28,30,52,54,54,56,28,54,32,34,34,36,46,48,48,50,34,48]}},"00shadow1":{"00shadow1":{"x":31.37,"y":-10.11,"rotation":53.88,"width":48,"height":87}},"00shadow10":{"00shadow4":{"x":20.8,"y":7.14,"rotation":-13.24,"width":60,"height":47}},"00shadow11":{"00shadow5":{"x":27.03,"y":-9.91,"rotation":-10.54,"width":81,"height":45}},"00shadow12":{"00shadow6":{"x":29.71,"y":-20.86,"rotation":-10.78,"width":85,"height":66}},"00shadow13":{"00shadow7":{"x":11.38,"y":-4.76,"rotation":17.35,"width":48,"height":37}},"00shadow14":{"00shadow1":{"x":31.37,"y":-10.11,"rotation":53.88,"width":48,"height":87}},"00shadow2":{"00shadow2":{"x":39.73,"y":13.4,"rotation":-30.31,"width":67,"height":93}},"00shadow3":{"00shadow3":{"x":24.2,"y":5.33,"rotation":-20.32,"width":51,"height":99}},"00shadow4":{"00shadow4":{"x":20.8,"y":7.14,"rotation":-13.24,"width":60,"height":47}},"00shadow5":{"00shadow5":{"x":27.03,"y":-9.91,"rotation":-10.54,"width":81,"height":45}},"00shadow6":{"00shadow6":{"x":29.71,"y":-20.86,"rotation":-10.78,"width":85,"height":66}},"00shadow7":{"00shadow7":{"x":11.38,"y":-4.76,"rotation":17.35,"width":48,"height":37}},"00shadow8":{"00shadow2":{"x":39.73,"y":13.4,"rotation":-30.31,"width":67,"height":93}},"00shadow9":{"00shadow3":{"x":24.2,"y":5.33,"rotation":-20.32,"width":51,"height":99}},"oo2jiao2":{"oo2jiao2":{"x":24.2,"y":5.33,"rotation":-20.32,"width":43,"height":91}},"oo2jiao3":{"oo2jiao2":{"x":24.2,"y":5.33,"rotation":-20.32,"width":43,"height":91}}}},"events":{"hit":{}},"animations":{"beaten":{"bones":{"002leg1":{"rotate":[{"time":0,"angle":2.95,"curve":[0.285,0,0.626,0.38]},{"time":0.3333,"angle":-6.5,"curve":[0.311,0.26,0.65,0.61]},{"time":0.5,"angle":-24.45,"curve":[0.25,0,0.75,1]},{"time":0.8333,"angle":-17.76}]},"002leg2":{"rotate":[{"time":0,"angle":7.19,"curve":[0.285,0,0.626,0.38]},{"time":0.3333,"angle":1.48,"curve":[0.311,0.26,0.65,0.61]},{"time":0.5,"angle":-9.36,"curve":[0.25,0,0.75,1]},{"time":0.8333,"angle":8.75}]},"002leg3":{"rotate":[{"time":0,"angle":1.47,"curve":[0.285,0,0.626,0.38]},{"time":0.3333,"angle":-1.65,"curve":[0.311,0.26,0.65,0.61]},{"time":0.5,"angle":-7.57,"curve":[0.25,0,0.75,1]},{"time":0.8333,"angle":15.84}]},"002leg4":{"rotate":[{"time":0,"angle":19.53,"curve":[0.285,0,0.626,0.38]},{"time":0.3333,"angle":18.53,"curve":[0.311,0.26,0.65,0.61]},{"time":0.5,"angle":16.64,"curve":[0.25,0,0.75,1]},{"time":0.8333,"angle":-18.53}]},"002leg5":{"rotate":[{"time":0,"angle":0,"curve":[0.285,0,0.626,0.38]},{"time":0.3333,"angle":9.7,"curve":[0.311,0.26,0.65,0.61]},{"time":0.5,"angle":28.13,"curve":[0.25,0,0.75,1]},{"time":0.8333,"angle":9.16}]},"002leg6":{"rotate":[{"time":0,"angle":-13.79,"curve":[0.285,0,0.626,0.38]},{"time":0.3333,"angle":-12.56,"curve":[0.311,0.26,0.65,0.61]},{"time":0.5,"angle":-10.23,"curve":[0.25,0,0.75,1]},{"time":0.8333,"angle":10.32}]},"002leg7":{"rotate":[{"time":0,"angle":4.49,"curve":[0.285,0,0.626,0.38]},{"time":0.3333,"angle":-3.07,"curve":[0.311,0.26,0.65,0.61]},{"time":0.5,"angle":-17.42,"curve":[0.25,0,0.75,1]},{"time":0.8333,"angle":-1.62}]},"002leg8":{"rotate":[{"time":0,"angle":4.63,"curve":[0.285,0,0.626,0.38]},{"time":0.3333,"angle":-5.28,"curve":[0.311,0.26,0.65,0.61]},{"time":0.5,"angle":-24.12,"curve":[0.25,0,0.75,1]},{"time":0.8333,"angle":-16.69}]},"002leg9":{"rotate":[{"time":0,"angle":-9.59,"curve":[0.285,0,0.626,0.38]},{"time":0.3333,"angle":1.56,"curve":[0.311,0.26,0.65,0.61]},{"time":0.5,"angle":22.74,"curve":[0.25,0,0.75,1]},{"time":0.8333,"angle":19.48}]},"002leg10":{"rotate":[{"time":0,"angle":0,"curve":[0.285,0,0.626,0.38]},{"time":0.3333,"angle":8.25,"curve":[0.311,0.26,0.65,0.61]},{"time":0.5,"angle":23.93,"curve":[0.25,0,0.75,1]},{"time":0.8333,"angle":10.08}]},"00shadow4":{"rotate":[{"time":0,"angle":-18.15,"curve":[0.285,0,0.626,0.38]},{"time":0.3333,"angle":-11.12,"curve":[0.311,0.26,0.65,0.61]},{"time":0.5,"angle":2.23,"curve":"stepped"},{"time":0.8333,"angle":2.23}],"translate":[{"time":0,"x":0,"y":0},{"time":0.3333,"x":-3.34,"y":0},{"time":0.5,"x":-6.69,"y":0},{"time":0.8333,"x":0,"y":0}]},"00shadow3":{"rotate":[{"time":0,"angle":-15.75,"curve":[0.285,0,0.626,0.38]},{"time":0.3333,"angle":-8.69,"curve":[0.311,0.26,0.65,0.61]},{"time":0.5,"angle":4.74,"curve":"stepped"},{"time":0.8333,"angle":4.74}],"translate":[{"time":0,"x":0,"y":0},{"time":0.3333,"x":-3.34,"y":0},{"time":0.5,"x":-6.69,"y":0},{"time":0.8333,"x":0,"y":0}]},"002jiao2":{"rotate":[{"time":0,"angle":-39.4,"curve":[0.285,0,0.626,0.38]},{"time":0.3333,"angle":-34.16,"curve":[0.311,0.26,0.65,0.61]},{"time":0.5,"angle":-24.19,"curve":"stepped"},{"time":0.8333,"angle":-24.19}],"translate":[{"time":0,"x":0,"y":-8.33},{"time":0.3333,"x":-6.69,"y":-0.82},{"time":0.5,"x":-13.38,"y":11.15,"curve":[0.25,0,0.75,1]},{"time":0.8333,"x":0,"y":0}]},"002jiao":{"rotate":[{"time":0,"angle":-36.6,"curve":[0.285,0,0.626,0.38]},{"time":0.3333,"angle":-30.86,"curve":[0.311,0.26,0.65,0.61]},{"time":0.5,"angle":-19.95,"curve":"stepped"},{"time":0.8333,"angle":-19.95}],"translate":[{"time":0,"x":0,"y":-4.76},{"time":0.3333,"x":-5.02,"y":0.96},{"time":0.5,"x":-10.04,"y":11.15,"curve":[0.25,0,0.75,1]},{"time":0.8333,"x":0,"y":0}]},"002body3":{"translate":[{"time":0,"x":-20.57,"y":0,"curve":[0.285,0,0.626,0.38]},{"time":0.3333,"x":-6.61,"y":0,"curve":[0.311,0.26,0.65,0.61]},{"time":0.5,"x":19.92,"y":0,"curve":[0.25,0,0.75,1]},{"time":0.8333,"x":0,"y":0}],"scale":[{"time":0,"x":1.111,"y":1.111,"curve":[0.285,0,0.626,0.38]},{"time":0.3333,"x":1.073,"y":1.073,"curve":[0.311,0.26,0.65,0.61]},{"time":0.5,"x":1,"y":1,"curve":"stepped"},{"time":0.8333,"x":1,"y":1}]},"002body4":{"translate":[{"time":0,"x":-25.95,"y":0,"curve":[0.285,0,0.626,0.38]},{"time":0.3333,"x":-9.7,"y":0,"curve":[0.311,0.26,0.65,0.61]},{"time":0.5,"x":21.16,"y":0,"curve":[0.25,0,0.75,1]},{"time":0.8333,"x":0,"y":0}]}}},"beaten2":{"bones":{"002leg1":{"rotate":[{"time":0,"angle":2.95}]},"002leg2":{"rotate":[{"time":0,"angle":7.19}]},"002leg3":{"rotate":[{"time":0,"angle":1.47}]},"002leg4":{"rotate":[{"time":0,"angle":19.53}]},"002leg5":{"rotate":[{"time":0,"angle":0}]},"002leg6":{"rotate":[{"time":0,"angle":-13.79}]},"002leg7":{"rotate":[{"time":0,"angle":4.49}]},"002leg8":{"rotate":[{"time":0,"angle":4.63}]},"002leg9":{"rotate":[{"time":0,"angle":-9.59}]},"002leg10":{"rotate":[{"time":0,"angle":0}]},"00shadow4":{"rotate":[{"time":0,"angle":-18.15}],"translate":[{"time":0,"x":0,"y":0}]},"00shadow3":{"rotate":[{"time":0,"angle":-15.75}],"translate":[{"time":0,"x":0,"y":0}]},"002jiao2":{"rotate":[{"time":0,"angle":-39.4}],"translate":[{"time":0,"x":0,"y":-8.33}]},"002jiao":{"rotate":[{"time":0,"angle":-36.6}],"translate":[{"time":0,"x":0,"y":-4.76}]},"002body3":{"translate":[{"time":0,"x":-20.57,"y":0}],"scale":[{"time":0,"x":1.111,"y":1.111}]},"002body4":{"translate":[{"time":0,"x":-25.95,"y":0}]}}},"dead":{"slots":{"002body":{"color":[{"time":0.1,"color":"ffffffff"},{"time":0.2,"color":"ffffff00"}]},"002jiao":{"color":[{"time":0.1,"color":"ffffffff"},{"time":0.2,"color":"ffffff00"}]},"002jiao2":{"color":[{"time":0.1,"color":"ffffffff"},{"time":0.2,"color":"ffffff00"}]},"002leg1":{"color":[{"time":0.1,"color":"ffffffff"},{"time":0.2,"color":"ffffff00"}]},"002leg2":{"color":[{"time":0.1,"color":"ffffffff"},{"time":0.2,"color":"ffffff00"}]},"002leg3":{"color":[{"time":0.1,"color":"ffffffff"},{"time":0.2,"color":"ffffff00"}]},"002leg4":{"color":[{"time":0.1,"color":"ffffffff"},{"time":0.2,"color":"ffffff00"}]},"002leg5":{"color":[{"time":0.1,"color":"ffffffff"},{"time":0.2,"color":"ffffff00"}]},"002leg6":{"color":[{"time":0.1,"color":"ffffffff"},{"time":0.2,"color":"ffffff00"}]},"002leg7":{"color":[{"time":0.1,"color":"ffffffff"},{"time":0.2,"color":"ffffff00"}]},"002leg8":{"color":[{"time":0.1,"color":"ffffffff"},{"time":0.2,"color":"ffffff00"}]},"002leg9":{"color":[{"time":0.1,"color":"ffffffff"},{"time":0.2,"color":"ffffff00"}]},"002leg10":{"color":[{"time":0.1,"color":"ffffffff"},{"time":0.2,"color":"ffffff00"}]},"00shadow":{"color":[{"time":0.1,"color":"ffffffff"},{"time":0.2,"color":"ffffff00"}]},"00shadow1":{"color":[{"time":0.1,"color":"ffffffff"},{"time":0.2,"color":"ffffff00"}]},"00shadow2":{"color":[{"time":0.1,"color":"ffffffff"},{"time":0.2,"color":"ffffff00"}]},"00shadow3":{"color":[{"time":0.1,"color":"ffffffff"},{"time":0.2,"color":"ffffff00"}]},"00shadow4":{"color":[{"time":0.1,"color":"ffffffff"},{"time":0.2,"color":"ffffff00"}]},"00shadow5":{"color":[{"time":0.1,"color":"ffffffff"},{"time":0.2,"color":"ffffff00"}]},"00shadow6":{"color":[{"time":0.1,"color":"ffffffff"},{"time":0.2,"color":"ffffff00"}]},"00shadow7":{"color":[{"time":0.1,"color":"ffffffff"},{"time":0.2,"color":"ffffff00"}]},"00shadow8":{"color":[{"time":0.1,"color":"ffffffff"},{"time":0.2,"color":"ffffff00"}]},"00shadow9":{"color":[{"time":0.1,"color":"ffffffff"},{"time":0.2,"color":"ffffff00"}]},"00shadow10":{"color":[{"time":0.1,"color":"ffffffff"},{"time":0.2,"color":"ffffff00"}]},"00shadow11":{"color":[{"time":0.1,"color":"ffffffff"},{"time":0.2,"color":"ffffff00"}]},"00shadow12":{"color":[{"time":0.1,"color":"ffffffff"},{"time":0.2,"color":"ffffff00"}]},"00shadow13":{"color":[{"time":0.1,"color":"ffffffff"},{"time":0.2,"color":"ffffff00"}]},"00shadow14":{"color":[{"time":0.1,"color":"ffffffff"},{"time":0.2,"color":"ffffff00"}]},"oo2jiao2":{"color":[{"time":0.1,"color":"ffffffff"},{"time":0.2,"color":"ffffff00"}]},"oo2jiao3":{"color":[{"time":0.1,"color":"ffffffff"},{"time":0.2,"color":"ffffff00"}]}},"bones":{"002leg1":{"rotate":[{"time":0,"angle":1.74,"curve":[0.25,0,0.75,1]},{"time":0.1667,"angle":43.44}],"translate":[{"time":0,"x":0,"y":0},{"time":0.1667,"x":-4.43,"y":-5.92}]},"002leg2":{"rotate":[{"time":0,"angle":-11.88}],"translate":[{"time":0,"x":0,"y":0},{"time":0.1667,"x":-9.61,"y":-4.44}]},"002leg3":{"rotate":[{"time":0,"angle":-19.51,"curve":[0.25,0,0.75,1]},{"time":0.1667,"angle":-38.6}],"translate":[{"time":0,"x":0,"y":0},{"time":0.1667,"x":7.41,"y":0}]},"002leg4":{"rotate":[{"time":0,"angle":-21.96,"curve":[0.25,0,0.75,1]},{"time":0.1667,"angle":-70.06}],"translate":[{"time":0,"x":0,"y":0},{"time":0.1667,"x":7.41,"y":0}]},"002leg5":{"rotate":[{"time":0,"angle":-12.48,"curve":[0.25,0,0.75,1]},{"time":0.1667,"angle":-46.72}],"translate":[{"time":0,"x":0,"y":0},{"time":0.1667,"x":7.41,"y":0}]},"002leg6":{"rotate":[{"time":0,"angle":4.11,"curve":[0.25,0,0.75,1]},{"time":0.1667,"angle":29.04}],"translate":[{"time":0,"x":0,"y":0},{"time":0.1667,"x":-7.65,"y":1.7}]},"002leg7":{"rotate":[{"time":0,"angle":-11.34,"curve":[0.25,0,0.75,1]},{"time":0.1667,"angle":39.09}],"translate":[{"time":0,"x":0,"y":0},{"time":0.1667,"x":-0.85,"y":-18.7}]},"002leg8":{"rotate":[{"time":0,"angle":-20.36,"curve":[0.25,0,0.75,1]},{"time":0.1667,"angle":-61.43}],"translate":[{"time":0,"x":0,"y":0}]},"002leg9":{"rotate":[{"time":0,"angle":-17.32,"curve":[0.25,0,0.75,1]},{"time":0.1667,"angle":-48.68}],"translate":[{"time":0,"x":0,"y":0}]},"002leg10":{"rotate":[{"time":0,"angle":0.96,"curve":[0.25,0,0.75,1]},{"time":0.1667,"angle":-20.54}],"translate":[{"time":0,"x":0,"y":0}]},"00shadow4":{"rotate":[{"time":0,"angle":2.23,"curve":[0.25,0,0.75,1]},{"time":0.1667,"angle":37.2}],"translate":[{"time":0,"x":0,"y":0}]},"00shadow3":{"rotate":[{"time":0,"angle":4.74,"curve":[0.25,0,0.75,1]},{"time":0.1667,"angle":-25.58}],"translate":[{"time":0,"x":0,"y":0,"curve":[0.25,0,0.75,1]},{"time":0.1667,"x":-10.08,"y":0}]},"002jiao2":{"rotate":[{"time":0,"angle":5.44,"curve":[0.25,0,0.625,0.5]},{"time":0.1667,"angle":-84.6}],"translate":[{"time":0,"x":0,"y":0,"curve":[0.25,0,0.75,1]},{"time":0.1667,"x":-15.3,"y":9.35}]},"002jiao":{"rotate":[{"time":0,"angle":9.67,"curve":[0.25,0,0.75,1]},{"time":0.1667,"angle":-10.38}],"translate":[{"time":0,"x":0,"y":0,"curve":[0.25,0,0.75,1]},{"time":0.1667,"x":-17.53,"y":-17.84}]},"002body3":{"translate":[{"time":0,"x":0,"y":0,"curve":[0.25,0,0.75,1]},{"time":0.1667,"x":18.45,"y":19.36}]},"002body4":{"translate":[{"time":0,"x":0,"y":0,"curve":[0.25,0,0.75,1]},{"time":0.1667,"x":39.02,"y":8.47}]},"root":{"translate":[{"time":0,"x":0,"y":0},{"time":0.1667,"x":0,"y":-3.28}]},"002body2":{"translate":[{"time":0,"x":0,"y":0},{"time":0.1667,"x":27.51,"y":-10.89}]}}},"stand":{"bones":{"002leg1":{"rotate":[{"time":0,"angle":1.74}]},"002leg2":{"rotate":[{"time":0,"angle":-11.88}]},"002leg3":{"rotate":[{"time":0,"angle":-19.51}]},"002leg4":{"rotate":[{"time":0,"angle":-21.96}]},"002leg5":{"rotate":[{"time":0,"angle":-12.48}]},"002leg6":{"rotate":[{"time":0,"angle":4.11}]},"002leg7":{"rotate":[{"time":0,"angle":-11.34}]},"002leg8":{"rotate":[{"time":0,"angle":-20.36}]},"002leg9":{"rotate":[{"time":0,"angle":-17.32}]},"002leg10":{"rotate":[{"time":0,"angle":0.96}]},"00shadow4":{"rotate":[{"time":0,"angle":2.23}],"translate":[{"time":0,"x":0,"y":0}]},"00shadow3":{"rotate":[{"time":0,"angle":4.74}],"translate":[{"time":0,"x":0,"y":0}]},"002jiao2":{"rotate":[{"time":0,"angle":5.44}],"translate":[{"time":0,"x":0,"y":0}]},"002jiao":{"rotate":[{"time":0,"angle":9.67}],"translate":[{"time":0,"x":0,"y":0}]},"002body3":{"translate":[{"time":0,"x":0,"y":0}]},"002body4":{"translate":[{"time":0,"x":0,"y":0}]}}},"strike":{"bones":{"002leg1":{"rotate":[{"time":0,"angle":1.74,"curve":[0.25,0,0.75,1]},{"time":0.2,"angle":-17.76,"curve":[0.25,0,0.75,1]},{"time":0.3667,"angle":3.39,"curve":[0.25,0,0.75,1]},{"time":0.4,"angle":28.23,"curve":[0.25,0,0.75,1]},{"time":0.8333,"angle":34.68,"curve":[0.25,0,0.75,1]},{"time":1.1667,"angle":1.74}]},"002leg2":{"rotate":[{"time":0,"angle":-11.88,"curve":[0.25,0,0.75,1]},{"time":0.2,"angle":8.75,"curve":[0.246,0,0.636,0.55]},{"time":0.3667,"angle":-14.53,"curve":[0.25,0,0.75,1]},{"time":0.4,"angle":-32.45,"curve":[0.25,0,0.75,1]},{"time":0.8333,"angle":-26.01,"curve":[0.25,0,0.75,1]},{"time":1.1667,"angle":-11.88}]},"002leg3":{"rotate":[{"time":0,"angle":-19.51,"curve":[0.25,0,0.75,1]},{"time":0.2,"angle":15.84,"curve":[0.25,0,0.75,1]},{"time":0.3667,"angle":-21.58,"curve":[0.25,0,0.75,1]},{"time":0.4,"angle":-38.33,"curve":[0.25,0,0.75,1]},{"time":0.8333,"angle":-31.89,"curve":[0.25,0,0.75,1]},{"time":1.1667,"angle":-19.51}]},"002leg4":{"rotate":[{"time":0,"angle":-21.96,"curve":[0.25,0,0.75,1]},{"time":0.2,"angle":2.83,"curve":[0.25,0,0.75,1]},{"time":0.3667,"angle":-23.53,"curve":[0.25,0,0.75,1]},{"time":0.4,"angle":-33.83,"curve":[0.25,0,0.75,1]},{"time":0.8333,"angle":-27.39,"curve":[0.25,0,0.75,1]},{"time":1.1667,"angle":-21.96}]},"002leg5":{"rotate":[{"time":0,"angle":-12.48,"curve":[0.25,0,0.75,1]},{"time":0.2,"angle":9.16,"curve":[0.25,0,0.75,1]},{"time":0.3667,"angle":-14.11,"curve":[0.25,0,0.75,1]},{"time":0.4,"angle":-30.7,"curve":[0.25,0,0.75,1]},{"time":0.8333,"angle":-24.25,"curve":[0.25,0,0.75,1]},{"time":1.1667,"angle":-12.48}]},"002leg6":{"rotate":[{"time":0,"angle":4.11,"curve":[0.25,0,0.75,1]},{"time":0.2,"angle":10.32,"curve":[0.25,0,0.75,1]},{"time":0.3667,"angle":5.43,"curve":[0.25,0,0.75,1]},{"time":0.4,"angle":25.52,"curve":[0.25,0,0.75,1]},{"time":0.8333,"angle":31.96,"curve":[0.25,0,0.75,1]},{"time":1.1667,"angle":4.11}]},"002leg7":{"rotate":[{"time":0,"angle":-11.34,"curve":[0.25,0,0.75,1]},{"time":0.2,"angle":-1.62,"curve":[0.246,0,0.636,0.55]},{"time":0.3667,"angle":-12.45,"curve":[0.25,0,0.75,1]},{"time":0.4,"angle":-22.36,"curve":[0.25,0,0.75,1]},{"time":0.8333,"angle":-15.91,"curve":[0.25,0,0.75,1]},{"time":1.1667,"angle":-11.34}]},"002leg8":{"rotate":[{"time":0,"angle":-20.36,"curve":[0.25,0,0.75,1]},{"time":0.2,"angle":-16.69,"curve":[0.25,0,0.75,1]},{"time":0.3667,"angle":-23.07,"curve":[0.25,0,0.75,1]},{"time":0.4,"angle":-30.88,"curve":[0.25,0,0.75,1]},{"time":0.8333,"angle":-24.44,"curve":[0.25,0,0.75,1]},{"time":1.1667,"angle":-20.36}]},"002leg9":{"rotate":[{"time":0,"angle":-17.32,"curve":[0.25,0,0.75,1]},{"time":0.2,"angle":19.48,"curve":[0.25,0,0.75,1]},{"time":0.3667,"angle":-18.9,"curve":[0.25,0,0.75,1]},{"time":0.4,"angle":-29.2,"curve":[0.25,0,0.75,1]},{"time":0.8333,"angle":-22.76,"curve":[0.25,0,0.75,1]},{"time":1.1667,"angle":-17.32}]},"002leg10":{"rotate":[{"time":0,"angle":0.96,"curve":[0.25,0,0.75,1]},{"time":0.2,"angle":10.08,"curve":[0.25,0,0.75,1]},{"time":0.3667,"angle":-0.16,"curve":[0.25,0,0.75,1]},{"time":0.4,"angle":-26.44,"curve":[0.25,0,0.75,1]},{"time":0.8333,"angle":-20,"curve":[0.25,0,0.75,1]},{"time":1.1667,"angle":0.96}]},"00shadow4":{"rotate":[{"time":0,"angle":2.23,"curve":[0.25,0,0.75,1]},{"time":0.1667,"angle":6.02,"curve":[0.25,0,0.75,1]},{"time":0.3667,"angle":6.39,"curve":[0.25,0,0.75,1]},{"time":0.4,"angle":10.53,"curve":[0.25,0,0.75,1]},{"time":0.6667,"angle":4.81,"curve":[0.25,0,0.75,1]},{"time":1.1667,"angle":2.23}],"translate":[{"time":0,"x":0,"y":0,"curve":"stepped"},{"time":0.3333,"x":0,"y":0,"curve":[0.25,0,0.75,1]},{"time":0.3667,"x":0,"y":-2.57,"curve":[0.25,0,0.75,1]},{"time":0.4,"x":0,"y":11.3,"curve":"stepped"},{"time":0.6667,"x":0,"y":11.3,"curve":[0.25,0,0.75,1]},{"time":1.1667,"x":0,"y":0}]},"00shadow3":{"rotate":[{"time":0,"angle":4.74,"curve":[0.25,0,0.75,1]},{"time":0.1667,"angle":7.93,"curve":[0.25,0,0.75,1]},{"time":0.3667,"angle":9.44,"curve":[0.25,0,0.75,1]},{"time":0.4,"angle":13.02,"curve":[0.25,0,0.75,1]},{"time":0.6667,"angle":7.3,"curve":[0.25,0,0.75,1]},{"time":1.1667,"angle":4.74}],"translate":[{"time":0,"x":0,"y":0,"curve":"stepped"},{"time":0.3333,"x":0,"y":0,"curve":[0.25,0,0.75,1]},{"time":0.3667,"x":0,"y":-2.57,"curve":[0.25,0,0.75,1]},{"time":0.4,"x":0,"y":11.3,"curve":"stepped"},{"time":0.6667,"x":0,"y":11.3,"curve":[0.25,0,0.75,1]},{"time":1.1667,"x":0,"y":0}]},"002jiao2":{"rotate":[{"time":0,"angle":5.44,"curve":[0.25,0,0.625,0.5]},{"time":0.1667,"angle":-11.32,"curve":[0.25,0,0.75,1]},{"time":0.3667,"angle":-13.31,"curve":[0.25,0,0.75,1]},{"time":0.4,"angle":37.95,"curve":[0.25,0,0.75,1]},{"time":0.6667,"angle":30.93,"curve":[0.25,0,0.75,1]},{"time":1.1667,"angle":5.44}],"translate":[{"time":0,"x":0,"y":0,"curve":"stepped"},{"time":0.3333,"x":0,"y":0,"curve":[0.25,0,0.75,1]},{"time":0.3667,"x":0,"y":-2.57,"curve":[0.25,0,0.75,1]},{"time":0.4,"x":0,"y":11.3,"curve":"stepped"},{"time":0.6667,"x":0,"y":11.3,"curve":[0.25,0,0.75,1]},{"time":1.1667,"x":0,"y":0}]},"002jiao":{"rotate":[{"time":0,"angle":9.67,"curve":[0.25,0,0.75,1]},{"time":0.1667,"angle":-10.73,"curve":[0.25,0,0.75,1]},{"time":0.3667,"angle":-12.73,"curve":[0.25,0,0.75,1]},{"time":0.4,"angle":38.56,"curve":[0.25,0,0.75,1]},{"time":0.6667,"angle":31.54,"curve":[0.25,0,0.75,1]},{"time":1.1667,"angle":9.67}],"translate":[{"time":0,"x":0,"y":0,"curve":"stepped"},{"time":0.3333,"x":0,"y":0,"curve":[0.25,0,0.75,1]},{"time":0.3667,"x":0,"y":-2.57,"curve":[0.25,0,0.75,1]},{"time":0.4,"x":0,"y":11.3,"curve":"stepped"},{"time":0.6667,"x":0,"y":11.3,"curve":[0.25,0,0.75,1]},{"time":1.1667,"x":0,"y":0}]},"002body3":{"translate":[{"time":0,"x":0,"y":0,"curve":[0.25,0,0.75,1]},{"time":0.1667,"x":-13.01,"y":0,"curve":[0.25,0,0.75,1]},{"time":0.3333,"x":-14.09,"y":0,"curve":[0.25,0,0.75,1]},{"time":0.3667,"x":-17.71,"y":0,"curve":[0.25,0,0.75,1]},{"time":0.4,"x":1.79,"y":0,"curve":[0.25,0,0.75,1]},{"time":0.8333,"x":-1.15,"y":0,"curve":[0.25,0,0.75,1]},{"time":1.1667,"x":0,"y":0}]},"002body4":{"translate":[{"time":0,"x":0,"y":0,"curve":[0.25,0,0.75,1]},{"time":0.3333,"x":-4.7,"y":0,"curve":[0.25,0,0.75,1]},{"time":0.3667,"x":-9.39,"y":0,"curve":[0.25,0,0.75,1]},{"time":0.4,"x":7.78,"y":0,"curve":[0.25,0,0.75,1]},{"time":0.8333,"x":4.84,"y":0,"curve":[0.25,0,0.75,1]},{"time":1.1667,"x":0,"y":0}]}},"events":[{"time":0.4,"name":"hit"}]},"walk":{"bones":{"002leg1":{"rotate":[{"time":0,"angle":-17.76,"curve":[0.25,0,0.75,1]},{"time":0.5,"angle":15.86,"curve":[0.25,0,0.75,1]},{"time":1,"angle":-17.76}]},"002leg2":{"rotate":[{"time":0,"angle":8.75,"curve":[0.246,0,0.636,0.55]},{"time":0.3333,"angle":8.25,"curve":[0.381,0.54,0.743,1]},{"time":0.5667,"angle":-5.92,"curve":"stepped"},{"time":0.6667,"angle":-5.92,"curve":[0.25,0,0.75,1]},{"time":1,"angle":8.75}]},"002leg3":{"rotate":[{"time":0,"angle":15.84,"curve":[0.25,0,0.75,1]},{"time":0.5,"angle":-2.91,"curve":[0.25,0,0.75,1]},{"time":1,"angle":15.84}]},"002leg4":{"rotate":[{"time":0,"angle":-18.53,"curve":[0.25,0,0.75,1]},{"time":0.5,"angle":46.83,"curve":[0.25,0,0.75,1]},{"time":1,"angle":-18.53}]},"002leg5":{"rotate":[{"time":0,"angle":9.16,"curve":[0.25,0,0.75,1]},{"time":0.3333,"angle":-12.53,"curve":[0.289,0.17,0.755,1]},{"time":1,"angle":9.16}]},"002leg6":{"rotate":[{"time":0,"angle":10.32,"curve":[0.25,0,0.75,1]},{"time":0.5,"angle":-4.75,"curve":[0.25,0,0.75,1]},{"time":1,"angle":10.32}]},"002leg7":{"rotate":[{"time":0,"angle":-1.62,"curve":[0.246,0,0.636,0.55]},{"time":0.3333,"angle":-7.13,"curve":[0.381,0.54,0.743,1]},{"time":0.5667,"angle":1.27,"curve":[0.245,0,0.64,0.57]},{"time":0.8333,"angle":-4.72,"curve":[0.382,0.55,0.741,1]},{"time":1,"angle":-1.62}]},"002leg8":{"rotate":[{"time":0,"angle":-16.69,"curve":[0.25,0,0.75,1]},{"time":0.5,"angle":13.37,"curve":[0.25,0,0.75,1]},{"time":1,"angle":-16.69}]},"002leg9":{"rotate":[{"time":0,"angle":19.48,"curve":[0.25,0,0.75,1]},{"time":0.5,"angle":-20.72,"curve":[0.25,0,0.75,1]},{"time":1,"angle":19.48}]},"002leg10":{"rotate":[{"time":0,"angle":10.08,"curve":[0.25,0,0.75,1]},{"time":0.3333,"angle":-8.95,"curve":[0.289,0.17,0.755,1]},{"time":1,"angle":10.08}]},"00shadow4":{"rotate":[{"time":0,"angle":2.23,"curve":[0.25,0,0.75,1]},{"time":0.5,"angle":-10.95,"curve":[0.25,0,0.75,1]},{"time":1,"angle":2.23}]},"00shadow3":{"rotate":[{"time":0,"angle":4.74,"curve":[0.25,0,0.75,1]},{"time":0.5,"angle":-1.28,"curve":[0.25,0,0.75,1]},{"time":1,"angle":4.74}]},"002jiao2":{"rotate":[{"time":0,"angle":-24.19,"curve":[0.25,0,0.625,0.5]},{"time":0.5,"angle":1.4,"curve":[0.375,0.5,0.75,1]},{"time":1,"angle":-24.19}],"translate":[{"time":0,"x":0,"y":0,"curve":[0.25,0,0.75,1]},{"time":0.3333,"x":0,"y":-11.03,"curve":[0.25,0,0.75,1]},{"time":0.4667,"x":0,"y":-23.89,"curve":[0.25,0,0.75,1]},{"time":0.8,"x":0,"y":13.78,"curve":[0.25,0,0.75,1]},{"time":1,"x":0,"y":0}]},"002jiao":{"rotate":[{"time":0,"angle":-19.95,"curve":[0.25,0,0.75,1]},{"time":0.5,"angle":3.36,"curve":[0.25,0,0.75,1]},{"time":1,"angle":-19.95}],"translate":[{"time":0,"x":0,"y":0,"curve":[0.25,0,0.75,1]},{"time":0.3333,"x":0,"y":-11.03,"curve":[0.25,0,0.75,1]},{"time":0.4667,"x":0,"y":-22.06,"curve":[0.25,0,0.75,1]},{"time":0.8,"x":0,"y":15.62,"curve":[0.25,0,0.75,1]},{"time":1,"x":0,"y":0}]},"002body3":{"translate":[{"time":0,"x":0,"y":0,"curve":[0.25,0,0.75,1]},{"time":0.3333,"x":-2.81,"y":0,"curve":[0.25,0,0.75,1]},{"time":0.4667,"x":-11.14,"y":0,"curve":[0.25,0,0.75,1]},{"time":0.8,"x":3.16,"y":0,"curve":[0.25,0,0.75,1]},{"time":1,"x":0,"y":0}],"scale":[{"time":0,"x":1,"y":1,"curve":[0.25,0,0.75,1]},{"time":0.3333,"x":1.01,"y":1.01,"curve":[0.25,0,0.75,1]},{"time":0.4667,"x":1.028,"y":1.028,"curve":[0.25,0,0.75,1]},{"time":0.8,"x":1,"y":1,"curve":"stepped"},{"time":1,"x":1,"y":1}]},"bone3":{"translate":[{"time":0,"x":0,"y":0,"curve":[0.25,0,0.75,1]},{"time":0.3333,"x":0,"y":-11,"curve":[0.25,0,0.75,1]},{"time":0.4667,"x":0,"y":-12.96,"curve":[0.25,0,0.75,1]},{"time":0.7667,"x":0,"y":-4.09,"curve":[0.25,0,0.75,1]},{"time":0.8667,"x":0,"y":5.97,"curve":[0.25,0,0.75,1]},{"time":1,"x":0,"y":0}]},"002body4":{"translate":[{"time":0,"x":0,"y":0,"curve":[0.25,0,0.75,1]},{"time":0.3333,"x":-13.48,"y":0,"curve":[0.25,0,0.75,1]},{"time":0.4667,"x":-23.18,"y":0,"curve":[0.25,0,0.75,1]},{"time":0.8,"x":13.5,"y":0,"curve":[0.25,0,0.75,1]},{"time":1,"x":0,"y":0}],"scale":[{"time":0,"x":1,"y":1,"curve":[0.25,0,0.75,1]},{"time":0.3333,"x":1.01,"y":1.01,"curve":[0.25,0,0.75,1]},{"time":0.4667,"x":1.028,"y":1.028,"curve":[0.25,0,0.75,1]},{"time":0.8,"x":0.98,"y":0.98,"curve":"stepped"},{"time":0.9333,"x":0.98,"y":0.98,"curve":[0.25,0,0.75,1]},{"time":1,"x":1,"y":1}]}}},"walk_bak":{"bones":{"002leg1":{"rotate":[{"time":0,"angle":-17.76,"curve":[0.25,0,0.75,1]},{"time":0.5,"angle":15.86,"curve":[0.25,0,0.75,1]},{"time":1,"angle":-17.76}]},"002leg2":{"rotate":[{"time":0,"angle":8.75,"curve":[0.246,0,0.636,0.55]},{"time":0.3333,"angle":8.25,"curve":[0.381,0.54,0.743,1]},{"time":0.5667,"angle":-5.92,"curve":"stepped"},{"time":0.6667,"angle":-5.92,"curve":[0.25,0,0.75,1]},{"time":1,"angle":8.75}]},"002leg3":{"rotate":[{"time":0,"angle":15.84,"curve":[0.25,0,0.75,1]},{"time":0.5,"angle":-2.91,"curve":[0.25,0,0.75,1]},{"time":1,"angle":15.84}]},"002leg4":{"rotate":[{"time":0,"angle":-18.53,"curve":[0.25,0,0.75,1]},{"time":0.5,"angle":46.83,"curve":[0.25,0,0.75,1]},{"time":1,"angle":-18.53}]},"002leg5":{"rotate":[{"time":0,"angle":9.16,"curve":[0.25,0,0.75,1]},{"time":0.3333,"angle":-12.53,"curve":[0.289,0.17,0.755,1]},{"time":1,"angle":9.16}]},"002leg6":{"rotate":[{"time":0,"angle":10.32,"curve":[0.25,0,0.75,1]},{"time":0.5,"angle":-4.75,"curve":[0.25,0,0.75,1]},{"time":1,"angle":10.32}]},"002leg7":{"rotate":[{"time":0,"angle":-1.62,"curve":[0.246,0,0.636,0.55]},{"time":0.3333,"angle":-7.13,"curve":[0.381,0.54,0.743,1]},{"time":0.5667,"angle":1.27,"curve":[0.245,0,0.64,0.57]},{"time":0.8333,"angle":-4.72,"curve":[0.382,0.55,0.741,1]},{"time":1,"angle":-1.62}]},"002leg8":{"rotate":[{"time":0,"angle":-16.69,"curve":[0.25,0,0.75,1]},{"time":0.5,"angle":13.37,"curve":[0.25,0,0.75,1]},{"time":1,"angle":-16.69}]},"002leg9":{"rotate":[{"time":0,"angle":19.48,"curve":[0.25,0,0.75,1]},{"time":0.5,"angle":-20.72,"curve":[0.25,0,0.75,1]},{"time":1,"angle":19.48}]},"002leg10":{"rotate":[{"time":0,"angle":10.08,"curve":[0.25,0,0.75,1]},{"time":0.3333,"angle":-8.95,"curve":[0.289,0.17,0.755,1]},{"time":1,"angle":10.08}]},"00shadow4":{"rotate":[{"time":0,"angle":2.23,"curve":[0.25,0,0.75,1]},{"time":0.5,"angle":-10.95,"curve":[0.25,0,0.75,1]},{"time":1,"angle":2.23}]},"00shadow3":{"rotate":[{"time":0,"angle":4.74,"curve":[0.25,0,0.75,1]},{"time":0.5,"angle":-1.28,"curve":[0.25,0,0.75,1]},{"time":1,"angle":4.74}]},"002jiao2":{"rotate":[{"time":0,"angle":-24.19,"curve":[0.25,0,0.625,0.5]},{"time":0.5,"angle":1.4,"curve":[0.375,0.5,0.75,1]},{"time":1,"angle":-24.19}]},"002jiao":{"rotate":[{"time":0,"angle":-19.95,"curve":[0.25,0,0.75,1]},{"time":0.5,"angle":3.36,"curve":[0.25,0,0.75,1]},{"time":1,"angle":-19.95}]},"002body3":{"translate":[{"time":0,"x":0,"y":0,"curve":[0.25,0,0.75,1]},{"time":0.3333,"x":-13.48,"y":0,"curve":[0.25,0,0.75,1]},{"time":0.4667,"x":-16.69,"y":0,"curve":[0.25,0,0.75,1]},{"time":0.8,"x":3.16,"y":0,"curve":[0.25,0,0.75,1]},{"time":1,"x":0,"y":0}],"scale":[{"time":0,"x":1,"y":1,"curve":[0.25,0,0.75,1]},{"time":0.3333,"x":1.01,"y":1.01,"curve":[0.25,0,0.75,1]},{"time":0.4667,"x":1.028,"y":1.028,"curve":[0.25,0,0.75,1]},{"time":0.8,"x":1,"y":1,"curve":"stepped"},{"time":1,"x":1,"y":1}]},"002body4":{"translate":[{"time":0,"x":0,"y":0,"curve":"stepped"},{"time":0.2,"x":0,"y":0,"curve":[0.25,0,0.75,1]},{"time":0.4,"x":-4.9,"y":0,"curve":[0.25,0,0.75,1]},{"time":0.5667,"x":-6.48,"y":0,"curve":[0.25,0,0.75,1]},{"time":0.8667,"x":1.58,"y":0,"curve":[0.25,0,0.75,1]},{"time":1,"x":0,"y":0}]},"bone3":{"translate":[{"time":0,"x":0,"y":0,"curve":[0.25,0,0.75,1]},{"time":0.3333,"x":0,"y":-11,"curve":[0.25,0,0.75,1]},{"time":0.4667,"x":0,"y":-12.96,"curve":[0.25,0,0.75,1]},{"time":0.7667,"x":0,"y":-4.09,"curve":[0.25,0,0.75,1]},{"time":0.8667,"x":0,"y":5.97,"curve":[0.25,0,0.75,1]},{"time":1,"x":0,"y":0}]}}}}},[0]]],0,0,[0],[-1],[2]]]]