[1,["e3PhvI8jhA45VwNuAvSale","12d9e6856"],["node","root","data","_spriteFrame","_textureSetter"],["cc.SpriteFrame",["cc.Prefab",["_name"],2],["cc.Node",["_name","_groupIndex","_components","_prefab","_contentSize","_trs"],1,9,4,5,7],["cc.Sprite",["node","_spriteFrame"],3,1,6],["cc.BoxCollider",["tag","node","_offset","_size"],2,1,5,5],["be6a0BnFzlAN4b+ds0fdb/L",["node"],3,1],["cc.PrefabInfo",["fileId","root"],2,1]],[[1,0,2],[2,0,1,2,3,4,5,3],[3,0,1,1],[4,0,1,2,3,2],[5,0,1],[6,0,1,2]],[[[[0,"bullet108"],[1,"bullet108",2,[[2,-2,0],[3,6,-3,[0,0,3],[5,20,60]],[4,-4]],[5,"d8eApu9uNAj4SlbXyoHHR1",-1],[5,30,76],[209,149,0,0,0,0,1,1,1,1]]],0,[0,1,1,0,0,1,0,0,1,0,0,1,0,2,1,4],[0],[3],[0]],[[{"name":"biubiu_008b","rect":[100,506,30,76],"offset":[0,0],"originalSize":[30,76],"capInsets":[0,0,0,0]}],[0],0,[0],[4],[1]]]]