[1,["ecpdLyjvZBwrvm+cedCcQy","1bca3c7ac","f0BIwQ8D5Ml7nTNQbh1YlS","e97GVMl6JHh5Ml5qEDdSGa","29FYIk+N1GYaeWH/q1NxQO","195c5522b","a9QOz0gfZJWaKChsHjn+AQ","22ZCPHtY9D/JYPSuDHtJ8U","5d8IPVaANMYYJyBwDFgcsc","d6qfWZAVFEO5IeCAnStogm","8erX2jXcFBE5hFlbiX/hCW","dbNqewXNtPjqNyDXP0ctJ4","57gmE1+utMI4o2lBLIk9sY","70Cvc+f3dJDLgvGCC3RWv9","96jij824xFib1rpU2vN8QV","b59BHdcg9Io6awz5WLPn6q","cabpFv/AFDzKg9a0/6N/vz","fc7/6cxEpFDJ0ijM1lzhyz","66460GSNpBZb1PzbPVOJ3a","a5PAIgBNJGe7z2uQZYWcAo","5aZ3Tc7rJOUbm69iW3IFeI","53dXTL1A5DxJLje9AbdXob","7f6kOzh19JX4Z0SBBMJvxy","efLqjobrFNhaUjbpTgDue7","6eXlkY+DNDjoo0PW28iX8/","035qlyPHVLQpIIYp9C2l/2"],["node","_textureSetter","_spriteFrame","_parent","_N$normalSprite","_N$pressedSprite","_N$hoverSprite","_N$disabledSprite","root","_N$content","data","propsController","detailLabel","tableViewMediator"],["cc.SpriteFrame",["cc.Node",["_name","_components","_prefab","_contentSize","_parent","_children","_trs","_anchorPoint","_color"],2,9,4,5,1,2,7,5,5],["cc.Node",["_name","_active","_children","_prefab","_contentSize","_trs","_components","_parent","_color","_anchorPoint"],1,2,4,5,7,12,1,5,5],["cc.Node",["_name","_components","_prefab","_contentSize","_parent","_trs","_color","_children","_anchorPoint"],2,2,4,5,1,7,5,2,5],["cc.Widget",["_alignFlags","_originalWidth","_originalHeight","_top","alignMode","node"],-2,1],["cc.Sprite",["_type","_sizeMode","node","_materials","_spriteFrame"],1,1,3,6],["cc.Label",["_string","_fontSize","_N$horizontalAlign","_N$verticalAlign","_N$cacheMode","_lineHeight","_N$overflow","node","_materials"],-4,1,3],["cc.Button",["_N$transition","zoomScale","node","clickEvents","_N$normalColor","_N$pressedColor","_N$disabledColor","_N$normalSprite","_N$pressedSprite","_N$hoverSprite","_N$disabledSprite","_N$target"],1,1,9,5,5,5,6,6,6,6,1],["cc.PrefabInfo",["fileId","root","asset"],2,1,1],["cc.RichText",["_N$string","_N$fontSize","_N$lineHeight","node"],0,1],["cc.Prefab",["_name"],2],["a2bbdzy4UJJ65VrnqbThiRb",["node","screenSize"],3,1,2],["cc.ScrollView",["horizontal","brake","bounceDuration","_N$horizontalScrollBar","_N$verticalScrollBar","node","_N$content"],-2,1,1],["cc.Mask",["_N$alphaThreshold","node","_materials"],2,1,3],["cc.ClickEvent",["_componentId","handler","target"],1,1],["d06a8YvgQJJG4ULGjMJqc1Z",["node","bgFrameSprite","iconSprite","nameLabel","useNode","usingNode","foreverNode","cdLabel","iconSpriteFrames"],3,1,1,1,1,1,1,1,1,3],["ce3c5l6ZAlLkpyTmNdI0qJX",["node","detailNode"],3,1,1],["579ceeOw5xKP6NamQb0EmS/",["marginTop","marginBottom","margin","itemAction","node","template"],-1,1,1]],[[8,0,1,2,2],[1,0,4,5,1,2,3,6,2],[5,0,1,2,3,4,3],[1,0,4,1,2,3,6,2],[14,0,1,2,3],[1,0,4,1,2,8,3,6,2],[5,2,3,4,1],[9,0,1,3,3],[6,0,1,2,3,4,7,8,6],[10,0,2],[2,0,2,6,3,4,2],[2,0,1,2,6,3,8,4,9,5,3],[2,0,2,6,3,4,5,2],[2,0,7,2,3,5,2],[2,0,1,7,2,3,4,5,3],[3,0,7,1,2,3,5,2],[3,0,4,1,2,3,5,2],[3,0,4,1,2,6,3,8,5,2],[3,0,4,1,2,6,3,2],[3,0,4,1,2,3,2],[1,0,5,1,2,3,6,2],[1,0,4,5,1,2,3,7,6,2],[1,0,4,5,1,2,3,7,2],[1,0,4,5,1,2,3,2],[11,0,1,1],[8,1,2,1],[4,0,3,1,5,4],[4,4,0,1,2,5,5],[4,0,1,2,5,4],[4,0,1,5,3],[5,2,3,1],[5,0,1,2,3,3],[12,0,1,2,3,4,5,6,6],[13,0,1,2,2],[7,1,0,2,3,4,5,6,11,7,8,9,10,3],[7,0,2,3,4,5,6,7,8,9,10,2],[7,2,3,4,5,6,7,8,9,10,1],[9,0,1,2,3,4],[6,0,1,5,2,3,7,8,6],[6,0,1,5,2,3,4,7,8,7],[6,0,1,2,3,6,7,8,6],[15,0,1,2,3,4,5,6,7,8,1],[16,0,1,1],[17,0,1,2,3,4,5,5]],[[[{"name":"prop_009x","rect":[321,654,94,90],"offset":[0,0],"originalSize":[94,90],"capInsets":[0,0,0,0]}],[0],0,[0],[1],[1]],[[{"name":"prop_013x","rect":[3,534,98,94],"offset":[0,0],"originalSize":[98,94],"capInsets":[0,0,0,0]}],[0],0,[0],[1],[1]],[[{"name":"frame_fy028","rect":[960,266,48,38],"offset":[0,0],"originalSize":[52,42],"rotated":1,"capInsets":[20,17,21,18]}],[0],0,[0],[1],[5]],[[{"name":"prop_012x","rect":[103,709,92,92],"offset":[0,0],"originalSize":[92,92],"capInsets":[0,0,0,0]}],[0],0,[0],[1],[1]],[[{"name":"prop_010x","rect":[219,558,96,94],"offset":[0,0],"originalSize":[96,94],"capInsets":[0,0,0,0]}],[0],0,[0],[1],[1]],[[{"name":"prop_006x","rect":[482,319,98,96],"offset":[0,0],"originalSize":[98,96],"rotated":1,"capInsets":[0,0,0,0]}],[0],0,[0],[1],[5]],[[[9,"props"],[10,"props",[-5,-6,-7],[[[24,-3,[-2]],-4],4,1],[25,-1,0],[5,750,1334]],[15,"frame1",[-9,-10,-11,-12,-13,-14],[-8],[0,"a8fvL+eBZB2rkk9pueL1x3",1,0],[5,630,156],[325,0,0,0,0,0,1,1,1,1]],[11,"item",false,[2],[[[26,40,2,650,-15],-16],4,1],[0,"4dfGN/cORLwbj1V59gVzW5",1,0],[4,4278190080],[5,650,160],[0,0,0.5],[0,-82,0,0,0,0,1,1,1,1]],[20,"Background",[-19,-20],[[2,1,0,-17,[11],12],[27,0,45,100,40,-18]],[0,"847EC2wbRB2qdAIoMUqECA",1,0],[5,170,80],[0,0,0,0,0,0,1,1,1,0]],[1,"frame",1,[-22,-23],[[2,1,0,-21,[41],42]],[0,"cfsddaQ7BAh7BVoBMFxmDd",1,0],[5,675,960],[0,10.899,0,0,0,0,1,1,1,1]],[12,"New ScrollView",[-27],[[[32,false,0.75,0.23,null,null,-25,-24],-26],4,1],[0,"896Uqm0oFMLqfLXAXLbDoh",1,0],[5,650,817],[0,3,0,0,0,0,1,1,1,1]],[21,"view",6,[-30],[[33,0,-28,[38]],[28,45,240,250,-29]],[0,"355t6oooVDLaLml32kwNCZ",1,0],[5,650,817],[0,0,1],[-325,408.5,0,0,0,0,1,1,1,1]],[22,"content",7,[3],[[29,41,220,-31]],[0,"c8djKCtgpEY6sB7hcGcomp",1,0],[5,650,300],[0,0,1]],[1,"use",2,[4],[[34,1.1,3,-32,[[4,"d06a8YvgQJJG4ULGjMJqc1Z","onClickUse",3]],[4,4293322470],[4,4291348680],[4,3363338360],4,13,14,15,16]],[0,"bfTxztZ1VE6qGU+LYlQ3sH",1,0],[5,170,80],[189,-5,0,0,0,0,1,1,1,1]],[13,"using",2,[-33,-34],[0,"c2aD0ePB1H6pCi0jO6Fka+",1,0],[190.1,0,0,0,0,0,1,1,1,1]],[14,"detail",false,1,[-35],[0,"95kY+XVyNGDohWDQ4xbKlk",1,0],[5,750,1334],[0,-2.101,0,0,0,0,1,1,1,1]],[1,"bg",5,[6],[[2,1,0,-36,[39],40]],[0,"9dQvhgBQ1O7roWlIXiNAKW",1,0],[5,650,824],[0,-38.13,0,0,0,0,1,1,1,1]],[1,"iconBg",2,[-38],[[2,1,0,-37,[1],2]],[0,"ef25SDtuxDtYEY7fMEwu/d",1,0],[5,110,110],[-218,4,0,0,0,0,1,1,1,1]],[1,"detail",2,[-40],[[35,3,-39,[[4,"d06a8YvgQJJG4ULGjMJqc1Z","onClickDetail",3]],[4,4293322470],[4,4291348680],[4,3363338360],5,6,7,8]],[0,"baWO8rKUdI3LgP/7k+Vfhp",1,0],[5,130,40],[-75,-23,0,0,0,0,1,1,1,0]],[5,"forever",2,[[7,"<b>Forever Uses</b>",30,-41]],[0,"41dPP5jXVIUp8h12BuLVYX",1,0],[4,4286816173],[5,120,50.4],[188,0,0,0,0,0,1,1,1,1]],[1,"timeFrame",10,[-43],[[2,1,0,-42,[19],20]],[0,"5fc5JxwLFA7ZgSCWZZwuO7",1,0],[5,180,55],[0,-28,0,0,0,0,1,1,1,1]],[23,"New Sprite",11,[-45],[[2,1,0,-44,[23],24]],[0,"ebs6YJfchELLDB1uUjKbCS",1,0],[5,450,400]],[3,"New Button",1,[[36,-46,[[4,"a2bbdzy4UJJ65VrnqbThiRb","closeViewWithClickSound",1]],[4,4293322470],[4,4291348680],[4,3363338360],43,44,45,46],[6,-47,[47],48]],[0,"4bcz06JuxNypr98oimY2ZL",1,0],[5,121,87],[268.949,426.075,0,0,0,0,1,1,1,1]],[3,"New Label",5,[[37,"<b><outline color=#1e1e1e width=4>Weapon</outline></b>",46,50,-48]],[0,"d4jy0xpp1EZJAPWrS2t1i/",1,0],[5,100,63],[0,416.854,0,0,0,0,1,1,1,1]],[16,"icon",13,[-49],[0,"55jGGi6jVO546aMcwNIgRe",1,0],[5,92,92],[0,0,0,0,0,0,1,0.8,0.8,1]],[30,20,[0]],[17,"name",2,[-50],[0,"3cg/mHOVtGNYp2IZc5cQU2",1,0],[4,4286816173],[5,150,50.4],[0,0,0.5],[-137,37,0,0,0,0,1,1,1,1]],[8,"Antitank mine",30,1,1,1,22,[3]],[5,"New Label",14,[[8,"[View Details]",24,1,1,1,-51,[4]]],[0,"28utg7qtpMmKwgkrv8u1A5",1,0],[4,4281384323],[5,109.34,50.4],[1,1,0,0,0,0,1,1,1,1]],[3,"Label",4,[[7,"<b><outline color=#897136 width=3>Use</outline></b>",30,-52]],[0,"18a290IZ9JyJ3fUDKkGLV/",1,0],[5,66,50.4],[24,5,0,0,0,0,1,1,1,1]],[3,"New Sprite",4,[[6,-53,[9],10]],[0,"74aKVT3shDNokWdqDIqM+W",1,0],[5,104,77],[-37,5,0,0,0,0,1,0.4,0.4,1]],[3,"using",10,[[38,"In use",28,30,1,1,-54,[17]]],[0,"3an8MbEAtBfI6wfXWqLwx9",1,0],[5,84,37.8],[0,17,0,0,0,0,1,1,1,1]],[18,"New Label",16,[-55],[0,"1bA/dU85VNAKpZvfVEO9KK",1,0],[4,4282806998],[5,162.74,30]],[39,"Time Remain 00:00",24,30,1,1,2,28,[18]],[31,1,0,2,[21]],[41,3,30,21,23,9,10,15,29,[25,26,27,28,29,30,31,32,33,34,35,36,37]],[42,1,11],[43,5,5,10,true,6,31],[19,"New Label",17,[-56],[0,"e4JHTG/FlAz7frz8HxzRb3",1,0],[5,300,350]],[40,"Label",30,1,1,1,34,[22]]],0,[0,8,1,0,-1,11,0,0,1,0,-2,32,0,-1,5,0,-2,11,0,-3,18,0,-1,30,0,-1,13,0,-2,22,0,-3,14,0,-4,9,0,-5,15,0,-6,10,0,0,3,0,-2,31,0,0,4,0,0,4,0,-1,25,0,-2,26,0,0,5,0,-1,19,0,-2,12,0,9,8,0,0,6,0,-2,33,0,-1,7,0,0,7,0,0,7,0,-1,8,0,0,8,0,0,9,0,-1,27,0,-2,16,0,-1,17,0,0,12,0,0,13,0,-1,20,0,0,14,0,-1,24,0,0,15,0,0,16,0,-1,28,0,0,17,0,-1,34,0,0,18,0,0,18,0,0,19,0,-1,21,0,-1,23,0,0,24,0,0,25,0,0,26,0,0,27,0,-1,29,0,-1,35,0,10,1,2,3,3,3,3,8,4,3,9,6,3,12,31,11,32,32,12,35,32,13,33,56],[0,0,0,0,0,0,0,0,0,0,0,0,0,0,0,0,0,0,0,0,0,0,0,0,0,0,0,0,0,0,0,0,0,0,0,0,0,0,0,0,0,0,0,0,0,0,0,0,0,21,30],[-1,-1,2,-1,-1,4,5,6,7,-1,2,-1,2,4,5,6,7,-1,-1,-1,2,-1,-1,-1,2,-1,-2,-3,-4,-5,-6,-7,-8,-9,-10,-11,-12,-13,-1,-1,2,-1,2,4,5,6,7,-1,2,2,2],[0,0,9,0,0,2,3,2,4,0,10,0,11,2,3,2,4,0,0,0,12,0,0,0,13,6,14,15,16,17,18,7,8,7,8,19,20,21,0,0,22,0,23,2,3,2,4,0,24,6,25]],[[{"name":"frame_fy038","rect":[356,119,138,134],"offset":[0,0],"originalSize":[138,134],"capInsets":[59,66,60,58]}],[0],0,[0],[1],[1]],[[{"name":"prop_002x","rect":[209,658,90,94],"offset":[0,0],"originalSize":[90,94],"rotated":1,"capInsets":[0,0,0,0]}],[0],0,[0],[1],[1]],[[{"name":"prop_011x","rect":[421,722,90,88],"offset":[0,0],"originalSize":[90,88],"rotated":1,"capInsets":[0,0,0,0]}],[0],0,[0],[1],[1]],[[{"name":"prop_001x","rect":[309,750,92,92],"offset":[0,0],"originalSize":[92,92],"capInsets":[0,0,0,0]}],[0],0,[0],[1],[1]],[[{"name":"prop_003x","rect":[201,754,92,90],"offset":[0,0],"originalSize":[92,90],"capInsets":[0,0,0,0]}],[0],0,[0],[1],[1]],[[{"name":"prop_004x","rect":[3,634,94,94],"offset":[0,0],"originalSize":[94,94],"capInsets":[0,0,0,0]}],[0],0,[0],[1],[1]],[[{"name":"frame_fy029","rect":[429,259,80,80],"offset":[0,0],"originalSize":[80,80],"capInsets":[33,31,34,37]}],[0],0,[0],[1],[1]],[[{"name":"prop_005x","rect":[107,611,92,96],"offset":[0,0],"originalSize":[92,96],"rotated":1,"capInsets":[0,0,0,0]}],[0],0,[0],[1],[1]]]]