[1,["b73UyJ8iBFkrNKej6m4/FD","95vJwfrQBIx6pXKZna8iA3"],["root","ske","node","data","_N$skeletonData"],[["sp.SkeletonData",["_name","_atlasText","textureNames","_skeletonJson","textures"],-1,3],["cc.Prefab",["_name"],2],["cc.Node",["_name","_components","_prefab","_contentSize"],2,12,4,5],["2bd6dTM6NBDwZWsxGIeQ2I/",["node","ske"],3,1,1],["cc.PrefabInfo",["fileId","root"],2,1],["sp.Skeleton",["defaultSkin","defaultAnimation","_preCacheMode","loop","_animationName","_playTimes","node"],-3,1]],[[0,0,1,2,3,4,5],[1,0,2],[2,0,1,2,3,2],[3,0,1,1],[4,0,1,2],[5,0,1,2,3,4,5,6,7]],[[[[0,"roloSupply","\r\nroloSupply.png\r\nsize: 256,64\r\nformat: RGBA8888\r\nfilter: Linear,Linear\r\nrepeat: none\r\nblue\r\n  rotate: true\r\n  xy: 2, 20\r\n  size: 17, 93\r\n  orig: 17, 93\r\n  offset: 0, 0\r\n  index: -1\r\nprop_009\r\n  rotate: false\r\n  xy: 134, 5\r\n  size: 30, 32\r\n  orig: 30, 32\r\n  offset: 0, 0\r\n  index: -1\r\nprop_011\r\n  rotate: false\r\n  xy: 166, 7\r\n  size: 30, 30\r\n  orig: 30, 30\r\n  offset: 0, 0\r\n  index: -1\r\nprop_012\r\n  rotate: false\r\n  xy: 97, 2\r\n  size: 35, 35\r\n  orig: 35, 35\r\n  offset: 0, 0\r\n  index: -1\r\nrec\r\n  rotate: true\r\n  xy: 97, 39\r\n  size: 17, 93\r\n  orig: 17, 93\r\n  offset: 0, 0\r\n  index: -1\r\nyellow\r\n  rotate: true\r\n  xy: 2, 39\r\n  size: 17, 93\r\n  orig: 17, 93\r\n  offset: 0, 0\r\n  index: -1\r\n",["roloSupply.png"],{"skeleton":{"hash":"DGnHh6qgOriZxhDBd2d/hwF2/jk","spine":"3.6.53","width":65.29,"height":113.33,"images":"./images/"},"bones":[{"name":"root","scaleX":0.7,"scaleY":0.7},{"name":"test","parent":"root"},{"name":"+","parent":"test","x":-30.27,"y":-38.49,"scaleX":0.7,"scaleY":0.7},{"name":"+2","parent":"test","x":-11.69,"y":29.62,"scaleX":0.634,"scaleY":0.634},{"name":"+3","parent":"test","x":20.43,"y":38.52,"scaleX":0.613,"scaleY":0.613},{"name":"rec","parent":"test","x":-43.47},{"name":"rec2","parent":"test","x":-15.5,"y":5.24,"scaleX":0.091,"scaleY":1.105},{"name":"rec3","parent":"test","x":19.46,"y":14.06,"scaleX":0.161,"scaleY":1.197},{"name":"rec4","parent":"test","x":35.19,"scaleX":0.218},{"name":"rec5","parent":"test","x":-43.47},{"name":"rec6","parent":"test","x":-43.47},{"name":"rec7","parent":"test","x":-43.47}],"slots":[{"name":"prop_012","bone":"+","attachment":"coin"},{"name":"prop_12","bone":"+2","attachment":"coin"},{"name":"prop_13","bone":"+3","attachment":"coin"},{"name":"rec","bone":"rec","attachment":"recc"},{"name":"rec5","bone":"rec5","attachment":"reccccc","blend":"additive"},{"name":"rec6","bone":"rec6","attachment":"reccccc","blend":"additive"},{"name":"rec7","bone":"rec7","attachment":"reccccc","blend":"additive"},{"name":"rec2","bone":"rec2","attachment":"reccc","blend":"additive"},{"name":"rec3","bone":"rec3","attachment":"rcccc","blend":"additive"},{"name":"rec4","bone":"rec4","attachment":"reccc"}],"skins":{"default":{},"prop_009":{"prop_012":{"coin":{"name":"prop_009","width":43,"height":46}},"prop_12":{"coin":{"name":"prop_009","width":43,"height":46}},"prop_13":{"coin":{"name":"prop_009","width":43,"height":46}},"rec":{"recc":{"name":"blue","width":24,"height":133}},"rec2":{"reccc":{"name":"blue","width":24,"height":133}},"rec3":{"rcccc":{"name":"blue","width":24,"height":133}},"rec4":{"reccc":{"name":"blue","width":24,"height":133}},"rec5":{"reccccc":{"name":"blue","width":24,"height":133}},"rec6":{"reccccc":{"name":"blue","width":24,"height":133}},"rec7":{"reccccc":{"name":"blue","width":24,"height":133}}},"prop_011":{"prop_012":{"coin":{"name":"prop_011","width":43,"height":43}},"prop_12":{"coin":{"name":"prop_011","width":43,"height":43}},"prop_13":{"coin":{"name":"prop_011","width":43,"height":43}},"rec":{"recc":{"name":"rec","width":24,"height":133}},"rec2":{"reccc":{"name":"rec","width":24,"height":133}},"rec3":{"rcccc":{"name":"rec","width":24,"height":133}},"rec4":{"reccc":{"name":"rec","width":24,"height":133}},"rec5":{"reccccc":{"name":"rec","width":24,"height":133}},"rec6":{"reccccc":{"name":"rec","width":24,"height":133}},"rec7":{"reccccc":{"name":"rec","width":24,"height":133}}},"prop_012":{"prop_012":{"coin":{"name":"prop_012","width":50,"height":50}},"prop_12":{"coin":{"name":"prop_012","width":50,"height":50}},"prop_13":{"coin":{"name":"prop_012","width":50,"height":50}},"rec":{"recc":{"name":"yellow","width":24,"height":133}},"rec2":{"reccc":{"name":"yellow","width":24,"height":133}},"rec3":{"rcccc":{"name":"yellow","width":24,"height":133}},"rec4":{"reccc":{"name":"yellow","width":24,"height":133}},"rec5":{"reccccc":{"name":"yellow","width":24,"height":133}},"rec6":{"reccccc":{"name":"yellow","width":24,"height":133}},"rec7":{"reccccc":{"name":"yellow","width":24,"height":133}}}},"animations":{"supplyLong":{"slots":{"prop_012":{"color":[{"time":0,"color":"ffffff00"},{"time":0.4,"color":"ffffffff","curve":"stepped"},{"time":0.6667,"color":"ffffffff"},{"time":1,"color":"ffffff00","curve":"stepped"},{"time":1.0333,"color":"ffffff00"},{"time":1.4,"color":"ffffff6f"}],"attachment":[{"time":1.4,"name":null}]},"prop_12":{"color":[{"time":0,"color":"ffffff6f"},{"time":0.1667,"color":"ffffffff","curve":"stepped"},{"time":0.3333,"color":"ffffffff"},{"time":0.6667,"color":"ffffff00"},{"time":1.0667,"color":"ffffffff","curve":"stepped"},{"time":1.4,"color":"ffffffff"}],"attachment":[{"time":1.4,"name":null}]},"prop_13":{"color":[{"time":0,"color":"ffffffff","curve":"stepped"},{"time":0.1,"color":"ffffffff"},{"time":0.3333,"color":"ffffff00"},{"time":0.5,"color":"ffffffff","curve":"stepped"},{"time":0.8667,"color":"ffffffff"},{"time":1.2333,"color":"ffffff00"}],"attachment":[{"time":1.4,"name":null}]},"rec":{"attachment":[{"time":1.4,"name":null}]},"rec2":{"color":[{"time":0,"color":"ffffffff"}],"attachment":[{"time":1.4,"name":null}]},"rec3":{"color":[{"time":0,"color":"ffffffff"},{"time":0.3333,"color":"ffffff78"},{"time":0.3667,"color":"ffffff00"}],"attachment":[{"time":1.4,"name":null}]},"rec4":{"color":[{"time":0,"color":"ffffff31"},{"time":0.0667,"color":"ffffff73"}],"attachment":[{"time":1.4,"name":null}]},"rec5":{"color":[{"time":0,"color":"ffffff00","curve":"stepped"},{"time":0.2667,"color":"ffffff00"},{"time":0.3667,"color":"ffffffbf","curve":"stepped"},{"time":0.9,"color":"ffffffbf","curve":"stepped"},{"time":0.9333,"color":"ffffff00"},{"time":1.0333,"color":"ffffffbf","curve":"stepped"},{"time":1.4,"color":"ffffffbf"}],"attachment":[{"time":1.4,"name":null}]},"rec6":{"color":[{"time":0,"color":"ffffff00","curve":"stepped"},{"time":0.4,"color":"ffffff00"},{"time":0.5,"color":"ffffffbf","curve":"stepped"},{"time":1.0667,"color":"ffffffbf"},{"time":1.1,"color":"ffffff00"},{"time":1.2,"color":"ffffffbf"}],"attachment":[{"time":1.4,"name":null}]},"rec7":{"color":[{"time":0,"color":"ffffff00","curve":"stepped"},{"time":0.6,"color":"ffffff00"},{"time":0.7,"color":"ffffff55","curve":"stepped"},{"time":1.1667,"color":"ffffff55","curve":"stepped"},{"time":1.2,"color":"ffffff00"},{"time":1.3,"color":"ffffff55"},{"time":1.4,"color":"ffffff31"}],"attachment":[{"time":1.4,"name":null}]}},"bones":{"rec4":{"translate":[{"time":0,"x":-0.45,"y":-6.7},{"time":0.3,"x":-0.45,"y":7.15}],"scale":[{"time":0,"x":1.598,"y":0.333},{"time":0.3,"x":0.205,"y":0.549},{"time":0.5333,"x":0,"y":0.549}]},"rec3":{"translate":[{"time":0,"x":0,"y":0},{"time":0.3333,"x":0,"y":0}],"scale":[{"time":0,"x":1,"y":1},{"time":0.3333,"x":0.332,"y":0.941}]},"rec2":{"translate":[{"time":0,"x":0.26,"y":-5.81},{"time":0.1667,"x":0.26,"y":3.58}],"scale":[{"time":0,"x":1.809,"y":0.879},{"time":0.1667,"x":0.55,"y":0.96},{"time":0.2,"x":0,"y":0.96}]},"rec":{"translate":[{"time":0,"x":-0.59,"y":-44.54},{"time":0.1,"x":-0.59,"y":-30.86},{"time":0.3,"x":-1.17,"y":-10.61},{"time":0.5333,"x":-0.59,"y":-3.58,"curve":"stepped"},{"time":0.6667,"x":-0.59,"y":-3.58,"curve":"stepped"},{"time":0.7333,"x":-0.59,"y":-44.54},{"time":0.8333,"x":-0.59,"y":-30.86},{"time":1.0333,"x":-1.17,"y":-10.61},{"time":1.2667,"x":-0.59,"y":-3.58,"curve":"stepped"},{"time":1.4,"x":-0.59,"y":-3.58}],"scale":[{"time":0,"x":1,"y":0},{"time":0.1,"x":1,"y":0.455},{"time":0.3,"x":0.345,"y":0.717},{"time":0.5333,"x":0.087,"y":0.821,"curve":"stepped"},{"time":0.6333,"x":0.087,"y":0.821,"curve":"stepped"},{"time":0.6667,"x":0,"y":0.821,"curve":"stepped"},{"time":0.7333,"x":1,"y":0},{"time":0.8333,"x":1,"y":0.455},{"time":1.0333,"x":0.345,"y":0.717},{"time":1.2667,"x":0.087,"y":0.821,"curve":"stepped"},{"time":1.3667,"x":0.087,"y":0.821,"curve":"stepped"},{"time":1.4,"x":0,"y":0.821}]},"rec5":{"translate":[{"time":0.2667,"x":28.27,"y":-69.96},{"time":0.3667,"x":28.27,"y":-30.37},{"time":0.5667,"x":28.27,"y":-5.43},{"time":0.9,"x":28.27,"y":8.26,"curve":"stepped"},{"time":0.9333,"x":28.27,"y":-69.96},{"time":1.0333,"x":28.27,"y":-30.37},{"time":1.2333,"x":28.27,"y":-5.43},{"time":1.4,"x":28.23,"y":-0.57}],"scale":[{"time":0.2667,"x":1.612,"y":0.212},{"time":0.3667,"x":1.187,"y":0.623},{"time":0.5667,"x":0.345,"y":0.999},{"time":0.8667,"x":0.095,"y":1.081},{"time":0.9,"x":0,"y":0.821,"curve":"stepped"},{"time":0.9333,"x":1.612,"y":0.212},{"time":1.0333,"x":1.187,"y":0.623},{"time":1.2333,"x":0.345,"y":0.999},{"time":1.4,"x":0.16,"y":0.97}]},"rec6":{"translate":[{"time":0.4,"x":62.98,"y":-69.96},{"time":0.5,"x":62.98,"y":-30.37},{"time":0.7,"x":62.98,"y":-0.54},{"time":1.0667,"x":62.98,"y":8.26},{"time":1.1,"x":62.98,"y":-69.96},{"time":1.2,"x":62.98,"y":-30.37},{"time":1.4,"x":62.93,"y":14.06}],"scale":[{"time":0.4,"x":1,"y":0.212},{"time":0.5,"x":0.545,"y":0.623},{"time":0.7,"x":0.204,"y":0.975},{"time":0.8333,"x":0.086,"y":1.022},{"time":1.0333,"x":0.064,"y":1.081},{"time":1.0667,"x":0,"y":0.821},{"time":1.1,"x":1,"y":0.212},{"time":1.2,"x":0.545,"y":0.623},{"time":1.4,"x":0.16,"y":0.975}]},"rec7":{"translate":[{"time":0.6,"x":78.26,"y":-69.96},{"time":0.7,"x":78.26,"y":-19.12},{"time":0.9,"x":78.26,"y":0.66},{"time":1.0333,"x":78.26,"y":3.42},{"time":1.1667,"x":78.26,"y":8.26,"curve":"stepped"},{"time":1.2,"x":78.26,"y":-69.96},{"time":1.3,"x":78.26,"y":-19.12},{"time":1.4,"x":78.21,"y":-6.7}],"scale":[{"time":0.6,"x":0.891,"y":0.212},{"time":0.7,"x":0.343,"y":0.623},{"time":0.9,"x":0.134,"y":0.547},{"time":1.0333,"x":0.048,"y":0.556},{"time":1.1333,"x":0.048,"y":0.547,"curve":"stepped"},{"time":1.1667,"x":0,"y":0.821,"curve":"stepped"},{"time":1.2,"x":0.891,"y":0.212},{"time":1.3,"x":0.343,"y":0.623},{"time":1.4,"x":0.35,"y":0.33}]},"+":{"translate":[{"time":0,"x":0,"y":0},{"time":0.1,"x":3.87,"y":27.4},{"time":0.4,"x":2.83,"y":78.67},{"time":0.5333,"x":1.94,"y":93.2},{"time":0.8667,"x":3.93,"y":112.66,"curve":"stepped"},{"time":1,"x":3.93,"y":112.66,"curve":"stepped"},{"time":1.0333,"x":19.47,"y":18.59},{"time":1.4,"x":18.58,"y":68.11}],"scale":[{"time":1.0333,"x":1,"y":1},{"time":1.4,"x":0.9,"y":0.9}]},"+2":{"translate":[{"time":0,"x":0,"y":0},{"time":0.1333,"x":0.57,"y":22.88},{"time":0.4,"x":0.77,"y":42.18},{"time":0.6,"x":1.62,"y":51.54,"curve":"stepped"},{"time":0.6667,"x":1.62,"y":51.54,"curve":"stepped"},{"time":0.7,"x":32.29,"y":-60.12},{"time":1,"x":32.29,"y":-17.99},{"time":1.1667,"x":32.29,"y":0.82},{"time":1.4,"x":32.12,"y":8.9}],"scale":[{"time":0,"x":1,"y":1},{"time":0.1333,"x":1.072,"y":1.072,"curve":"stepped"},{"time":0.6,"x":1.072,"y":1.072},{"time":0.6667,"x":0.953,"y":0.953,"curve":"stepped"},{"time":0.7,"x":0.805,"y":0.805},{"time":1,"x":0.933,"y":0.933},{"time":1.2,"x":0.835,"y":0.835},{"time":1.4,"x":1,"y":1}]},"+3":{"translate":[{"time":0,"x":0,"y":0},{"time":0.2,"x":-1.06,"y":6.71,"curve":"stepped"},{"time":0.3333,"x":-1.06,"y":6.71,"curve":"stepped"},{"time":0.3667,"x":19.8,"y":-79.18},{"time":0.6667,"x":19.8,"y":-46.59},{"time":0.8333,"x":19.8,"y":-31.21},{"time":1.2333,"x":19.8,"y":-18.65}],"scale":[{"time":0.3333,"x":1,"y":1,"curve":"stepped"},{"time":0.3667,"x":0.727,"y":0.727}]}}},"supplyShort":{"slots":{"prop_012":{"color":[{"time":0,"color":"ffffff00"},{"time":0.4,"color":"ffffffff","curve":"stepped"},{"time":0.6667,"color":"ffffffff"}],"attachment":[{"time":0.6667,"name":null}]},"prop_12":{"color":[{"time":0,"color":"ffffff6f"},{"time":0.1667,"color":"ffffffff","curve":"stepped"},{"time":0.3333,"color":"ffffffff"},{"time":0.6667,"color":"ffffff00"}],"attachment":[{"time":0.6667,"name":null}]},"prop_13":{"color":[{"time":0,"color":"ffffffff","curve":"stepped"},{"time":0.1,"color":"ffffffff"},{"time":0.3333,"color":"ffffff00"},{"time":0.5,"color":"ffffffff"}],"attachment":[{"time":0.6667,"name":null}]},"rec":{"attachment":[{"time":0.6667,"name":null}]},"rec2":{"attachment":[{"time":0.6667,"name":null}]},"rec3":{"color":[{"time":0,"color":"ffffff31"},{"time":0.3333,"color":"ffffff78"},{"time":0.3667,"color":"ffffff00"}],"attachment":[{"time":0.6667,"name":null}]},"rec4":{"color":[{"time":0,"color":"ffffff31"},{"time":0.0667,"color":"ffffff73"}],"attachment":[{"time":0.6667,"name":null}]},"rec5":{"color":[{"time":0,"color":"ffffff31"},{"time":0.2667,"color":"ffffff00"},{"time":0.3667,"color":"ffffffbf"}],"attachment":[{"time":0.6667,"name":null}]},"rec6":{"color":[{"time":0,"color":"ffffff31"},{"time":0.4,"color":"ffffff00"},{"time":0.5,"color":"ffffffbf"}],"attachment":[{"time":0.6667,"name":null}]},"rec7":{"color":[{"time":0,"color":"ffffff31"},{"time":0.5667,"color":"ffffff00"},{"time":0.6667,"color":"ffffff55"}],"attachment":[{"time":0.6667,"name":null}]}},"bones":{"rec4":{"translate":[{"time":0,"x":-0.45,"y":-6.7},{"time":0.3,"x":-0.45,"y":7.15}],"scale":[{"time":0,"x":1.598,"y":0.333},{"time":0.3,"x":0.205,"y":0.549},{"time":0.5333,"x":0,"y":0.549}]},"rec3":{"translate":[{"time":0,"x":0,"y":0},{"time":0.3333,"x":0,"y":0}],"scale":[{"time":0,"x":1,"y":1},{"time":0.3333,"x":0.332,"y":0.941}]},"rec2":{"translate":[{"time":0,"x":0.26,"y":-5.81},{"time":0.1667,"x":0.26,"y":3.58}],"scale":[{"time":0,"x":1.809,"y":0.879},{"time":0.1667,"x":0.55,"y":0.96},{"time":0.2,"x":0,"y":0.96}]},"rec":{"translate":[{"time":0,"x":-0.59,"y":-44.54},{"time":0.1,"x":-0.59,"y":-30.86},{"time":0.3,"x":-1.17,"y":-10.61},{"time":0.5333,"x":-0.59,"y":-3.58,"curve":"stepped"},{"time":0.6667,"x":-0.59,"y":-3.58}],"scale":[{"time":0,"x":1,"y":0},{"time":0.1,"x":1,"y":0.455},{"time":0.3,"x":0.345,"y":0.717},{"time":0.5333,"x":0.087,"y":0.821,"curve":"stepped"},{"time":0.6333,"x":0.087,"y":0.821,"curve":"stepped"},{"time":0.6667,"x":0,"y":0.821}]},"rec5":{"translate":[{"time":0.2667,"x":28.27,"y":-69.96},{"time":0.3667,"x":28.27,"y":-30.37},{"time":0.5667,"x":28.27,"y":-5.43},{"time":0.6667,"x":28.23,"y":-0.57}],"scale":[{"time":0.2667,"x":1.612,"y":0.212},{"time":0.3667,"x":1.187,"y":0.623},{"time":0.5667,"x":0.345,"y":0.999},{"time":0.6667,"x":0.16,"y":0.97}]},"rec6":{"translate":[{"time":0.4,"x":62.98,"y":-69.96},{"time":0.5,"x":62.98,"y":-30.37},{"time":0.6667,"x":62.98,"y":-0.54}],"scale":[{"time":0.4,"x":1,"y":0.212},{"time":0.5,"x":0.545,"y":0.623},{"time":0.6667,"x":0.204,"y":0.975}]},"rec7":{"translate":[{"time":0.5667,"x":78.26,"y":-69.96},{"time":0.6667,"x":78.26,"y":-19.12}],"scale":[{"time":0.5667,"x":0.891,"y":0.212},{"time":0.6667,"x":0.343,"y":0.623}]},"+":{"translate":[{"time":0,"x":0,"y":0},{"time":0.1,"x":3.87,"y":27.4},{"time":0.4,"x":2.83,"y":78.67},{"time":0.5333,"x":1.94,"y":93.2},{"time":0.6667,"x":2.73,"y":100.98}]},"+2":{"translate":[{"time":0,"x":0,"y":0},{"time":0.1333,"x":0.57,"y":22.88},{"time":0.4,"x":0.77,"y":42.18},{"time":0.6,"x":1.62,"y":51.54,"curve":"stepped"},{"time":0.6667,"x":1.62,"y":51.54}],"scale":[{"time":0,"x":1,"y":1},{"time":0.1333,"x":1.072,"y":1.072,"curve":"stepped"},{"time":0.6,"x":1.072,"y":1.072},{"time":0.6667,"x":0.953,"y":0.953}]},"+3":{"translate":[{"time":0,"x":0,"y":0},{"time":0.2,"x":-1.06,"y":6.71,"curve":"stepped"},{"time":0.3333,"x":-1.06,"y":6.71,"curve":"stepped"},{"time":0.3667,"x":19.8,"y":-79.18},{"time":0.6667,"x":19.8,"y":-46.59}],"scale":[{"time":0.3333,"x":1,"y":1,"curve":"stepped"},{"time":0.3667,"x":0.727,"y":0.727}]}}}}},[0]]],0,0,[0],[-1],[0]],[[[1,"roleSupply"],[2,"roleSupply",[[-2,[3,-4,-3]],1,4],[4,"22n01IsOVOqqMX8Be9X1oK",-1],[5,65.29,113.33]],[5,"prop_009","supplyLong",0,false,"supplyLong",1,1]],0,[0,0,1,0,-1,2,0,1,2,0,2,1,0,3,1,4],[2],[4],[1]]]]