[1,["12d9e6856","95BUqG1UJGIpEGAI0LcYWV"],["node","_textureSetter","root","data","_spriteFrame"],["cc.SpriteFrame",["cc.Prefab",["_name"],2],["cc.Node",["_name","_groupIndex","_components","_prefab","_contentSize","_anchorPoint","_trs"],1,9,4,5,5,7],["cc.Sprite",["node","_spriteFrame"],3,1,6],["cc.BoxCollider",["tag","node","_offset","_size"],2,1,5,5],["edd203mtm9Lw4Q0h6mhYNeR",["node"],3,1],["cc.PrefabInfo",["fileId","root"],2,1]],[[1,0,2],[2,0,1,2,3,4,5,6,3],[3,0,1,1],[4,0,1,2,3,2],[5,0,1],[6,0,1,2]],[[[{"name":"biubiu_005","rect":[289,385,81,91],"offset":[0,-0.5],"originalSize":[81,92],"rotated":1,"capInsets":[0,0,0,0]}],[0],0,[0],[1],[0]],[[[0,"bullet5"],[1,"bullet5",2,[[2,-2,0],[3,6,-3,[0,0,45],[5,60,70]],[4,-4]],[5,"30M70EkExPC6KKl5H/JSw1",-1],[5,81,91],[0,0.5,0],[209,149,0,0,0,0,1,1,1,1]]],0,[0,2,1,0,0,1,0,0,1,0,0,1,0,3,1,4],[0],[4],[1]]]]