[1,["ecpdLyjvZBwrvm+cedCcQy","92hW7QXyRG47Rv1OPflkOs","2eJKWQwS5EqJcprC9pBoF5","aecWhAVptNlaninSDLMB0C","4cphItmAZH5Y2nJPCkME4u"],["node","_spriteFrame","_textureSetter","root","wz","content","data","_N$file"],[["cc.Node",["_name","_components","_prefab","_children","_parent","_contentSize","_trs","_color"],2,9,4,2,1,5,7,5],["cc.PrefabInfo",["fileId","root","asset"],2,1,1],"cc.SpriteFrame",["cc.Prefab",["_name"],2],["cc.Node",["_name","_parent","_components","_prefab","_color","_contentSize","_trs"],2,1,2,4,5,5,7],["f3590dgzsFHmKnBZSH4cBdG",["node","content","wz"],3,1,1,1],["cc.Sprite",["node","_materials","_spriteFrame"],3,1,3,6],["cc.Label",["_string","_fontSize","_isSystemFontUsed","_N$horizontalAlign","_N$verticalAlign","node","_materials"],-2,1,3]],[[1,0,1,2,2],[6,0,1,2,1],[3,0,2],[0,0,3,1,2,2],[0,0,4,3,1,2,5,6,2],[0,0,4,1,2,7,5,6,2],[4,0,1,2,3,4,5,6,2],[5,0,1,2,1],[1,1,2,1],[7,0,1,2,3,4,5,6,6]],[[[{"name":"xixue","rect":[0,0,74,31],"offset":[0,0],"originalSize":[74,31],"capInsets":[0,0,0,0]}],[2],0,[0],[2],[1]],[[[2,"xixue_num"],[3,"xixue_num",[-5,-6],[[7,-4,-3,-2]],[8,-1,0]],[4,"wz",1,[-8],[[1,-7,[2],3]],[0,"67QyRnm6tPBJnQ2heA35jc",1,0],[5,74,31],[0,0,0,0,0,0,1,1.2,1.2,1]],[5,"jia",2,[[1,-9,[0],1]],[0,"59DH4c1gZLPKbfJtPo+7Sv",1,0],[4,4283191547],[5,23,22],[49.393,0,0,0,0,0,1,1,1,1]],[6,"num",1,[-10],[0,"c6MPcfWldNVqlsBjMfRFUP",1,0],[4,4283191547],[5,31.25,40],[0,0,0,0,0,0,1,1,1,1.2]],[9,"0",30,false,1,1,4,[4]]],0,[0,3,1,0,4,2,0,5,5,0,0,1,0,-1,2,0,-2,4,0,0,2,0,-1,3,0,0,3,0,-1,5,0,6,1,10],[0,0,0,0,0,5],[-1,1,-1,1,-1,7],[0,2,0,3,0,4]]]]