[1,["1dPXpXxGhGmLd6gZ2YlRBX","aeDmXL8ZhAqJJ5zSfgy/8f"],["node","root","data","_N$skeletonData"],[["sp.SkeletonData",["_name","_atlasText","textureNames","_skeletonJson","textures"],-1,3],["cc.Prefab",["_name"],2],["cc.Node",["_name","_groupIndex","_components","_prefab","_contentSize"],1,9,4,5],["5191cP2MvJAj5S4Mn/Tj0r2",["node"],3,1],["sp.Skeleton",["defaultAnimation","_preCacheMode","_cacheMode","_animationName","_N$enableBatch","node","_N$skeletonData"],-2,1,6],["cc.BoxCollider",["tag","node","_offset","_size"],2,1,5,5],["cc.PrefabInfo",["fileId","root"],2,1]],[[0,0,1,2,3,4,5],[1,0,2],[2,0,1,2,3,4,3],[3,0,1],[4,0,1,2,3,4,5,6,6],[5,0,1,2,3,2],[6,0,1,2]],[[[[0,"biubiu_006","\r\nbiubiu_006.png\r\nsize: 1024,512\r\nformat: RGBA8888\r\nfilter: Linear,Linear\r\nrepeat: none\r\nguang1\r\n  rotate: false\r\n  xy: 171, 115\r\n  size: 110, 219\r\n  orig: 110, 219\r\n  offset: 0, 0\r\n  index: -1\r\nguang2\r\n  rotate: false\r\n  xy: 2, 60\r\n  size: 82, 274\r\n  orig: 82, 274\r\n  offset: 0, 0\r\n  index: -1\r\nguang3\r\n  rotate: true\r\n  xy: 437, 253\r\n  size: 81, 226\r\n  orig: 81, 226\r\n  offset: 0, 0\r\n  index: -1\r\nguang4\r\n  rotate: false\r\n  xy: 86, 77\r\n  size: 83, 257\r\n  orig: 83, 257\r\n  offset: 0, 0\r\n  index: -1\r\njiguang\r\n  rotate: true\r\n  xy: 2, 336\r\n  size: 29, 832\r\n  orig: 29, 832\r\n  offset: 0, 0\r\n  index: -1\r\njiguangglow\r\n  rotate: true\r\n  xy: 2, 367\r\n  size: 132, 914\r\n  orig: 132, 914\r\n  offset: 0, 0\r\n  index: -1\r\njiguangqiu\r\n  rotate: false\r\n  xy: 2, 2\r\n  size: 51, 56\r\n  orig: 51, 56\r\n  offset: 0, 0\r\n  index: -1\r\njiguangqiuglow\r\n  rotate: false\r\n  xy: 283, 178\r\n  size: 152, 156\r\n  orig: 152, 156\r\n  offset: 0, 0\r\n  index: -1\r\nzhongdian\r\n  rotate: false\r\n  xy: 836, 357\r\n  size: 8, 8\r\n  orig: 8, 8\r\n  offset: 0, 0\r\n  index: -1\r\nzhongdianquan\r\n  rotate: false\r\n  xy: 171, 80\r\n  size: 33, 33\r\n  orig: 33, 33\r\n  offset: 0, 0\r\n  index: -1\r\nzhuqiu\r\n  rotate: false\r\n  xy: 918, 444\r\n  size: 55, 55\r\n  orig: 55, 55\r\n  offset: 0, 0\r\n  index: -1\r\n",["biubiu_006.png"],{"skeleton":{"hash":"SUvr9Ilwhf/8pBPRmVrf7vD8+vk","spine":"3.6.53","width":151.9,"height":1705.86,"images":"./images/"},"bones":[{"name":"root","x":1,"y":1,"scaleX":0.35,"scaleY":0.35},{"name":"main","parent":"root"},{"name":"zuqiu","parent":"main"},{"name":"bone2","parent":"zuqiu","x":-37.4,"y":6.14},{"name":"bone3","parent":"zuqiu","x":-20.25,"y":31.54},{"name":"bone4","parent":"zuqiu","x":29.91,"y":18.21},{"name":"bone5","parent":"zuqiu","x":-23.43,"y":-26.88},{"name":"bone6","parent":"zuqiu","x":28.01,"y":-23.07},{"name":"bone9","parent":"main","color":"ff0000ff"},{"name":"bone7","parent":"bone9","y":878.59,"color":"ff0000ff"},{"name":"bone8","parent":"bone9","y":1414.73,"color":"ff0000ff"},{"name":"bone10","parent":"main","y":-2424,"color":"ff0000ff"},{"name":"bone11","parent":"bone10","y":878.59,"color":"ff0000ff"},{"name":"bone12","parent":"bone10","y":1414.73,"color":"ff0000ff"},{"name":"jiguang","parent":"main","y":-51.99},{"name":"jiguang2","parent":"jiguang","y":109.77},{"name":"jiguangqiu","parent":"main","y":11.94},{"name":"jiguangqiuglow","parent":"jiguangqiu"},{"name":"main2","parent":"bone9","y":2051.09,"color":"ff0000ff"},{"name":"main3","parent":"bone9","y":232.98,"color":"ff0000ff"},{"name":"main4","parent":"bone10","y":2051.09,"color":"ff0000ff"},{"name":"main5","parent":"bone10","y":232.98,"color":"ff0000ff"},{"name":"zhongqiu1","parent":"main","x":-114.59,"y":22.82},{"name":"zhongqiu2","parent":"main","x":-118.96,"y":70.87},{"name":"zhongqiu3","parent":"main","x":-130.19,"y":-38.33},{"name":"zhongqiu4","parent":"main","x":-85,"y":91.63,"scaleX":0.626,"scaleY":0.626},{"name":"zhongqiu5","parent":"main","x":86.73,"y":103.82,"scaleX":0.626,"scaleY":0.626},{"name":"zhongqiu6","parent":"main","x":118.98,"y":-61.73,"scaleX":0.626,"scaleY":0.626},{"name":"zhongqiu7","parent":"main","x":80.53,"y":-62.02,"scaleX":0.626,"scaleY":0.626},{"name":"zhongqiu8","parent":"main","x":-88.48,"y":-86.34,"scaleX":0.626,"scaleY":0.626},{"name":"zhongqiu9","parent":"main","x":77.18,"y":33.88},{"name":"zhongqiu10","parent":"main","x":-30.71,"y":120.96,"scaleX":0.626,"scaleY":0.626},{"name":"zhongqiu11","parent":"main","x":48.04,"y":117.55,"scaleX":0.626,"scaleY":0.626},{"name":"zhongqiu12","parent":"main","x":117.74,"y":-5.57,"scaleX":0.626,"scaleY":0.626},{"name":"zhongqiu13","parent":"main","x":57.44,"y":-106.94,"scaleX":0.626,"scaleY":0.626},{"name":"zhongqiu14","parent":"main","x":-13.6,"y":-135.01,"scaleX":0.626,"scaleY":0.626},{"name":"zhongqiu15","parent":"main","x":123.98,"y":49.48},{"name":"zhongqiu16","parent":"main","x":78.68,"y":148.19,"scaleX":0.626,"scaleY":0.626}],"slots":[{"name":"jiguangglow","bone":"jiguang2","attachment":"jiguangglow"},{"name":"jiguangqiuglow","bone":"jiguangqiuglow","attachment":"jiguangqiuglow"},{"name":"jiguang","bone":"jiguang","attachment":"jiguang"},{"name":"jiguangqiu","bone":"jiguangqiu","attachment":"jiguangqiu"},{"name":"zhuqiu2","bone":"zhongqiu1","attachment":"zhongdianquan"},{"name":"zhuqiu4","bone":"zhongqiu3","attachment":"zhongdianquan"},{"name":"zhuqiu3","bone":"zhongqiu2","attachment":"zhongdianquan"},{"name":"zhuqiu15","bone":"zhongqiu9","attachment":"zhongdianquan"},{"name":"zhuqiu21","bone":"zhongqiu15","attachment":"zhongdianquan"},{"name":"zhuqiu10","bone":"zhongqiu4","attachment":"zhongdianquan"},{"name":"zhuqiu16","bone":"zhongqiu10","attachment":"zhongdianquan"},{"name":"zhuqiu11","bone":"zhongqiu5","attachment":"zhongdianquan"},{"name":"zhuqiu17","bone":"zhongqiu11","attachment":"zhongdianquan"},{"name":"zhuqiu22","bone":"zhongqiu16","attachment":"zhongdianquan"},{"name":"zhuqiu12","bone":"zhongqiu6","color":"ffffff98","attachment":"zhongdianquan"},{"name":"zhuqiu18","bone":"zhongqiu12","color":"ffffff98","attachment":"zhongdianquan"},{"name":"zhuqiu13","bone":"zhongqiu7","color":"ffffff98","attachment":"zhongdianquan"},{"name":"zhuqiu19","bone":"zhongqiu13","color":"ffffff98","attachment":"zhongdianquan"},{"name":"zhuqiu14","bone":"zhongqiu8","color":"ffffff98","attachment":"zhongdianquan"},{"name":"zhuqiu20","bone":"zhongqiu14","color":"ffffff98","attachment":"zhongdianquan"},{"name":"zhuqiu","bone":"zuqiu","attachment":"zhuqiu"},{"name":"zhongdian","bone":"zhongqiu1","attachment":"zhongdian"},{"name":"zhongdian15","bone":"zhongqiu3","attachment":"zhongdian"},{"name":"zhongdian2","bone":"zhongqiu2","attachment":"zhongdian"},{"name":"zhongdian8","bone":"zhongqiu9","attachment":"zhongdian"},{"name":"zhongdian14","bone":"zhongqiu15","attachment":"zhongdian"},{"name":"zhongdian3","bone":"zhongqiu4","attachment":"zhongdian"},{"name":"zhongdian9","bone":"zhongqiu10","attachment":"zhongdian"},{"name":"zhongdian4","bone":"zhongqiu5","attachment":"zhongdian"},{"name":"zhongdian10","bone":"zhongqiu11","attachment":"zhongdian"},{"name":"zhongdian16","bone":"zhongqiu16","attachment":"zhongdian"},{"name":"zhongdian5","bone":"zhongqiu6","attachment":"zhongdian"},{"name":"zhongdian11","bone":"zhongqiu12","attachment":"zhongdian"},{"name":"zhongdian6","bone":"zhongqiu7","attachment":"zhongdian"},{"name":"zhongdian12","bone":"zhongqiu13","attachment":"zhongdian"},{"name":"zhongdian7","bone":"zhongqiu8","attachment":"zhongdian"},{"name":"zhongdian13","bone":"zhongqiu14","attachment":"zhongdian"},{"name":"mask","bone":"main","attachment":"mask"},{"name":"guang1","bone":"main3","attachment":"guang1"},{"name":"guang8","bone":"main5","attachment":"guang1"},{"name":"guang2","bone":"bone7","attachment":"guang2"},{"name":"guang5","bone":"bone11","attachment":"guang2"},{"name":"guang3","bone":"bone8","attachment":"guang3"},{"name":"guang6","bone":"bone12","attachment":"guang3"},{"name":"guang4","bone":"main2","attachment":"guang4"},{"name":"guang7","bone":"main4","attachment":"guang4"}],"skins":{"default":{"guang1":{"guang1":{"x":30.36,"y":29.31,"width":313,"height":625}},"guang2":{"guang2":{"x":9.86,"y":-61.32,"width":235,"height":784}},"guang3":{"guang3":{"x":11.79,"y":23.52,"width":232,"height":647}},"guang4":{"guang4":{"x":6.92,"y":-94.62,"width":237,"height":735}},"guang5":{"guang2":{"x":9.86,"y":-61.32,"width":235,"height":784}},"guang6":{"guang3":{"x":11.79,"y":23.52,"width":232,"height":647}},"guang7":{"guang4":{"x":6.92,"y":-94.62,"width":237,"height":735}},"guang8":{"guang1":{"x":30.36,"y":29.31,"width":313,"height":625}},"jiguang":{"jiguang":{"x":2.5,"y":1192.27,"width":83,"height":2378}},"jiguangglow":{"jiguangglow":{"y":1035.91,"width":378,"height":2612}},"jiguangqiu":{"jiguangqiu":{"y":-12.5,"width":147,"height":160}},"jiguangqiuglow":{"jiguangqiuglow":{"y":-2.19,"width":434,"height":446}},"mask":{"mask":{"type":"clipping","end":"mask","vertexCount":24,"color":"ce3a3aff","vertices":[46.55,2317.54,39.49,2373.38,1.87,2328.91,-26.57,2368.53,-46.99,2315.7,-83,2359.83,-75.39,2307.86,-190.95,2356.61,-178.95,-1.39,-68.21,25.56,-48.62,48.78,-39.25,32.16,-22.21,44.32,-21.38,62.26,-7.69,56.18,3.35,69.79,17.69,39.06,29.78,68.31,37.05,46.83,49.31,70.22,51.19,37.46,96.88,2.49,247.05,4.61,211.05,2368.61]}},"zhongdian":{"zhongdian":{"x":-0.17,"y":0.24,"width":23,"height":23}},"zhongdian10":{"zhongdian":{"x":-0.17,"y":0.24,"width":23,"height":23}},"zhongdian11":{"zhongdian":{"x":-0.17,"y":0.24,"width":23,"height":23}},"zhongdian12":{"zhongdian":{"x":-0.17,"y":0.24,"width":23,"height":23}},"zhongdian13":{"zhongdian":{"x":-0.17,"y":0.24,"width":23,"height":23}},"zhongdian14":{"zhongdian":{"x":-0.17,"y":0.24,"width":23,"height":23}},"zhongdian15":{"zhongdian":{"x":-0.17,"y":0.24,"width":23,"height":23}},"zhongdian16":{"zhongdian":{"x":-0.17,"y":0.24,"width":23,"height":23}},"zhongdian2":{"zhongdian":{"x":-0.17,"y":0.24,"width":23,"height":23}},"zhongdian3":{"zhongdian":{"x":-0.17,"y":0.24,"width":23,"height":23}},"zhongdian4":{"zhongdian":{"x":-0.17,"y":0.24,"width":23,"height":23}},"zhongdian5":{"zhongdian":{"x":-0.17,"y":0.24,"width":23,"height":23}},"zhongdian6":{"zhongdian":{"x":-0.17,"y":0.24,"width":23,"height":23}},"zhongdian7":{"zhongdian":{"x":-0.17,"y":0.24,"width":23,"height":23}},"zhongdian8":{"zhongdian":{"x":-0.17,"y":0.24,"width":23,"height":23}},"zhongdian9":{"zhongdian":{"x":-0.17,"y":0.24,"width":23,"height":23}},"zhuqiu":{"zhuqiu":{"type":"mesh","hull":32,"width":157,"height":156,"uvs":[0.93181,0.36158,0.93812,0.41974,0.94706,0.50208,0.93674,0.64219,0.92262,0.72037,0.90458,0.78229,0.86781,0.83547,0.81034,0.8915,0.75668,0.92317,0.67091,0.95817,0.53174,0.97717,0.3905,0.97027,0.30186,0.95668,0.22735,0.92525,0.16974,0.87362,0.12619,0.81671,0.08714,0.73953,0.05654,0.64362,0.03229,0.51227,0.03431,0.40711,0.05153,0.31177,0.08681,0.22867,0.14499,0.154,0.22435,0.09477,0.29818,0.05794,0.40213,0.03143,0.52429,0.02179,0.68964,0.04073,0.77788,0.09031,0.84646,0.1464,0.88782,0.21773,0.90844,0.27504,0.68888,0.67452,0.54386,0.75126,0.33957,0.70353,0.75211,0.49787,0.5,0.5,0.2447,0.51181,0.67989,0.31944,0.50634,0.24431,0.32154,0.31312,0.41025,0.26033,0.62195,0.27592,0.7422,0.42507,0.7412,0.57809,0.63625,0.71388,0.43325,0.74826,0.26339,0.6081,0.25897,0.41074,0.24635,0.45136,0.28711,0.35736,0.36785,0.28196,0.4604,0.24861,0.56537,0.25308,0.72102,0.37158,0.72044,0.6272,0.29616,0.6591,0.25192,0.56807,0.37896,0.72961,0.49402,0.75602,0.58788,0.73986],"triangles":[26,52,25,53,39,26,39,52,26,41,25,52,24,25,41,51,24,41,23,24,51,40,23,51,22,23,40,50,21,22,40,50,22,36,52,39,41,52,36,51,41,36,40,51,36,50,40,36,20,21,50,48,19,20,50,48,20,49,19,48,48,50,36,49,48,36,49,18,19,37,49,36,37,18,49,57,37,36,57,17,18,57,18,37,17,57,47,56,47,36,34,56,36,36,58,34,58,36,46,16,17,47,16,47,56,46,36,59,15,16,56,34,14,15,34,15,56,13,14,34,13,34,58,12,13,58,11,12,58,46,11,58,59,11,46,10,59,33,11,59,10,44,36,35,55,36,44,2,44,35,3,44,2,32,36,55,32,45,36,3,55,44,4,55,3,45,60,36,4,32,55,5,32,4,6,32,5,7,32,6,45,32,7,8,45,7,9,45,8,60,45,9,33,60,9,10,33,9,27,53,26,42,53,27,42,27,28,38,42,28,38,28,29,38,29,30,54,38,30,31,54,30,54,31,0,43,54,0,43,0,1,35,43,1,36,42,38,36,38,54,36,54,43,36,43,35,35,1,2,36,39,53,36,53,42,47,57,36,60,33,36,33,59,36],"vertices":[3,5,37.88,3.38,0.83148,7,39.79,44.66,0.16509,4,88.05,-9.95,0.00344,3,5,38.87,-5.69,0.71783,7,40.78,35.59,0.28016,4,89.04,-19.02,0.00201,2,5,40.28,-18.53,0.55697,7,42.18,22.74,0.44303,2,5,38.66,-40.39,0.22803,7,40.56,0.88,0.77197,3,5,36.44,-52.59,0.14433,7,38.34,-11.31,0.84844,6,89.78,-7.5,0.00723,3,5,33.61,-62.25,0.05423,7,35.51,-20.97,0.93077,6,86.95,-17.16,0.015,3,5,27.83,-70.54,0.03317,7,29.74,-29.27,0.91896,6,81.17,-25.46,0.04788,3,5,18.81,-79.28,0.00253,7,20.72,-38.01,0.90177,6,72.15,-34.2,0.0957,3,5,10.39,-84.22,0.00158,7,12.29,-42.95,0.83381,6,63.73,-39.14,0.16461,2,7,-1.17,-48.41,0.72076,6,50.26,-44.6,0.27924,2,7,-23.02,-51.37,0.49481,6,28.41,-47.56,0.50519,3,7,-45.2,-50.3,0.21857,6,6.24,-46.49,0.78125,3,20.21,-79.51,0.00017,3,7,-59.11,-48.18,0.14854,6,-7.68,-44.37,0.83642,3,6.29,-77.39,0.01504,3,7,-70.81,-43.27,0.06265,6,-19.38,-39.46,0.90407,3,-5.41,-72.48,0.03327,3,7,-79.86,-35.22,0.03199,6,-28.42,-31.41,0.85801,3,-14.45,-64.43,0.10999,3,7,-86.7,-26.34,0.00528,6,-35.26,-22.53,0.81788,3,-21.29,-55.55,0.17684,3,7,-92.83,-14.3,0.00264,6,-41.39,-10.49,0.64791,3,-27.42,-43.51,0.34945,2,6,-46.2,4.47,0.35835,3,-32.23,-28.55,0.64165,3,6,-50,24.96,0.09216,3,-36.03,-8.06,0.90252,4,-53.18,-33.46,0.00532,3,6,-49.69,41.37,0.01405,3,-35.72,8.35,0.968,4,-52.86,-17.05,0.01795,3,6,-46.98,56.24,0.00296,3,-33.01,23.22,0.7833,4,-50.16,-2.18,0.21374,4,5,-94.78,24.12,0.00007,6,-41.44,69.2,0.00177,3,-27.47,36.18,0.53232,4,-44.62,10.78,0.46584,3,5,-85.65,35.77,0.00008,3,-18.34,47.83,0.20281,4,-35.48,22.43,0.79711,1,4,-23.02,31.67,1,3,5,-61.6,50.75,0.05011,3,5.71,62.82,0.05302,4,-11.43,37.42,0.89686,3,5,-45.28,54.89,0.20676,3,22.03,66.95,0.02667,4,4.89,41.55,0.76657,2,5,-26.1,56.39,0.32158,4,24.07,43.06,0.67842,2,5,-0.14,53.44,0.6547,4,50.03,40.1,0.3453,3,5,13.72,45.7,0.74832,7,15.62,86.98,0.00048,4,63.88,32.37,0.25119,3,5,24.48,36.95,0.85372,7,26.39,78.23,0.00103,4,74.65,23.62,0.14526,3,5,30.98,25.82,0.893,7,32.88,67.1,0.02713,4,81.14,12.49,0.07987,1,5,34.21,16.88,1,2,5,-0.26,-45.43,0.0186,7,1.65,-4.16,0.9814,3,2,6.89,-39.2,0.07861,7,-21.12,-16.13,0.48724,6,30.31,-12.32,0.43415,3,7,-53.19,-8.68,0.01763,6,-1.76,-4.87,0.97225,3,12.21,-37.89,0.01012,3,2,39.58,0.33,0.03687,5,9.67,-17.88,0.56349,7,11.58,23.4,0.39964,1,2,0,0,1,3,2,-40.08,-1.84,0.00613,6,-16.65,25.03,0.16608,3,-2.68,-7.99,0.82779,3,2,28.24,28.17,0.0193,5,-1.67,9.96,0.88531,4,48.5,-3.38,0.09539,3,2,1,39.89,0.07938,5,-28.92,21.68,0.31556,4,21.25,8.34,0.60506,3,2,-28.02,29.15,0.01026,3,9.38,23.01,0.1676,4,-7.76,-2.39,0.82214,3,2,-14.09,37.39,0.0229,5,-44,19.18,0.05995,4,6.16,5.84,0.91714,3,2,19.15,34.96,0.06955,5,-10.77,16.75,0.64151,4,39.4,3.41,0.28894,3,2,38.03,11.69,0.00689,5,8.11,-6.52,0.89291,7,10.02,34.75,0.1002,3,2,37.87,-12.18,0.02861,5,7.96,-30.39,0.26254,7,9.86,10.88,0.70885,3,2,21.39,-33.37,0.03779,7,-6.62,-10.3,0.81409,6,44.82,-6.49,0.14812,3,2,-10.48,-38.73,0.05326,7,-38.49,-15.66,0.19587,6,12.95,-11.85,0.75087,3,2,-37.15,-16.86,0.01964,6,-13.72,10.01,0.5696,3,0.25,-23.01,0.41076,3,2,-37.84,13.92,0.00998,3,-0.44,7.78,0.84299,4,-17.59,-17.62,0.14704,1,3,-2.42,1.44,1,3,2,-33.42,22.25,0.0249,3,3.97,16.11,0.4905,4,-13.17,-9.29,0.4846,2,2,-20.75,34.01,0.016,4,-0.49,2.47,0.984,3,2,-6.22,39.22,0.08517,5,-36.13,21.01,0.20933,4,14.04,7.67,0.7055,3,2,10.26,38.52,0.09235,5,-19.65,20.31,0.50691,4,30.52,6.98,0.40075,1,5,4.79,1.82,1,4,2,34.61,-19.84,0.01331,5,4.7,-38.05,0.13341,7,6.6,3.22,0.85321,6,58.04,7.03,0.00008,4,2,-32,-24.82,0.00935,7,-60.01,-1.75,0.00882,6,-8.58,2.06,0.77154,3,5.39,-30.96,0.21029,3,2,-38.95,-10.62,0.01922,6,-15.52,16.26,0.40075,3,-1.55,-16.76,0.58003,4,2,-19,-35.82,0.02647,7,-47.01,-12.75,0.1069,6,4.42,-8.94,0.86151,3,18.39,-41.96,0.00512,3,2,-0.94,-39.94,0.07281,7,-28.95,-16.87,0.39906,6,22.49,-13.06,0.52812,3,2,13.8,-37.42,0.05893,7,-14.21,-14.35,0.6426,6,37.22,-10.54,0.29846],"edges":[34,36,52,54,20,22,18,20,4,6,0,62,40,42,42,44,36,38,38,40,44,46,46,48,48,50,50,52,54,56,56,58,58,60,60,62,0,2,2,4,6,8,8,10,10,12,12,14,14,16,16,18,22,24,24,26,26,28,28,30,30,32,32,34]}},"zhuqiu10":{"zhongdianquan":{"color":"ffffff98","x":-0.02,"rotation":0.04,"width":95,"height":95}},"zhuqiu11":{"zhongdianquan":{"color":"ffffff98","x":-0.02,"rotation":0.04,"width":95,"height":95}},"zhuqiu12":{"zhongdianquan":{"x":-0.02,"rotation":0.04,"width":95,"height":95}},"zhuqiu13":{"zhongdianquan":{"x":-0.02,"rotation":0.04,"width":95,"height":95}},"zhuqiu14":{"zhongdianquan":{"x":-0.02,"rotation":0.04,"width":95,"height":95}},"zhuqiu15":{"zhongdianquan":{"x":-0.02,"rotation":0.04,"width":95,"height":95}},"zhuqiu16":{"zhongdianquan":{"color":"ffffff98","x":-0.02,"rotation":0.04,"width":95,"height":95}},"zhuqiu17":{"zhongdianquan":{"color":"ffffff98","x":-0.02,"rotation":0.04,"width":95,"height":95}},"zhuqiu18":{"zhongdianquan":{"x":-0.02,"rotation":0.04,"width":95,"height":95}},"zhuqiu19":{"zhongdianquan":{"x":-0.02,"rotation":0.04,"width":95,"height":95}},"zhuqiu2":{"zhongdianquan":{"x":-0.02,"rotation":0.04,"width":95,"height":95}},"zhuqiu20":{"zhongdianquan":{"x":-0.02,"rotation":0.04,"width":95,"height":95}},"zhuqiu21":{"zhongdianquan":{"x":-0.02,"rotation":0.04,"width":95,"height":95}},"zhuqiu22":{"zhongdianquan":{"color":"ffffff98","x":-0.02,"rotation":0.04,"width":95,"height":95}},"zhuqiu3":{"zhongdianquan":{"x":-0.02,"rotation":0.04,"width":95,"height":95}},"zhuqiu4":{"zhongdianquan":{"x":-0.02,"rotation":0.04,"width":95,"height":95}}}},"animations":{"jiguang":{"slots":{"jiguang":{"attachment":[{"time":0,"name":"jiguang"}]},"zhongdian":{"attachment":[{"time":0,"name":null}]},"zhongdian2":{"attachment":[{"time":0,"name":null}]},"zhongdian3":{"attachment":[{"time":0,"name":null}]},"zhongdian4":{"attachment":[{"time":0,"name":null}]},"zhongdian5":{"attachment":[{"time":0,"name":null}]},"zhongdian6":{"attachment":[{"time":0,"name":null}]},"zhongdian7":{"attachment":[{"time":0,"name":null}]},"zhongdian8":{"attachment":[{"time":0,"name":null}]},"zhongdian9":{"attachment":[{"time":0,"name":null}]},"zhongdian10":{"attachment":[{"time":0,"name":null}]},"zhongdian11":{"attachment":[{"time":0,"name":null}]},"zhongdian12":{"attachment":[{"time":0,"name":null}]},"zhongdian13":{"attachment":[{"time":0,"name":null}]},"zhongdian14":{"attachment":[{"time":0,"name":null}]},"zhongdian15":{"attachment":[{"time":0,"name":null}]},"zhongdian16":{"attachment":[{"time":0,"name":null}]},"zhuqiu":{"attachment":[{"time":0,"name":null}]},"zhuqiu2":{"attachment":[{"time":0,"name":null}]},"zhuqiu3":{"attachment":[{"time":0,"name":null}]},"zhuqiu4":{"attachment":[{"time":0,"name":null}]},"zhuqiu10":{"attachment":[{"time":0,"name":null}]},"zhuqiu11":{"attachment":[{"time":0,"name":null}]},"zhuqiu12":{"attachment":[{"time":0,"name":null}]},"zhuqiu13":{"attachment":[{"time":0,"name":null}]},"zhuqiu14":{"attachment":[{"time":0,"name":null}]},"zhuqiu15":{"attachment":[{"time":0,"name":null}]},"zhuqiu16":{"attachment":[{"time":0,"name":null}]},"zhuqiu17":{"attachment":[{"time":0,"name":null}]},"zhuqiu18":{"attachment":[{"time":0,"name":null}]},"zhuqiu19":{"attachment":[{"time":0,"name":null}]},"zhuqiu20":{"attachment":[{"time":0,"name":null}]},"zhuqiu21":{"attachment":[{"time":0,"name":null}]},"zhuqiu22":{"attachment":[{"time":0,"name":null}]}},"bones":{"zuqiu":{"scale":[{"time":0,"x":0.5,"y":0.5,"curve":[0.25,0,0.75,1]},{"time":0.1667,"x":1,"y":1},{"time":0.6667,"x":0.5,"y":0.5,"curve":[0.25,0,0.75,1]},{"time":1,"x":1,"y":1},{"time":1.3333,"x":0.5,"y":0.5}]},"bone10":{"translate":[{"time":0,"x":0,"y":0},{"time":1.3333,"x":0,"y":2423.77}]},"bone9":{"translate":[{"time":0,"x":0,"y":0},{"time":1.3333,"x":0,"y":2423.77}]},"bone7":{"scale":[{"time":0,"x":1,"y":1,"curve":"stepped"},{"time":0.0667,"x":1,"y":-1,"curve":"stepped"},{"time":0.2,"x":1,"y":1,"curve":"stepped"},{"time":0.3333,"x":1,"y":-1,"curve":"stepped"},{"time":0.4667,"x":1,"y":1,"curve":"stepped"},{"time":0.6,"x":1,"y":-1,"curve":"stepped"},{"time":0.7333,"x":1,"y":1,"curve":"stepped"},{"time":0.8667,"x":1,"y":-1,"curve":"stepped"},{"time":1,"x":1,"y":1,"curve":"stepped"},{"time":1.1333,"x":1,"y":-1,"curve":"stepped"},{"time":1.2667,"x":1,"y":1}]},"main3":{"scale":[{"time":0,"x":1,"y":1,"curve":"stepped"},{"time":0.1333,"x":1,"y":-1,"curve":"stepped"},{"time":0.2667,"x":1,"y":1,"curve":"stepped"},{"time":0.4,"x":1,"y":-1,"curve":"stepped"},{"time":0.5333,"x":1,"y":1,"curve":"stepped"},{"time":0.6667,"x":1,"y":-1,"curve":"stepped"},{"time":0.8,"x":1,"y":1,"curve":"stepped"},{"time":0.9333,"x":1,"y":-1,"curve":"stepped"},{"time":1.0667,"x":1,"y":1,"curve":"stepped"},{"time":1.2,"x":1,"y":-1,"curve":"stepped"},{"time":1.3333,"x":1,"y":1}]},"bone8":{"scale":[{"time":0,"x":1,"y":1,"curve":"stepped"},{"time":0.1,"x":1,"y":-1,"curve":"stepped"},{"time":0.2333,"x":1,"y":1,"curve":"stepped"},{"time":0.3667,"x":1,"y":-1,"curve":"stepped"},{"time":0.5,"x":1,"y":1,"curve":"stepped"},{"time":0.6333,"x":1,"y":-1,"curve":"stepped"},{"time":0.7667,"x":1,"y":1,"curve":"stepped"},{"time":0.9,"x":1,"y":-1,"curve":"stepped"},{"time":1.0333,"x":1,"y":1,"curve":"stepped"},{"time":1.1667,"x":1,"y":-1,"curve":"stepped"},{"time":1.3,"x":1,"y":1}]},"main2":{"scale":[{"time":0,"x":1,"y":1,"curve":"stepped"},{"time":0.0333,"x":1,"y":-1,"curve":"stepped"},{"time":0.1667,"x":1,"y":1,"curve":"stepped"},{"time":0.3,"x":1,"y":-1,"curve":"stepped"},{"time":0.4333,"x":1,"y":1,"curve":"stepped"},{"time":0.5667,"x":1,"y":-1,"curve":"stepped"},{"time":0.7,"x":1,"y":1,"curve":"stepped"},{"time":0.8333,"x":1,"y":-1,"curve":"stepped"},{"time":0.9667,"x":1,"y":1,"curve":"stepped"},{"time":1.1,"x":1,"y":-1,"curve":"stepped"},{"time":1.2333,"x":1,"y":1}]},"main5":{"scale":[{"time":0,"x":1,"y":1,"curve":"stepped"},{"time":0.1333,"x":1,"y":-1,"curve":"stepped"},{"time":0.2667,"x":1,"y":1,"curve":"stepped"},{"time":0.4,"x":1,"y":-1,"curve":"stepped"},{"time":0.5333,"x":1,"y":1,"curve":"stepped"},{"time":0.6667,"x":1,"y":-1,"curve":"stepped"},{"time":0.8,"x":1,"y":1,"curve":"stepped"},{"time":0.9333,"x":1,"y":-1,"curve":"stepped"},{"time":1.0667,"x":1,"y":1,"curve":"stepped"},{"time":1.2,"x":1,"y":-1,"curve":"stepped"},{"time":1.3333,"x":1,"y":1}]},"main4":{"scale":[{"time":0,"x":1,"y":1,"curve":"stepped"},{"time":0.0667,"x":1,"y":-1,"curve":"stepped"},{"time":0.2,"x":1,"y":1,"curve":"stepped"},{"time":0.3333,"x":1,"y":-1,"curve":"stepped"},{"time":0.4667,"x":1,"y":1,"curve":"stepped"},{"time":0.6,"x":1,"y":-1,"curve":"stepped"},{"time":0.7333,"x":1,"y":1,"curve":"stepped"},{"time":0.8667,"x":1,"y":-1,"curve":"stepped"},{"time":1,"x":1,"y":1,"curve":"stepped"},{"time":1.1333,"x":1,"y":-1,"curve":"stepped"},{"time":1.2667,"x":1,"y":1}]},"bone12":{"scale":[{"time":0,"x":1,"y":1,"curve":"stepped"},{"time":0.1333,"x":1,"y":-1,"curve":"stepped"},{"time":0.2667,"x":1,"y":1,"curve":"stepped"},{"time":0.4,"x":1,"y":-1,"curve":"stepped"},{"time":0.5333,"x":1,"y":1,"curve":"stepped"},{"time":0.6667,"x":1,"y":-1,"curve":"stepped"},{"time":0.8,"x":1,"y":1,"curve":"stepped"},{"time":0.9333,"x":1,"y":-1,"curve":"stepped"},{"time":1.0667,"x":1,"y":1,"curve":"stepped"},{"time":1.2,"x":1,"y":-1,"curve":"stepped"},{"time":1.3333,"x":1,"y":1}]},"bone11":{"scale":[{"time":0,"x":1,"y":1,"curve":"stepped"},{"time":0.0667,"x":1,"y":-1,"curve":"stepped"},{"time":0.2,"x":1,"y":1,"curve":"stepped"},{"time":0.3333,"x":1,"y":-1,"curve":"stepped"},{"time":0.4667,"x":1,"y":1,"curve":"stepped"},{"time":0.6,"x":1,"y":-1,"curve":"stepped"},{"time":0.7333,"x":1,"y":1,"curve":"stepped"},{"time":0.8667,"x":1,"y":-1,"curve":"stepped"},{"time":1,"x":1,"y":1,"curve":"stepped"},{"time":1.1333,"x":1,"y":-1,"curve":"stepped"},{"time":1.2667,"x":1,"y":1}]},"jiguang":{"scale":[{"time":0,"x":1,"y":1,"curve":[0.25,0,0.75,1]},{"time":0.1,"x":0.9,"y":0.9,"curve":[0.25,0,0.75,1]},{"time":0.2,"x":1,"y":1},{"time":0.3,"x":0.9,"y":0.9,"curve":[0.25,0,0.75,1]},{"time":0.4,"x":1,"y":1},{"time":0.5,"x":0.9,"y":0.9,"curve":[0.25,0,0.75,1]},{"time":0.6,"x":1,"y":1},{"time":0.7,"x":0.9,"y":0.9,"curve":[0.25,0,0.75,1]},{"time":0.8,"x":1,"y":1},{"time":0.9,"x":0.9,"y":0.9,"curve":[0.25,0,0.75,1]},{"time":0.9667,"x":1,"y":1},{"time":1.0667,"x":0.9,"y":0.9,"curve":[0.25,0,0.75,1]},{"time":1.1667,"x":1,"y":1},{"time":1.2333,"x":0.9,"y":0.9,"curve":[0.25,0,0.75,1]},{"time":1.3333,"x":1,"y":1}]},"jiguangqiu":{"scale":[{"time":0,"x":1,"y":1,"curve":[0.25,0,0.75,1]},{"time":0.1,"x":0.7,"y":0.7,"curve":[0.25,0,0.75,1]},{"time":0.2,"x":1,"y":1},{"time":0.3,"x":0.7,"y":0.7,"curve":[0.25,0,0.75,1]},{"time":0.4,"x":1,"y":1},{"time":0.5,"x":0.7,"y":0.7,"curve":[0.25,0,0.75,1]},{"time":0.6,"x":1,"y":1},{"time":0.7,"x":0.7,"y":0.7,"curve":[0.25,0,0.75,1]},{"time":0.8,"x":1,"y":1},{"time":0.9,"x":0.7,"y":0.7,"curve":[0.25,0,0.75,1]},{"time":0.9667,"x":1,"y":1},{"time":1.0667,"x":0.7,"y":0.7,"curve":[0.25,0,0.75,1]},{"time":1.1667,"x":1,"y":1},{"time":1.2333,"x":0.7,"y":0.7,"curve":[0.25,0,0.75,1]},{"time":1.3333,"x":1,"y":1}]},"jiguangqiuglow":{"scale":[{"time":0,"x":1,"y":1,"curve":[0.25,0,0.75,1]},{"time":0.1,"x":0.7,"y":0.7,"curve":[0.25,0,0.75,1]},{"time":0.2,"x":1,"y":1},{"time":0.3,"x":0.7,"y":0.7,"curve":[0.25,0,0.75,1]},{"time":0.4,"x":1,"y":1},{"time":0.5,"x":0.7,"y":0.7,"curve":[0.25,0,0.75,1]},{"time":0.6,"x":1,"y":1},{"time":0.7,"x":0.7,"y":0.7,"curve":[0.25,0,0.75,1]},{"time":0.8,"x":1,"y":1},{"time":0.9,"x":0.7,"y":0.7,"curve":[0.25,0,0.75,1]},{"time":0.9667,"x":1,"y":1},{"time":1.0667,"x":0.7,"y":0.7,"curve":[0.25,0,0.75,1]},{"time":1.1667,"x":1,"y":1},{"time":1.2333,"x":0.7,"y":0.7,"curve":[0.25,0,0.75,1]},{"time":1.3333,"x":1,"y":1}]}}},"jiguang_bak":{"slots":{"jiguang":{"attachment":[{"time":0,"name":"jiguang"}]},"zhongdian":{"attachment":[{"time":0,"name":null}]},"zhongdian2":{"attachment":[{"time":0,"name":null}]},"zhongdian3":{"attachment":[{"time":0,"name":null}]},"zhongdian4":{"attachment":[{"time":0,"name":null}]},"zhongdian5":{"attachment":[{"time":0,"name":null}]},"zhongdian6":{"attachment":[{"time":0,"name":null}]},"zhongdian7":{"attachment":[{"time":0,"name":null}]},"zhongdian8":{"attachment":[{"time":0,"name":null}]},"zhongdian9":{"attachment":[{"time":0,"name":null}]},"zhongdian10":{"attachment":[{"time":0,"name":null}]},"zhongdian11":{"attachment":[{"time":0,"name":null}]},"zhongdian12":{"attachment":[{"time":0,"name":null}]},"zhongdian13":{"attachment":[{"time":0,"name":null}]},"zhongdian14":{"attachment":[{"time":0,"name":null}]},"zhongdian15":{"attachment":[{"time":0,"name":null}]},"zhongdian16":{"attachment":[{"time":0,"name":null}]},"zhuqiu":{"attachment":[{"time":0,"name":null}]},"zhuqiu2":{"attachment":[{"time":0,"name":null}]},"zhuqiu3":{"attachment":[{"time":0,"name":null}]},"zhuqiu4":{"attachment":[{"time":0,"name":null}]},"zhuqiu10":{"attachment":[{"time":0,"name":null}]},"zhuqiu11":{"attachment":[{"time":0,"name":null}]},"zhuqiu12":{"attachment":[{"time":0,"name":null}]},"zhuqiu13":{"attachment":[{"time":0,"name":null}]},"zhuqiu14":{"attachment":[{"time":0,"name":null}]},"zhuqiu15":{"attachment":[{"time":0,"name":null}]},"zhuqiu16":{"attachment":[{"time":0,"name":null}]},"zhuqiu17":{"attachment":[{"time":0,"name":null}]},"zhuqiu18":{"attachment":[{"time":0,"name":null}]},"zhuqiu19":{"attachment":[{"time":0,"name":null}]},"zhuqiu20":{"attachment":[{"time":0,"name":null}]},"zhuqiu21":{"attachment":[{"time":0,"name":null}]},"zhuqiu22":{"attachment":[{"time":0,"name":null}]}},"bones":{"zuqiu":{"scale":[{"time":0,"x":0.5,"y":0.5,"curve":[0.25,0,0.75,1]},{"time":0.1667,"x":1,"y":1},{"time":0.6667,"x":0.5,"y":0.5,"curve":[0.25,0,0.75,1]},{"time":1,"x":1,"y":1},{"time":1.3333,"x":0.5,"y":0.5}]},"bone10":{"translate":[{"time":0,"x":0,"y":0},{"time":1.3333,"x":0,"y":2423.77}]},"bone9":{"translate":[{"time":0,"x":0,"y":0},{"time":1.3333,"x":0,"y":2423.77}]},"jiguang":{"scale":[{"time":0,"x":1,"y":1,"curve":[0.25,0,0.75,1]},{"time":0.1,"x":0.9,"y":0.9,"curve":[0.25,0,0.75,1]},{"time":0.2,"x":1,"y":1},{"time":0.3,"x":0.9,"y":0.9,"curve":[0.25,0,0.75,1]},{"time":0.4,"x":1,"y":1},{"time":0.5,"x":0.9,"y":0.9,"curve":[0.25,0,0.75,1]},{"time":0.6,"x":1,"y":1},{"time":0.7,"x":0.9,"y":0.9,"curve":[0.25,0,0.75,1]},{"time":0.8,"x":1,"y":1},{"time":0.9,"x":0.9,"y":0.9,"curve":[0.25,0,0.75,1]},{"time":0.9667,"x":1,"y":1},{"time":1.0667,"x":0.9,"y":0.9,"curve":[0.25,0,0.75,1]},{"time":1.1667,"x":1,"y":1},{"time":1.2333,"x":0.9,"y":0.9,"curve":[0.25,0,0.75,1]},{"time":1.3333,"x":1,"y":1}]},"jiguangqiu":{"scale":[{"time":0,"x":1,"y":1,"curve":[0.25,0,0.75,1]},{"time":0.1,"x":0.7,"y":0.7,"curve":[0.25,0,0.75,1]},{"time":0.2,"x":1,"y":1},{"time":0.3,"x":0.7,"y":0.7,"curve":[0.25,0,0.75,1]},{"time":0.4,"x":1,"y":1},{"time":0.5,"x":0.7,"y":0.7,"curve":[0.25,0,0.75,1]},{"time":0.6,"x":1,"y":1},{"time":0.7,"x":0.7,"y":0.7,"curve":[0.25,0,0.75,1]},{"time":0.8,"x":1,"y":1},{"time":0.9,"x":0.7,"y":0.7,"curve":[0.25,0,0.75,1]},{"time":0.9667,"x":1,"y":1},{"time":1.0667,"x":0.7,"y":0.7,"curve":[0.25,0,0.75,1]},{"time":1.1667,"x":1,"y":1},{"time":1.2333,"x":0.7,"y":0.7,"curve":[0.25,0,0.75,1]},{"time":1.3333,"x":1,"y":1}]},"jiguangqiuglow":{"scale":[{"time":0,"x":1,"y":1,"curve":[0.25,0,0.75,1]},{"time":0.1,"x":0.7,"y":0.7,"curve":[0.25,0,0.75,1]},{"time":0.2,"x":1,"y":1},{"time":0.3,"x":0.7,"y":0.7,"curve":[0.25,0,0.75,1]},{"time":0.4,"x":1,"y":1},{"time":0.5,"x":0.7,"y":0.7,"curve":[0.25,0,0.75,1]},{"time":0.6,"x":1,"y":1},{"time":0.7,"x":0.7,"y":0.7,"curve":[0.25,0,0.75,1]},{"time":0.8,"x":1,"y":1},{"time":0.9,"x":0.7,"y":0.7,"curve":[0.25,0,0.75,1]},{"time":0.9667,"x":1,"y":1},{"time":1.0667,"x":0.7,"y":0.7,"curve":[0.25,0,0.75,1]},{"time":1.1667,"x":1,"y":1},{"time":1.2333,"x":0.7,"y":0.7,"curve":[0.25,0,0.75,1]},{"time":1.3333,"x":1,"y":1}]}}},"xuneng":{"slots":{"guang1":{"attachment":[{"time":0,"name":null}]},"guang2":{"attachment":[{"time":0,"name":null}]},"guang3":{"attachment":[{"time":0,"name":null}]},"guang4":{"attachment":[{"time":0,"name":null}]},"guang5":{"attachment":[{"time":0,"name":null}]},"guang6":{"attachment":[{"time":0,"name":null}]},"guang7":{"attachment":[{"time":0,"name":null}]},"guang8":{"attachment":[{"time":0,"name":null}]},"jiguang":{"attachment":[{"time":0,"name":null}]},"jiguangglow":{"attachment":[{"time":0,"name":null}]},"jiguangqiu":{"attachment":[{"time":0,"name":null}]},"jiguangqiuglow":{"attachment":[{"time":0,"name":null},{"time":0.3333,"name":"jiguangqiuglow"}]},"mask":{"attachment":[{"time":0,"name":null}]},"zhongdian":{"attachment":[{"time":0.7667,"name":null}]},"zhongdian2":{"color":[{"time":0,"color":"ffffff00","curve":"stepped"},{"time":0.0333,"color":"ffffff00"},{"time":0.3333,"color":"ffffffff","curve":"stepped"},{"time":0.6333,"color":"ffffffff","curve":"stepped"},{"time":0.6667,"color":"ffffff00"},{"time":0.8333,"color":"ffffffff"}],"attachment":[{"time":0.7667,"name":null}]},"zhongdian3":{"attachment":[{"time":0.7667,"name":null}]},"zhongdian4":{"attachment":[{"time":0.7667,"name":null}]},"zhongdian5":{"color":[{"time":0,"color":"ffffff00","curve":"stepped"},{"time":0.3333,"color":"ffffff00"},{"time":0.6333,"color":"ffffffff"}],"attachment":[{"time":0.7667,"name":null}]},"zhongdian6":{"attachment":[{"time":0.7667,"name":null}]},"zhongdian7":{"attachment":[{"time":0.7667,"name":null}]},"zhongdian8":{"attachment":[{"time":0.7667,"name":null}]},"zhongdian9":{"color":[{"time":0,"color":"ffffff00","curve":"stepped"},{"time":0.1333,"color":"ffffff00"},{"time":0.5,"color":"ffffffff"}],"attachment":[{"time":0.7667,"name":null}]},"zhongdian10":{"color":[{"time":0,"color":"ffffff00"},{"time":0.2667,"color":"ffffffff","curve":"stepped"},{"time":0.5,"color":"ffffffff","curve":"stepped"},{"time":0.5333,"color":"ffffff00"},{"time":0.7333,"color":"ffffffff"}],"attachment":[{"time":0.7667,"name":null}]},"zhongdian11":{"color":[{"time":0,"color":"ffffff00","curve":"stepped"},{"time":0.1333,"color":"ffffff00"},{"time":0.4667,"color":"ffffffff"}],"attachment":[{"time":0.7667,"name":null}]},"zhongdian12":{"attachment":[{"time":0.7667,"name":null}]},"zhongdian13":{"color":[{"time":0,"color":"ffffff00","curve":"stepped"},{"time":0.3,"color":"ffffff00"},{"time":0.6,"color":"ffffffff"}],"attachment":[{"time":0.7667,"name":null}]},"zhongdian14":{"color":[{"time":0,"color":"ffffff00","curve":"stepped"},{"time":0.3,"color":"ffffff00"},{"time":0.6,"color":"ffffffff"}],"attachment":[{"time":0.7667,"name":null}]},"zhongdian15":{"color":[{"time":0,"color":"ffffff00","curve":"stepped"},{"time":0.2,"color":"ffffff00"},{"time":0.5333,"color":"ffffffff"}],"attachment":[{"time":0.7667,"name":null}]},"zhongdian16":{"color":[{"time":0,"color":"ffffff00"},{"time":0.2667,"color":"ffffffff","curve":"stepped"},{"time":0.5,"color":"ffffffff","curve":"stepped"},{"time":0.5333,"color":"ffffff00"},{"time":0.7667,"color":"ffffffff"}],"attachment":[{"time":0.7667,"name":null}]},"zhuqiu2":{"attachment":[{"time":0.7667,"name":null}]},"zhuqiu3":{"color":[{"time":0,"color":"ffffff00","curve":"stepped"},{"time":0.0333,"color":"ffffff00"},{"time":0.3333,"color":"ffffffff","curve":"stepped"},{"time":0.6333,"color":"ffffffff","curve":"stepped"},{"time":0.6667,"color":"ffffff00"},{"time":0.8333,"color":"ffffffff"}],"attachment":[{"time":0.7667,"name":null}]},"zhuqiu4":{"color":[{"time":0,"color":"ffffff00","curve":"stepped"},{"time":0.2,"color":"ffffff00"},{"time":0.5333,"color":"ffffffff"}],"attachment":[{"time":0.7667,"name":null}]},"zhuqiu10":{"attachment":[{"time":0.7667,"name":null}]},"zhuqiu11":{"attachment":[{"time":0.7667,"name":null}]},"zhuqiu12":{"color":[{"time":0,"color":"ffffff00","curve":"stepped"},{"time":0.3333,"color":"ffffff00"},{"time":0.6333,"color":"ffffff98"}],"attachment":[{"time":0.7667,"name":null}]},"zhuqiu13":{"attachment":[{"time":0.7667,"name":null}]},"zhuqiu14":{"attachment":[{"time":0.7667,"name":null}]},"zhuqiu15":{"attachment":[{"time":0.7667,"name":null}]},"zhuqiu16":{"color":[{"time":0,"color":"ffffff00","curve":"stepped"},{"time":0.1333,"color":"ffffff00"},{"time":0.5,"color":"ffffffff"}],"attachment":[{"time":0.7667,"name":null}]},"zhuqiu17":{"color":[{"time":0,"color":"ffffff00"},{"time":0.2667,"color":"ffffffff","curve":"stepped"},{"time":0.5,"color":"ffffffff","curve":"stepped"},{"time":0.5333,"color":"ffffff00"},{"time":0.7333,"color":"ffffffff"}],"attachment":[{"time":0.7667,"name":null}]},"zhuqiu18":{"color":[{"time":0,"color":"ffffff00","curve":"stepped"},{"time":0.1333,"color":"ffffff00"},{"time":0.4667,"color":"ffffffff"}],"attachment":[{"time":0.7667,"name":null}]},"zhuqiu19":{"attachment":[{"time":0.7667,"name":null}]},"zhuqiu20":{"color":[{"time":0,"color":"ffffff00","curve":"stepped"},{"time":0.3,"color":"ffffff00"},{"time":0.6,"color":"ffffff98"}],"attachment":[{"time":0.7667,"name":null}]},"zhuqiu21":{"color":[{"time":0,"color":"ffffff00","curve":"stepped"},{"time":0.3,"color":"ffffff00"},{"time":0.6,"color":"ffffffff"}],"attachment":[{"time":0.7667,"name":null}]},"zhuqiu22":{"color":[{"time":0,"color":"ffffff00"},{"time":0.2667,"color":"ffffffff","curve":"stepped"},{"time":0.5,"color":"ffffffff","curve":"stepped"},{"time":0.5333,"color":"ffffff00"},{"time":0.7667,"color":"ffffffff"}],"attachment":[{"time":0.7667,"name":null}]}},"bones":{"bone4":{"translate":[{"time":0.0667,"x":0,"y":0},{"time":0.1333,"x":6.34,"y":7.24},{"time":0.2333,"x":5.92,"y":10.66},{"time":0.3,"x":19.86,"y":19.34},{"time":0.3333,"x":0,"y":0},{"time":0.5,"x":5.92,"y":10.66},{"time":0.5667,"x":19.86,"y":19.34},{"time":0.6,"x":0,"y":0}]},"bone6":{"translate":[{"time":0.0667,"x":0,"y":0},{"time":0.1333,"x":0.91,"y":1.81},{"time":0.3333,"x":26.54,"y":-18.84},{"time":0.4,"x":0,"y":0}]},"bone5":{"translate":[{"time":0.0667,"x":0,"y":0},{"time":0.1333,"x":-9.05,"y":-5.43},{"time":0.3333,"x":0,"y":0},{"time":0.5,"x":-9.05,"y":-5.43},{"time":0.7,"x":0,"y":0}]},"bone3":{"translate":[{"time":0.0667,"x":0,"y":0},{"time":0.1333,"x":4.53,"y":3.62},{"time":0.1667,"x":-0.85,"y":4.6},{"time":0.2333,"x":-7.26,"y":15.28},{"time":0.3,"x":0,"y":0},{"time":0.5333,"x":-0.85,"y":4.6},{"time":0.6,"x":-7.26,"y":15.28},{"time":0.6667,"x":0,"y":0}]},"bone2":{"translate":[{"time":0.0667,"x":0,"y":0},{"time":0.1333,"x":-3.62,"y":-1.81},{"time":0.2,"x":0,"y":0,"curve":"stepped"},{"time":0.3333,"x":0,"y":0},{"time":0.4,"x":-3.62,"y":-1.81},{"time":0.4667,"x":0,"y":0}]},"zhongqiu1":{"translate":[{"time":0,"x":0,"y":0},{"time":0.2667,"x":102.9,"y":-22.9,"curve":"stepped"},{"time":0.4667,"x":102.9,"y":7.64,"curve":"stepped"},{"time":0.5,"x":0,"y":30.55},{"time":0.7333,"x":102.9,"y":7.64}]},"zhongqiu4":{"translate":[{"time":0,"x":0,"y":0,"curve":"stepped"},{"time":0.0333,"x":0,"y":0},{"time":0.2667,"x":79.58,"y":-78.76,"curve":"stepped"},{"time":0.5,"x":79.58,"y":-78.76,"curve":"stepped"},{"time":0.5333,"x":31.64,"y":21.82},{"time":0.7667,"x":79.58,"y":-78.76}]},"zhongqiu5":{"translate":[{"time":0,"x":0,"y":0,"curve":"stepped"},{"time":0.1,"x":0,"y":0},{"time":0.3333,"x":-75.56,"y":-89.58,"curve":"stepped"},{"time":0.6,"x":-75.56,"y":-89.58,"curve":"stepped"},{"time":0.6333,"x":30.55,"y":-32.73},{"time":0.8333,"x":-63.56,"y":-99.4}]},"zhongqiu9":{"translate":[{"time":0,"x":0,"y":0},{"time":0.3333,"x":-62.65,"y":-30.46,"curve":"stepped"},{"time":0.5333,"x":-62.65,"y":-30.46,"curve":"stepped"},{"time":0.5667,"x":30.55,"y":-32.73},{"time":0.8333,"x":-62.65,"y":-30.46}]},"zhongqiu7":{"translate":[{"time":0,"x":0,"y":0,"curve":"stepped"},{"time":0.1333,"x":0,"y":0},{"time":0.4667,"x":-64.06,"y":47.69}]},"zhongqiu8":{"translate":[{"time":0,"x":0,"y":0,"curve":"stepped"},{"time":0.3,"x":0,"y":0},{"time":0.6,"x":81.88,"y":57.67}]},"zhongqiu6":{"translate":[{"time":0,"x":0,"y":0,"curve":"stepped"},{"time":0.3333,"x":0,"y":0},{"time":0.6333,"x":-105.21,"y":50.02}]},"jiguang":{"scale":[{"time":0,"x":1,"y":0}]},"jiguangqiu":{"translate":[{"time":0,"x":0,"y":-11.94}],"scale":[{"time":0,"x":0,"y":0}]},"zuqiu":{"scale":[{"time":0,"x":0.3,"y":0.3,"curve":"stepped"},{"time":0.0667,"x":0.3,"y":0.3},{"time":0.2667,"x":1,"y":1},{"time":0.4,"x":1.2,"y":1.2,"curve":[0.25,0,0.625,0.5]},{"time":0.5,"x":1.5,"y":1.5,"curve":[0.25,0,0.625,0.5]},{"time":0.7,"x":1.6,"y":1.6,"curve":[0.25,0,0.625,0.5]},{"time":0.8333,"x":0,"y":0}]},"zhongqiu2":{"translate":[{"time":0,"x":0,"y":0,"curve":"stepped"},{"time":0.0333,"x":0,"y":0},{"time":0.3333,"x":107.53,"y":-62.62,"curve":"stepped"},{"time":0.6333,"x":107.53,"y":-62.62,"curve":"stepped"},{"time":0.6667,"x":-9.82,"y":-41.46},{"time":0.8333,"x":107.53,"y":-62.62}]},"zhongqiu10":{"translate":[{"time":0,"x":0,"y":0,"curve":"stepped"},{"time":0.1333,"x":0,"y":0},{"time":0.5,"x":18.67,"y":-97.96}]},"zhongqiu11":{"translate":[{"time":0,"x":0,"y":0},{"time":0.2667,"x":-49.75,"y":-110.77,"curve":"stepped"},{"time":0.5,"x":-49.75,"y":-110.77,"curve":"stepped"},{"time":0.5333,"x":-29.46,"y":22.91},{"time":0.7333,"x":-49.75,"y":-110.77}]},"zhongqiu12":{"translate":[{"time":0,"x":0,"y":0,"curve":"stepped"},{"time":0.1333,"x":0,"y":0},{"time":0.4667,"x":-105.21,"y":50.02}]},"zhongqiu13":{"translate":[{"time":0,"x":0,"y":0,"curve":"stepped"},{"time":0.3,"x":0,"y":0},{"time":0.5333,"x":-31.62,"y":74.17,"curve":"stepped"},{"time":0.6667,"x":-31.62,"y":74.17,"curve":"stepped"},{"time":0.7,"x":60.01,"y":42.55},{"time":0.8333,"x":-31.62,"y":74.17}]},"zhongqiu14":{"translate":[{"time":0,"x":0,"y":0,"curve":"stepped"},{"time":0.3,"x":0,"y":0},{"time":0.6,"x":6.41,"y":100.04}]},"zhongqiu15":{"translate":[{"time":0,"x":0,"y":0,"curve":"stepped"},{"time":0.3,"x":0,"y":0},{"time":0.6,"x":-100.67,"y":-26.74}]},"zhongqiu3":{"translate":[{"time":0,"x":0,"y":0,"curve":"stepped"},{"time":0.2,"x":0,"y":0},{"time":0.5333,"x":123.42,"y":18.8}]},"zhongqiu16":{"translate":[{"time":0,"x":0,"y":0},{"time":0.2667,"x":-77.64,"y":-142.31,"curve":"stepped"},{"time":0.5,"x":-77.64,"y":-142.31,"curve":"stepped"},{"time":0.5333,"x":0,"y":0},{"time":0.7667,"x":-77.64,"y":-142.31}]}}},"xuneng_bak":{"slots":{"guang1":{"attachment":[{"time":0,"name":null},{"time":1,"name":"guang1"}]},"guang2":{"attachment":[{"time":0,"name":null},{"time":1.0667,"name":"guang2"}]},"guang3":{"attachment":[{"time":0,"name":null},{"time":1.1,"name":"guang3"}]},"guang4":{"attachment":[{"time":0,"name":null},{"time":1.1667,"name":"guang4"}]},"guang5":{"attachment":[{"time":0,"name":null}]},"guang6":{"attachment":[{"time":0,"name":null}]},"guang7":{"attachment":[{"time":0,"name":null}]},"guang8":{"attachment":[{"time":0,"name":null}]},"jiguang":{"attachment":[{"time":0,"name":null},{"time":0.9667,"name":"jiguang"}]},"jiguangglow":{"attachment":[{"time":0,"name":null},{"time":0.9667,"name":"jiguangglow"}]},"jiguangqiu":{"attachment":[{"time":0,"name":null},{"time":0.8667,"name":"jiguangqiu"}]},"jiguangqiuglow":{"attachment":[{"time":0,"name":null},{"time":0.3333,"name":"jiguangqiuglow"}]},"mask":{"attachment":[{"time":0,"name":null}]},"zhongdian2":{"color":[{"time":0,"color":"ffffff00","curve":"stepped"},{"time":0.0333,"color":"ffffff00"},{"time":0.1333,"color":"ffffffff","curve":"stepped"},{"time":0.2667,"color":"ffffffff","curve":"stepped"},{"time":0.3,"color":"ffffff00"},{"time":0.4,"color":"ffffffff","curve":"stepped"},{"time":0.4667,"color":"ffffffff","curve":"stepped"},{"time":0.5,"color":"ffffff00"},{"time":0.6,"color":"ffffffff"}]},"zhongdian5":{"color":[{"time":0,"color":"ffffff00","curve":"stepped"},{"time":0.2333,"color":"ffffff00"},{"time":0.3333,"color":"ffffffff","curve":"stepped"},{"time":0.4,"color":"ffffffff","curve":"stepped"},{"time":0.4333,"color":"ffffff00"},{"time":0.5333,"color":"ffffffff"}]},"zhongdian9":{"color":[{"time":0,"color":"ffffff00","curve":"stepped"},{"time":0.1,"color":"ffffff00"},{"time":0.2,"color":"ffffffff","curve":"stepped"},{"time":0.2667,"color":"ffffffff","curve":"stepped"},{"time":0.3,"color":"ffffff00"},{"time":0.4,"color":"ffffffff","curve":"stepped"},{"time":0.4667,"color":"ffffffff","curve":"stepped"},{"time":0.5,"color":"ffffff00"},{"time":0.6,"color":"ffffffff"}]},"zhongdian10":{"color":[{"time":0,"color":"ffffff00"},{"time":0.0667,"color":"ffffffff","curve":"stepped"},{"time":0.2667,"color":"ffffffff","curve":"stepped"},{"time":0.3,"color":"ffffff00"},{"time":0.3667,"color":"ffffffff","curve":"stepped"},{"time":0.4667,"color":"ffffffff","curve":"stepped"},{"time":0.5,"color":"ffffff00"},{"time":0.5667,"color":"ffffffff"}]},"zhongdian11":{"color":[{"time":0,"color":"ffffff00","curve":"stepped"},{"time":0.1,"color":"ffffff00"},{"time":0.2,"color":"ffffffff","curve":"stepped"},{"time":0.3,"color":"ffffffff","curve":"stepped"},{"time":0.3333,"color":"ffffff00"},{"time":0.4333,"color":"ffffffff"}]},"zhongdian13":{"color":[{"time":0,"color":"ffffff00","curve":"stepped"},{"time":0.2,"color":"ffffff00"},{"time":0.3,"color":"ffffffff","curve":"stepped"},{"time":0.3667,"color":"ffffffff","curve":"stepped"},{"time":0.4,"color":"ffffff00"},{"time":0.5,"color":"ffffffff"}]},"zhongdian14":{"color":[{"time":0,"color":"ffffff00","curve":"stepped"},{"time":0.2,"color":"ffffff00"},{"time":0.3,"color":"ffffffff","curve":"stepped"},{"time":0.3333,"color":"ffffffff","curve":"stepped"},{"time":0.3667,"color":"ffffff00"},{"time":0.4667,"color":"ffffffff","curve":"stepped"},{"time":0.6,"color":"ffffffff","curve":"stepped"},{"time":0.6333,"color":"ffffff00"},{"time":0.7,"color":"ffffffff"}]},"zhongdian15":{"color":[{"time":0,"color":"ffffff00","curve":"stepped"},{"time":0.1333,"color":"ffffff00"},{"time":0.2333,"color":"ffffffff","curve":"stepped"},{"time":0.3333,"color":"ffffffff","curve":"stepped"},{"time":0.3667,"color":"ffffff00"},{"time":0.4667,"color":"ffffffff"}]},"zhongdian16":{"color":[{"time":0,"color":"ffffff00"},{"time":0.0667,"color":"ffffffff","curve":"stepped"},{"time":0.2333,"color":"ffffffff","curve":"stepped"},{"time":0.2667,"color":"ffffff00"},{"time":0.3333,"color":"ffffffff","curve":"stepped"},{"time":0.4333,"color":"ffffffff","curve":"stepped"},{"time":0.4667,"color":"ffffff00"},{"time":0.5333,"color":"ffffffff"}]},"zhuqiu3":{"color":[{"time":0,"color":"ffffff00","curve":"stepped"},{"time":0.0333,"color":"ffffff00"},{"time":0.1333,"color":"ffffffff","curve":"stepped"},{"time":0.2667,"color":"ffffffff","curve":"stepped"},{"time":0.3,"color":"ffffff00"},{"time":0.4,"color":"ffffffff","curve":"stepped"},{"time":0.4667,"color":"ffffffff","curve":"stepped"},{"time":0.5,"color":"ffffff00"},{"time":0.6,"color":"ffffffff"}]},"zhuqiu4":{"color":[{"time":0,"color":"ffffff00","curve":"stepped"},{"time":0.1333,"color":"ffffff00"},{"time":0.2333,"color":"ffffffff","curve":"stepped"},{"time":0.3333,"color":"ffffffff","curve":"stepped"},{"time":0.3667,"color":"ffffff00"},{"time":0.4667,"color":"ffffffff"}]},"zhuqiu12":{"color":[{"time":0,"color":"ffffff00","curve":"stepped"},{"time":0.2333,"color":"ffffff00"},{"time":0.3333,"color":"ffffff98","curve":"stepped"},{"time":0.4,"color":"ffffff98","curve":"stepped"},{"time":0.4333,"color":"ffffff00"},{"time":0.5333,"color":"ffffff98"}]},"zhuqiu16":{"color":[{"time":0,"color":"ffffff00","curve":"stepped"},{"time":0.1,"color":"ffffff00"},{"time":0.2,"color":"ffffffff","curve":"stepped"},{"time":0.2667,"color":"ffffffff","curve":"stepped"},{"time":0.3,"color":"ffffff00"},{"time":0.4,"color":"ffffffff","curve":"stepped"},{"time":0.4667,"color":"ffffffff","curve":"stepped"},{"time":0.5,"color":"ffffff00"},{"time":0.6,"color":"ffffffff"}]},"zhuqiu17":{"color":[{"time":0,"color":"ffffff00"},{"time":0.0667,"color":"ffffffff","curve":"stepped"},{"time":0.2667,"color":"ffffffff","curve":"stepped"},{"time":0.3,"color":"ffffff00"},{"time":0.3667,"color":"ffffffff","curve":"stepped"},{"time":0.4667,"color":"ffffffff","curve":"stepped"},{"time":0.5,"color":"ffffff00"},{"time":0.5667,"color":"ffffffff"}]},"zhuqiu18":{"color":[{"time":0,"color":"ffffff00","curve":"stepped"},{"time":0.1,"color":"ffffff00"},{"time":0.2,"color":"ffffffff","curve":"stepped"},{"time":0.3,"color":"ffffffff","curve":"stepped"},{"time":0.3333,"color":"ffffff00"},{"time":0.4333,"color":"ffffffff"}]},"zhuqiu20":{"color":[{"time":0,"color":"ffffff00","curve":"stepped"},{"time":0.2,"color":"ffffff00"},{"time":0.3,"color":"ffffff98","curve":"stepped"},{"time":0.3667,"color":"ffffff98","curve":"stepped"},{"time":0.4,"color":"ffffff00"},{"time":0.5,"color":"ffffff98"}]},"zhuqiu21":{"color":[{"time":0,"color":"ffffff00","curve":"stepped"},{"time":0.2,"color":"ffffff00"},{"time":0.3,"color":"ffffffff","curve":"stepped"},{"time":0.3333,"color":"ffffffff","curve":"stepped"},{"time":0.3667,"color":"ffffff00"},{"time":0.4667,"color":"ffffffff","curve":"stepped"},{"time":0.6,"color":"ffffffff","curve":"stepped"},{"time":0.6333,"color":"ffffff00"},{"time":0.7,"color":"ffffffff"}]},"zhuqiu22":{"color":[{"time":0,"color":"ffffff00"},{"time":0.0667,"color":"ffffffff","curve":"stepped"},{"time":0.2333,"color":"ffffffff","curve":"stepped"},{"time":0.2667,"color":"ffffff00"},{"time":0.3333,"color":"ffffffff","curve":"stepped"},{"time":0.4333,"color":"ffffffff","curve":"stepped"},{"time":0.4667,"color":"ffffff00"},{"time":0.5333,"color":"ffffffff"}]}},"bones":{"bone4":{"translate":[{"time":0.0667,"x":0,"y":0},{"time":0.1333,"x":6.34,"y":7.24},{"time":0.2333,"x":5.92,"y":10.66},{"time":0.3,"x":19.86,"y":19.34},{"time":0.3333,"x":0,"y":0}]},"bone6":{"translate":[{"time":0.0667,"x":0,"y":0},{"time":0.1333,"x":0.91,"y":1.81},{"time":0.3333,"x":26.54,"y":-18.84},{"time":0.4,"x":0,"y":0}]},"bone5":{"translate":[{"time":0.0667,"x":0,"y":0},{"time":0.1333,"x":-9.05,"y":-5.43},{"time":0.3333,"x":0,"y":0}]},"bone3":{"translate":[{"time":0.0667,"x":0,"y":0},{"time":0.1333,"x":4.53,"y":3.62},{"time":0.1667,"x":-0.85,"y":4.6},{"time":0.2333,"x":-7.26,"y":15.28},{"time":0.3,"x":0,"y":0}]},"bone2":{"translate":[{"time":0.0667,"x":0,"y":0},{"time":0.1333,"x":-3.62,"y":-1.81},{"time":0.2,"x":0,"y":0}]},"zhongqiu1":{"translate":[{"time":0,"x":0,"y":0},{"time":0.0667,"x":102.9,"y":-22.9,"curve":"stepped"},{"time":0.2333,"x":102.9,"y":-22.9,"curve":"stepped"},{"time":0.2667,"x":0,"y":0},{"time":0.3333,"x":102.9,"y":-22.9,"curve":"stepped"},{"time":0.4,"x":102.9,"y":-22.9,"curve":"stepped"},{"time":0.4333,"x":0,"y":0},{"time":0.5,"x":102.9,"y":-22.9}]},"zhongqiu4":{"translate":[{"time":0,"x":0,"y":0,"curve":"stepped"},{"time":0.0333,"x":0,"y":0},{"time":0.1,"x":79.58,"y":-78.76,"curve":"stepped"},{"time":0.2667,"x":79.58,"y":-78.76,"curve":"stepped"},{"time":0.3,"x":0,"y":0},{"time":0.3667,"x":79.58,"y":-78.76,"curve":"stepped"},{"time":0.4,"x":79.58,"y":-78.76,"curve":"stepped"},{"time":0.4333,"x":0,"y":0},{"time":0.5,"x":79.58,"y":-78.76}]},"zhongqiu5":{"translate":[{"time":0,"x":0,"y":0,"curve":"stepped"},{"time":0.0667,"x":0,"y":0},{"time":0.1333,"x":-75.56,"y":-89.58,"curve":"stepped"},{"time":0.2667,"x":-75.56,"y":-89.58,"curve":"stepped"},{"time":0.3,"x":0,"y":0},{"time":0.3667,"x":-75.56,"y":-89.58,"curve":"stepped"},{"time":0.4333,"x":-75.56,"y":-89.58,"curve":"stepped"},{"time":0.4667,"x":0,"y":0},{"time":0.5333,"x":-75.56,"y":-89.58}]},"zhongqiu9":{"translate":[{"time":0,"x":0,"y":0},{"time":0.0667,"x":-62.65,"y":-30.46,"curve":"stepped"},{"time":0.1333,"x":-62.65,"y":-30.46,"curve":"stepped"},{"time":0.1667,"x":0,"y":0},{"time":0.2333,"x":-62.65,"y":-30.46,"curve":"stepped"},{"time":0.2667,"x":-62.65,"y":-30.46,"curve":"stepped"},{"time":0.3,"x":0,"y":0},{"time":0.3667,"x":-62.65,"y":-30.46}]},"zhongqiu7":{"translate":[{"time":0,"x":0,"y":0,"curve":"stepped"},{"time":0.1,"x":0,"y":0},{"time":0.2,"x":-64.06,"y":47.69,"curve":"stepped"},{"time":0.2667,"x":-64.06,"y":47.69,"curve":"stepped"},{"time":0.3,"x":0,"y":0},{"time":0.4,"x":-64.06,"y":47.69,"curve":"stepped"},{"time":0.4667,"x":-64.06,"y":47.69,"curve":"stepped"},{"time":0.5,"x":0,"y":0},{"time":0.6,"x":-64.06,"y":47.69}]},"zhongqiu8":{"translate":[{"time":0,"x":0,"y":0,"curve":"stepped"},{"time":0.2,"x":0,"y":0},{"time":0.2667,"x":81.88,"y":57.67,"curve":"stepped"},{"time":0.3333,"x":81.88,"y":57.67,"curve":"stepped"},{"time":0.3667,"x":0,"y":0},{"time":0.4333,"x":81.88,"y":57.67}]},"zhongqiu6":{"translate":[{"time":0,"x":0,"y":0,"curve":"stepped"},{"time":0.2333,"x":0,"y":0},{"time":0.3333,"x":-105.21,"y":50.02,"curve":"stepped"},{"time":0.4,"x":-105.21,"y":50.02,"curve":"stepped"},{"time":0.4333,"x":0,"y":0},{"time":0.5333,"x":-105.21,"y":50.02}]},"jiguang":{"scale":[{"time":0,"x":1,"y":0,"curve":"stepped"},{"time":0.9333,"x":1,"y":0,"curve":[0.25,0,0.75,1]},{"time":1.1333,"x":1,"y":1}]},"jiguangqiu":{"translate":[{"time":0,"x":0,"y":-11.94,"curve":"stepped"},{"time":0.8667,"x":0,"y":-11.94}],"scale":[{"time":0,"x":0,"y":0,"curve":"stepped"},{"time":0.8667,"x":0,"y":0},{"time":0.9667,"x":1,"y":1}]},"zuqiu":{"scale":[{"time":0,"x":0.3,"y":0.3,"curve":"stepped"},{"time":0.0667,"x":0.3,"y":0.3},{"time":0.2667,"x":1,"y":1},{"time":0.4,"x":1.2,"y":1.2,"curve":[0.25,0,0.625,0.5]},{"time":0.5,"x":1.5,"y":1.5,"curve":[0.25,0,0.625,0.5]},{"time":0.7,"x":1.6,"y":1.6,"curve":[0.25,0,0.625,0.5]},{"time":0.8333,"x":0,"y":0}]},"zhongqiu2":{"translate":[{"time":0,"x":0,"y":0,"curve":"stepped"},{"time":0.0333,"x":0,"y":0},{"time":0.1333,"x":107.53,"y":-62.62,"curve":"stepped"},{"time":0.2667,"x":107.53,"y":-62.62,"curve":"stepped"},{"time":0.3,"x":0,"y":0},{"time":0.4,"x":107.53,"y":-62.62,"curve":"stepped"},{"time":0.4667,"x":107.53,"y":-62.62,"curve":"stepped"},{"time":0.5,"x":0,"y":0},{"time":0.6,"x":107.53,"y":-62.62}]},"zhongqiu10":{"translate":[{"time":0,"x":0,"y":0,"curve":"stepped"},{"time":0.1,"x":0,"y":0},{"time":0.2,"x":18.67,"y":-97.96,"curve":"stepped"},{"time":0.2667,"x":18.67,"y":-97.96,"curve":"stepped"},{"time":0.3,"x":0,"y":0},{"time":0.4,"x":18.67,"y":-97.96,"curve":"stepped"},{"time":0.4667,"x":18.67,"y":-97.96,"curve":"stepped"},{"time":0.5,"x":0,"y":0},{"time":0.6,"x":18.67,"y":-97.96}]},"zhongqiu11":{"translate":[{"time":0,"x":0,"y":0},{"time":0.0667,"x":-49.75,"y":-110.77,"curve":"stepped"},{"time":0.2667,"x":-49.75,"y":-110.77,"curve":"stepped"},{"time":0.3,"x":0,"y":0},{"time":0.3667,"x":-49.75,"y":-110.77,"curve":"stepped"},{"time":0.4667,"x":-49.75,"y":-110.77,"curve":"stepped"},{"time":0.5,"x":0,"y":0},{"time":0.5667,"x":-49.75,"y":-110.77}]},"zhongqiu12":{"translate":[{"time":0,"x":0,"y":0,"curve":"stepped"},{"time":0.1,"x":0,"y":0},{"time":0.2,"x":-105.21,"y":50.02,"curve":"stepped"},{"time":0.3,"x":-105.21,"y":50.02,"curve":"stepped"},{"time":0.3333,"x":0,"y":0},{"time":0.4333,"x":-105.21,"y":50.02}]},"zhongqiu13":{"translate":[{"time":0,"x":0,"y":0,"curve":"stepped"},{"time":0.2,"x":0,"y":0},{"time":0.3,"x":-31.62,"y":74.17,"curve":"stepped"},{"time":0.4,"x":-31.62,"y":74.17,"curve":"stepped"},{"time":0.4333,"x":0,"y":0},{"time":0.5333,"x":-31.62,"y":74.17}]},"zhongqiu14":{"translate":[{"time":0,"x":0,"y":0,"curve":"stepped"},{"time":0.2,"x":0,"y":0},{"time":0.3,"x":6.41,"y":100.04,"curve":"stepped"},{"time":0.3667,"x":6.41,"y":100.04,"curve":"stepped"},{"time":0.4,"x":0,"y":0},{"time":0.5,"x":6.41,"y":100.04}]},"zhongqiu15":{"translate":[{"time":0,"x":0,"y":0,"curve":"stepped"},{"time":0.2,"x":0,"y":0},{"time":0.3,"x":-75.89,"y":-12.58,"curve":"stepped"},{"time":0.3333,"x":-75.89,"y":-12.58,"curve":"stepped"},{"time":0.3667,"x":0,"y":0},{"time":0.4667,"x":-92.87,"y":-21.07,"curve":"stepped"},{"time":0.6,"x":-92.87,"y":-21.07,"curve":"stepped"},{"time":0.6333,"x":0,"y":0},{"time":0.7,"x":-88.02,"y":-19.86}]},"zhongqiu3":{"translate":[{"time":0,"x":0,"y":0,"curve":"stepped"},{"time":0.1333,"x":0,"y":0},{"time":0.2333,"x":123.42,"y":18.8,"curve":"stepped"},{"time":0.3333,"x":123.42,"y":18.8,"curve":"stepped"},{"time":0.3667,"x":0,"y":0},{"time":0.4667,"x":123.42,"y":18.8}]},"zhongqiu16":{"translate":[{"time":0,"x":0,"y":0},{"time":0.0667,"x":-77.64,"y":-142.31,"curve":"stepped"},{"time":0.2333,"x":-77.64,"y":-142.31,"curve":"stepped"},{"time":0.2667,"x":0,"y":0},{"time":0.3333,"x":-77.64,"y":-142.31,"curve":"stepped"},{"time":0.4333,"x":-77.64,"y":-142.31,"curve":"stepped"},{"time":0.4667,"x":0,"y":0},{"time":0.5333,"x":-77.64,"y":-142.31}]}}}}},[0]]],0,0,[0],[-1],[0]],[[[1,"bullet6"],[2,"bullet6",2,[[3,-2],[4,"jiguang",1,1,"jiguang",true,-3,0],[5,9,-4,[0,0,400],[5,30,850]]],[6,"8fwsGzSlpMi6GQ6950cJZH",-1],[5,151.9,1705.86]]],0,[0,1,1,0,0,1,0,0,1,0,0,1,0,2,1,4],[0],[3],[1]]]]