[1,["f6f19p4YNB4rmN5BuEFw/1","265bVUzRBFkpP/Ak3CGcpB"],["node","root","data","_N$skeletonData"],[["cc.Prefab",["_name"],2],["cc.Node",["_name","_groupIndex","_components","_prefab","_contentSize","_trs"],1,9,4,5,7],["cc.BoxCollider",["tag","node","_offset","_size"],2,1,5,5],["sp.Skeleton",["defaultAnimation","_preCacheMode","_cacheMode","_animationName","_N$enableBatch","node","_N$skeletonData"],-2,1,6],["aabefjCqDVKqrglQB8l3ylo",["node"],3,1],["cc.PrefabInfo",["fileId","root"],2,1],["sp.SkeletonData",["_name","_atlasText","textureNames","_skeletonJson","textures"],-1,3]],[[0,0,2],[1,0,1,2,3,4,5,3],[2,0,1,2,3,2],[3,0,1,2,3,4,5,6,6],[4,0,1],[5,0,1,2],[6,0,1,2,3,4,5]],[[[[0,"bullet7"],[1,"bullet7",2,[[2,4,-2,[0,0,96],[5,24,185]],[3,"gunGauss2",1,1,"gunGauss2",true,-3,0],[4,-4]],[5,"d8eApu9uNAj4SlbXyoHHR1",-1],[5,20.6,205.97],[209,149,0,0,0,0,1,2,2,1]]],0,[0,1,1,0,0,1,0,0,1,0,0,1,0,2,1,4],[0],[3],[0]],[[[6,"biubiu_007","\r\nbiubiu_007.png\r\nsize: 512,128\r\nformat: RGBA8888\r\nfilter: Linear,Linear\r\nrepeat: none\r\ncicles\r\n  rotate: false\r\n  xy: 2, 2\r\n  size: 58, 13\r\n  orig: 58, 13\r\n  offset: 0, 0\r\n  index: -1\r\ndiguang\r\n  rotate: true\r\n  xy: 2, 17\r\n  size: 34, 307\r\n  orig: 34, 307\r\n  offset: 0, 0\r\n  index: -1\r\ndiguang2\r\n  rotate: true\r\n  xy: 347, 36\r\n  size: 41, 153\r\n  orig: 41, 153\r\n  offset: 0, 0\r\n  index: -1\r\nguang\r\n  rotate: true\r\n  xy: 2, 53\r\n  size: 24, 343\r\n  orig: 24, 343\r\n  offset: 0, 0\r\n  index: -1\r\ntiao\r\n  rotate: true\r\n  xy: 2, 79\r\n  size: 26, 395\r\n  orig: 26, 395\r\n  offset: 0, 0\r\n  index: -1\r\n",["biubiu_007.png"],{"skeleton":{"hash":"dmQHf0ibesljbpHTEqhvKjdxTdo","spine":"3.7.80-beta","width":20.6,"height":205.97,"images":"./images/","audio":""},"bones":[{"name":"root","scaleX":0.4,"scaleY":0.4},{"name":"bone","parent":"root","y":304.86},{"name":"cicles","parent":"bone","y":166.2,"scaleX":0.1,"scaleY":0.1},{"name":"cicles2","parent":"bone","y":166.2,"scaleX":0.1,"scaleY":0.1},{"name":"cicles3","parent":"bone","y":166.2,"scaleX":0.1,"scaleY":0.1},{"name":"cicles4","parent":"bone","y":166.2,"scaleX":0.1,"scaleY":0.1},{"name":"cicles5","parent":"bone","y":166.2,"scaleX":0.1,"scaleY":0.1},{"name":"cicles6","parent":"bone","y":166.2,"scaleX":0.1,"scaleY":0.1},{"name":"guang1111","parent":"bone","y":50.61,"scaleX":0.5,"scaleY":0.5},{"name":"diguang","parent":"guang1111","y":134.62},{"name":"diguang2","parent":"guang1111","y":135.88},{"name":"guang","parent":"guang1111","y":133.35},{"name":"tiao","parent":"guang1111","y":128.3}],"slots":[{"name":"cicles","bone":"cicles","attachment":"cicles"},{"name":"cicles3","bone":"cicles3","attachment":"cicles"},{"name":"cicles4","bone":"cicles4","attachment":"cicles"},{"name":"cicles5","bone":"cicles5","attachment":"cicles"},{"name":"cicles6","bone":"cicles6","attachment":"cicles"},{"name":"cicles2","bone":"cicles2","attachment":"cicles"},{"name":"diguang2","bone":"diguang2","attachment":"diguang2"},{"name":"tiao","bone":"tiao","attachment":"tiao"},{"name":"diguang","bone":"diguang","attachment":"diguang"},{"name":"guang","bone":"guang","attachment":"guang","blend":"additive"}],"skins":{"default":{"cicles":{"cicles":{"x":-0.75,"width":144,"height":33}},"cicles2":{"cicles":{"x":-0.75,"width":144,"height":33}},"cicles3":{"cicles":{"x":-0.75,"width":144,"height":33}},"cicles4":{"cicles":{"x":-0.75,"width":144,"height":33}},"cicles5":{"cicles":{"x":-0.75,"width":144,"height":33}},"cicles6":{"cicles":{"x":-0.75,"width":144,"height":33}},"diguang":{"diguang":{"x":0.25,"y":-276.81,"width":85,"height":768}},"diguang2":{"diguang2":{"x":0.25,"y":-58.96,"width":103,"height":383}},"guang":{"guang":{"x":0.25,"y":-302.03,"width":61,"height":858}},"tiao":{"tiao":{"x":0.25,"y":-395.75,"width":64,"height":988}}}},"animations":{"gunGauss":{"slots":{"cicles":{"color":[{"time":0,"color":"ffffffff"},{"time":1,"color":"ffffff00"}]},"cicles2":{"color":[{"time":0,"color":"ffffffd4"},{"time":0.8333,"color":"ffffff00","curve":"stepped"},{"time":0.8667,"color":"ffffffff"},{"time":1,"color":"ffffffdd"}]},"cicles3":{"color":[{"time":0,"color":"ffffffaa"},{"time":0.6667,"color":"ffffff00","curve":"stepped"},{"time":0.7,"color":"ffffffff"},{"time":1,"color":"ffffffb2"}]},"cicles4":{"color":[{"time":0,"color":"ffffff80"},{"time":0.5,"color":"ffffff00"},{"time":0.5333,"color":"ffffffff"},{"time":1,"color":"ffffff88"}]},"cicles5":{"color":[{"time":0,"color":"ffffff54"},{"time":0.3333,"color":"ffffff00","curve":"stepped"},{"time":0.3667,"color":"ffffffff","curve":[0.244,0,0.643,0.58]},{"time":1,"color":"ffffff52"}]},"cicles6":{"color":[{"time":0,"color":"ffffff2a"},{"time":0.1667,"color":"ffffff00","curve":"stepped"},{"time":0.2,"color":"ffffffff"},{"time":1,"color":"ffffff33"}],"attachment":[{"time":0,"name":null}]},"guang":{"color":[{"time":0,"color":"ffffffff"},{"time":0.1667,"color":"ffffffe8"},{"time":0.3333,"color":"ffffffff"},{"time":0.5,"color":"ffffffe8"},{"time":0.6667,"color":"ffffffff"},{"time":0.8333,"color":"ffffffe8"},{"time":1,"color":"ffffffff"}]}},"bones":{"cicles":{"translate":[{"time":0,"x":0,"y":-18.25,"curve":[0.25,0,0.75,1]},{"time":1,"x":0,"y":-379.14}],"scale":[{"time":0,"x":4,"y":4,"curve":[0.25,0,0.75,1]},{"time":1,"x":10,"y":10}]},"cicles2":{"translate":[{"time":0,"x":0,"y":-53.1},{"time":0.8333,"x":0,"y":-379.1},{"time":0.8667,"x":0,"y":-18.25,"curve":[0.297,0,0.634,0.37]},{"time":1,"x":0,"y":-43.33}],"scale":[{"time":0,"x":4.6,"y":4.6,"curve":[0.379,0.53,0.746,1]},{"time":0.8333,"x":10,"y":10,"curve":"stepped"},{"time":0.8667,"x":4,"y":4,"curve":[0.297,0,0.634,0.37]},{"time":1,"x":4.417,"y":4.417}]},"cicles3":{"translate":[{"time":0,"x":0,"y":-117.95,"curve":[0.25,0,0.75,1]},{"time":0.6667,"x":0,"y":-379.1},{"time":0.7,"x":0,"y":-18.25,"curve":[0.269,0,0.618,0.42]},{"time":1,"x":0,"y":-105.66}],"scale":[{"time":0,"x":5.7,"y":5.7,"curve":[0.351,0.4,0.757,1]},{"time":0.6667,"x":10,"y":10,"curve":"stepped"},{"time":0.7,"x":4,"y":4,"curve":[0.269,0,0.618,0.42]},{"time":1,"x":5.453,"y":5.453}]},"cicles4":{"translate":[{"time":0,"x":0,"y":-198.7,"curve":[0.25,0,0.75,1]},{"time":0.5,"x":0,"y":-379.14},{"time":0.5333,"x":0,"y":-18.25,"curve":[0.252,0,0.622,0.48]},{"time":1,"x":0,"y":-182.8}],"scale":[{"time":0,"x":7,"y":7,"curve":[0.25,0,0.75,1]},{"time":0.5,"x":10,"y":10},{"time":0.5333,"x":4,"y":4,"curve":[0.252,0,0.622,0.48]},{"time":1,"x":6.736,"y":6.736}]},"cicles5":{"translate":[{"time":0,"x":0,"y":-276.7,"curve":[0.25,0,0.75,1]},{"time":0.3333,"x":0,"y":-379.14,"curve":"stepped"},{"time":0.3667,"x":0,"y":-18.25,"curve":[0.244,0,0.643,0.58]},{"time":1,"x":0,"y":-261.71}],"scale":[{"time":0,"x":8.3,"y":8.3,"curve":[0.25,0,0.75,1]},{"time":0.3333,"x":10,"y":10,"curve":"stepped"},{"time":0.3667,"x":4,"y":4,"curve":[0.244,0,0.643,0.58]},{"time":1,"x":8.048,"y":8.048}]},"cicles6":{"translate":[{"time":0,"x":0,"y":-344.3,"curve":[0.25,0,0.75,1]},{"time":0.1667,"x":0,"y":-379.14,"curve":"stepped"},{"time":0.2,"x":0,"y":-18.25,"curve":[0.243,0,0.68,0.71]},{"time":1,"x":0,"y":-332.19}],"scale":[{"time":0,"x":9.4,"y":9.4,"curve":[0.25,0,0.75,1]},{"time":0.1667,"x":10,"y":10,"curve":"stepped"},{"time":0.2,"x":4,"y":4,"curve":[0.243,0,0.68,0.71]},{"time":1,"x":9.219,"y":9.219}]},"diguang":{"scale":[{"time":0,"x":1,"y":1,"curve":[0.25,0,0.75,1]},{"time":0.1667,"x":1.2,"y":1,"curve":[0.25,0,0.75,1]},{"time":0.3333,"x":1,"y":1},{"time":0.5,"x":1.2,"y":1,"curve":[0.25,0,0.75,1]},{"time":0.6667,"x":1,"y":1},{"time":0.8333,"x":1.2,"y":1,"curve":[0.25,0,0.75,1]},{"time":1,"x":1,"y":1}]},"tiao":{"scale":[{"time":0,"x":1,"y":1,"curve":[0.25,0,0.75,1]},{"time":0.1667,"x":0.95,"y":1.1,"curve":[0.25,0,0.75,1]},{"time":0.3333,"x":1,"y":1},{"time":0.5,"x":0.95,"y":1.1,"curve":[0.25,0,0.75,1]},{"time":0.6667,"x":1,"y":1},{"time":0.8333,"x":0.95,"y":1.1,"curve":[0.25,0,0.75,1]},{"time":1,"x":1,"y":1}]},"guang":{"scale":[{"time":0,"x":1,"y":1,"curve":[0.25,0,0.75,1]},{"time":0.0667,"x":1.3,"y":1,"curve":[0.25,0,0.75,1]},{"time":0.1333,"x":1,"y":1},{"time":0.2333,"x":1.3,"y":1,"curve":[0.25,0,0.75,1]},{"time":0.3,"x":1,"y":1},{"time":0.3667,"x":1.3,"y":1,"curve":[0.25,0,0.75,1]},{"time":0.4333,"x":1,"y":1},{"time":0.5333,"x":1.3,"y":1,"curve":[0.25,0,0.75,1]},{"time":0.6,"x":1,"y":1},{"time":0.6667,"x":1.3,"y":1,"curve":[0.25,0,0.75,1]},{"time":0.7333,"x":1,"y":1},{"time":0.8,"x":1.3,"y":1,"curve":[0.25,0,0.75,1]},{"time":0.8667,"x":1,"y":1},{"time":0.9333,"x":1.3,"y":1,"curve":[0.25,0,0.75,1]},{"time":1,"x":1,"y":1}]},"diguang2":{"scale":[{"time":0,"x":1,"y":1,"curve":[0.25,0,0.75,1]},{"time":0.5,"x":1.2,"y":1,"curve":[0.25,0,0.75,1]},{"time":1,"x":1,"y":1}]}}},"gunGauss2":{"slots":{"cicles":{"color":[{"time":0,"color":"ffffffff"},{"time":0.2,"color":"ffffffcc"},{"time":0.4,"color":"ffffff99"},{"time":0.6,"color":"ffffff65"},{"time":0.8,"color":"ffffff32"},{"time":1,"color":"ffffff00","curve":"stepped"},{"time":1.0333,"color":"ffffffff"}]},"cicles2":{"color":[{"time":0,"color":"ffffffcc"},{"time":0.2,"color":"ffffff99"},{"time":0.4,"color":"ffffff65"},{"time":0.6,"color":"ffffff32"},{"time":0.8,"color":"ffffff00","curve":"stepped"},{"time":0.8333,"color":"ffffffff"},{"time":1.0333,"color":"ffffffcc"}]},"cicles3":{"color":[{"time":0,"color":"ffffff99"},{"time":0.2,"color":"ffffff65"},{"time":0.4,"color":"ffffff32"},{"time":0.6,"color":"ffffff00","curve":"stepped"},{"time":0.6333,"color":"ffffffff"},{"time":0.8333,"color":"ffffffcc"},{"time":1.0333,"color":"ffffff99"}]},"cicles4":{"color":[{"time":0,"color":"ffffff65"},{"time":0.2,"color":"ffffff32"},{"time":0.4,"color":"ffffff00","curve":"stepped"},{"time":0.4333,"color":"ffffffff"},{"time":0.6333,"color":"ffffffcc"},{"time":0.8333,"color":"ffffff99"},{"time":1.0333,"color":"ffffff65"}]},"cicles5":{"color":[{"time":0,"color":"ffffff32"},{"time":0.2,"color":"ffffff00","curve":"stepped"},{"time":0.2333,"color":"ffffffff"},{"time":0.4333,"color":"ffffffcc"},{"time":0.6,"color":"ffffff99"},{"time":0.8333,"color":"ffffff65"},{"time":1.0333,"color":"ffffff32"}]},"cicles6":{"color":[{"time":0,"color":"ffffff2a"},{"time":0.1667,"color":"ffffff00","curve":"stepped"},{"time":0.2,"color":"ffffffff"},{"time":1,"color":"ffffff33"}],"attachment":[{"time":0,"name":null}]},"guang":{"color":[{"time":0,"color":"ffffffff"},{"time":0.1667,"color":"ffffffe8"},{"time":0.3333,"color":"ffffffff"},{"time":0.5,"color":"ffffffe8"},{"time":0.6667,"color":"ffffffff"},{"time":0.8333,"color":"ffffffe8"},{"time":1,"color":"ffffffff"}]}},"bones":{"cicles":{"translate":[{"time":0,"x":0,"y":-18.25},{"time":0.2,"x":0,"y":-65.2},{"time":0.4,"x":0,"y":-149.6},{"time":0.6,"x":0,"y":-249.2},{"time":0.8,"x":0,"y":-326.22},{"time":1,"x":0,"y":-379.14,"curve":"stepped"},{"time":1.0333,"x":0,"y":-18.25}],"scale":[{"time":0,"x":4,"y":4},{"time":0.2,"x":4.781,"y":4.781},{"time":0.4,"x":6.184,"y":6.184},{"time":0.6,"x":7.773,"y":7.773},{"time":0.8,"x":9.226,"y":9.226},{"time":1,"x":10,"y":10,"curve":"stepped"},{"time":1.0333,"x":4,"y":4}]},"cicles6":{"translate":[{"time":0,"x":0,"y":-344.3,"curve":[0.25,0,0.75,1]},{"time":0.1667,"x":0,"y":-379.14,"curve":"stepped"},{"time":0.2,"x":0,"y":-18.25,"curve":[0.243,0,0.68,0.71]},{"time":1,"x":0,"y":-332.19}],"scale":[{"time":0,"x":9.4,"y":9.4,"curve":[0.25,0,0.75,1]},{"time":0.1667,"x":10,"y":10,"curve":"stepped"},{"time":0.2,"x":4,"y":4,"curve":[0.243,0,0.68,0.71]},{"time":1,"x":9.219,"y":9.219}]},"diguang":{"scale":[{"time":0,"x":1,"y":1,"curve":[0.25,0,0.75,1]},{"time":0.1667,"x":1.2,"y":1,"curve":[0.25,0,0.75,1]},{"time":0.3333,"x":1,"y":1},{"time":0.5,"x":1.2,"y":1,"curve":[0.25,0,0.75,1]},{"time":0.6667,"x":1,"y":1},{"time":0.8333,"x":1.2,"y":1,"curve":[0.25,0,0.75,1]},{"time":1,"x":1,"y":1}]},"tiao":{"scale":[{"time":0,"x":1,"y":1,"curve":[0.25,0,0.75,1]},{"time":0.1667,"x":0.95,"y":1.1,"curve":[0.25,0,0.75,1]},{"time":0.3333,"x":1,"y":1},{"time":0.5,"x":0.95,"y":1.1,"curve":[0.25,0,0.75,1]},{"time":0.6667,"x":1,"y":1},{"time":0.8333,"x":0.95,"y":1.1,"curve":[0.25,0,0.75,1]},{"time":1,"x":1,"y":1}]},"guang":{"scale":[{"time":0,"x":1,"y":1,"curve":[0.25,0,0.75,1]},{"time":0.0667,"x":1.3,"y":1,"curve":[0.25,0,0.75,1]},{"time":0.1333,"x":1,"y":1},{"time":0.2333,"x":1.3,"y":1,"curve":[0.25,0,0.75,1]},{"time":0.3,"x":1,"y":1},{"time":0.3667,"x":1.3,"y":1,"curve":[0.25,0,0.75,1]},{"time":0.4333,"x":1,"y":1},{"time":0.5333,"x":1.3,"y":1,"curve":[0.25,0,0.75,1]},{"time":0.6,"x":1,"y":1},{"time":0.6667,"x":1.3,"y":1,"curve":[0.25,0,0.75,1]},{"time":0.7333,"x":1,"y":1},{"time":0.8,"x":1.3,"y":1,"curve":[0.25,0,0.75,1]},{"time":0.8667,"x":1,"y":1},{"time":0.9333,"x":1.3,"y":1,"curve":[0.25,0,0.75,1]},{"time":1,"x":1,"y":1}]},"diguang2":{"scale":[{"time":0,"x":1,"y":1,"curve":[0.25,0,0.75,1]},{"time":0.5,"x":1.2,"y":1,"curve":[0.25,0,0.75,1]},{"time":1,"x":1,"y":1}]},"cicles2":{"translate":[{"time":0,"x":0,"y":-73.18},{"time":0.2,"x":0,"y":-149.6},{"time":0.4,"x":0,"y":-245.2},{"time":0.6,"x":0,"y":-337.31},{"time":0.8,"x":0,"y":-394.28,"curve":"stepped"},{"time":0.8333,"x":0,"y":-16.28},{"time":1.0333,"x":0,"y":-73.18}],"scale":[{"time":0,"x":4.781,"y":4.781},{"time":0.2,"x":6.184,"y":6.184},{"time":0.4,"x":7.773,"y":7.773},{"time":0.6,"x":9.226,"y":9.226},{"time":0.8,"x":10,"y":10,"curve":"stepped"},{"time":0.8333,"x":4,"y":4},{"time":1.0333,"x":4.781,"y":4.781}]},"cicles3":{"translate":[{"time":0,"x":0,"y":-149.6},{"time":0.2,"x":0,"y":-235.22},{"time":0.4,"x":0,"y":-332.57},{"time":0.6,"x":0,"y":-379.14,"curve":"stepped"},{"time":0.6333,"x":0,"y":-13.73},{"time":0.8333,"x":0,"y":-73.75},{"time":1.0333,"x":0,"y":-149.6}],"scale":[{"time":0,"x":6.184,"y":6.184},{"time":0.2,"x":7.773,"y":7.773},{"time":0.4,"x":9.226,"y":9.226},{"time":0.6,"x":10,"y":10,"curve":"stepped"},{"time":0.6333,"x":4,"y":4},{"time":0.8333,"x":4.781,"y":4.781},{"time":1.0333,"x":6.184,"y":6.184}]},"cicles4":{"translate":[{"time":0,"x":0,"y":-245.2},{"time":0.2,"x":0,"y":-332.57},{"time":0.4,"x":0,"y":-399.77,"curve":"stepped"},{"time":0.4333,"x":0,"y":-14.61},{"time":0.6333,"x":0,"y":-83.27},{"time":0.8333,"x":0,"y":-158.46},{"time":1.0333,"x":0,"y":-245.2}],"scale":[{"time":0,"x":7.773,"y":7.773},{"time":0.2,"x":9.226,"y":9.226},{"time":0.4,"x":10,"y":10,"curve":"stepped"},{"time":0.4333,"x":4,"y":4},{"time":0.6333,"x":4.781,"y":4.781},{"time":0.8333,"x":6.184,"y":6.184},{"time":1.0333,"x":7.773,"y":7.773}]},"cicles5":{"translate":[{"time":0,"x":0,"y":-332.57},{"time":0.2,"x":0,"y":-379.14,"curve":"stepped"},{"time":0.2333,"x":0,"y":-18.25},{"time":0.4333,"x":0,"y":-78.19},{"time":0.6,"x":0,"y":-163.15},{"time":0.8333,"x":0,"y":-245.2},{"time":1.0333,"x":0,"y":-332.57}],"scale":[{"time":0,"x":9.226,"y":9.226},{"time":0.2,"x":10,"y":10,"curve":"stepped"},{"time":0.2333,"x":4,"y":4},{"time":0.4333,"x":4.781,"y":4.781},{"time":0.6,"x":6.184,"y":6.184},{"time":0.8333,"x":7.773,"y":7.773},{"time":1.0333,"x":9.226,"y":9.226}]}}}}},[0]]],0,0,[0],[-1],[1]]]]