{"paths":{"0":["atkItem",0],"2":["fs_num",0],"5":["shanbi",0],"10":["tCell",0],"11":["RandItemLD",0],"14":["test",0],"15":["Enemy",0],"16":["teachItem",0],"18":["piaozi",0],"20":["Hero",0],"22":["rock",0],"26":["tiledSel",0],"27":["baoji_num",0],"29":["RewardTips",0],"30":["hp_num",0],"32":["RandItemZL",0],"35":["hurt_num",0],"37":["ui_point",0],"38":["gedang_num",0],"39":["sudiItem",0],"40":["xixue_num",0]},"types":["cc.Prefab"],"uuids":["0bGhwCQSxP/5pasmlHKAxw","15vg6T/ShGe4snNIpKMQei","159uug6ZdO2YIDGLYouRhK","1b9uTr6rxK1JI9OOjG5+aP","20Bzp9CidJ3bn2tWbANzDG","20L2CLDnBMa7lMOVs+6esw","23tcWdwapJO6Osv4or9L/N","24R5kX+NNAxarTZ1N9BJbC","28RNRGDzZNbriDbu0MzxVi","2bSftbfQZCcIUiJksOSbJS","2c8+i4BVhM8qwGoKVNx6Az","2f1vd+F3RAc5ThwFS/5pPJ","33KFkOIKJATJlRCSvHaEAa","36Pum6ppFL55r/xJmq1fKx","40UYCCFMBIn6op5vRIjyG7","48kSUg9ZtH8aigsHPrtpuI","57OXvjPqFPkJV+np6FUPBQ","57Ry7auLVK25UpARWByM2y","71mxrK0tJMIaPrhnJVVcKn","72qbGDWutCuokMeAcIw+DL","785Ehz6zRIyYjV+ky3L5Hl","89y5s5D7JJtLzYz2lHmlam","8aG5aAUs5Jb6TmvkiqHZXN","8dQUcQ97ZMopa6inWQl87t","8ee8DaYK9BiLdwz9pLuwaS","92hW7QXyRG47Rv1OPflkOs","9dDhN5w2hA863SJS56UhFX","a6HbscNPJF5ZCdwRPPeKnd","a7HgZHeAtEwIya4PyZglw4","afsoJfZfpGEZD00iJSkXD0","becylqRONJppP6agwVsUIA","bfqzk589JBaJeBSj0SZLHf","ca5dh5GxBKDbgfGK8zkCns","d6rYeMt+ZCHYSDbMs5fSbo","d7sGss/qxCY4vYu7FmB1O4","e7FmAJkTRKBoa6NwqvtqW8","e8EZOrn0RILLXh6xxSB+B5","eepsGLBflKqahGP2h1hHOY","efBx7Xb3RKkY9yxWfp3HjQ","f0UTJMhvlM+YvuiCGW5RwA","f3/LzC0UNMK7W3iAYOE7vn","faiZP97a9NSa/IAJ2+g01+","06tIgRMhtDvayxXKavYTML","09uOMABs5Ezbs964grj9kg","10VfHGtsxBmpBE7OANV/98","16GQhXUpNBTYmWYHvA5Bc8","17E9CZBhFIFI8f9EPOsS27","19OoYECt9Hw4nZFvZ8aztq","20lt2ueDNBV4ObLzMSFfIg","29Gl5qgTRG2Z43aIFrKM8Q","2eJKWQwS5EqJcprC9pBoF5","3e+3AQ7NtNAKThLWfSY4D1","3fVZPO9BVAJZbqjb2H+Zr8","442e9RQtlBjIPo/DegcyLL","4aY45yiEBEqorJ8PulrlhO","4at2J1GAdL9rcjiXdji5Jz","4cphItmAZH5Y2nJPCkME4u","4ey5mh7/VNs7K9gj59l5a0","526riivPNPpLUS0DhEXGCe","6bgXx08QpFO5nj8JnWUSVK","6cRyoYYuxKi7YxQd7XKBC0","7a/QZLET9IDreTiBfRn2PD","7bO10aVmBLJ6PdQHMNF1XH","7ewygFM5hDlLhcx12Kl7fQ","81tWbNkHtDDJ9hvta4JAPV","8b4fVP4B1Ar7K8yFV3D2K1","8dnpprTcdL/aXKHfjNcAiD","93Htx//JBJ1LG9sHKpRJ58","93QO7HII9Hbpuadvg+03tQ","95Vzn3czhHi4kU0vhvRe64","a2MjXRFdtLlYQ5ouAFv/+R","a7P0GuHy5Ga5CbJhxqlIsg","aaqUzaelhK67CEgt55k5Xx","adq9RtBD9CFLFtGP/mg9UY","aecWhAVptNlaninSDLMB0C","c4hvtPaiZKKYBPo103QnRe","c5m+n1+6hPm6An8Qj02r98","c6DibYlk9EZIEedg2iA/hU","da7Ox5pttE6YffWKn7M0sj","e8a9hR73tIJJYoT9q6IqVD","e9JpG5FPBOwq5kxIPPM7Rc","ecpdLyjvZBwrvm+cedCcQy","f6i+0Tn2hDDrfj3j7FivWw","fdcLJ2dTtFy4+z8fQ4ZIuR"],"scenes":{},"redirect":[43,0,47,0,48,0,51,0,53,0,54,0,59,0,60,0,61,1,65,0,66,0,67,0,69,0,70,0,72,0,73,0,75,0,80,0,81,1,82,0],"deps":["resources","internal"],"packs":{"02b61e099":[56,63],"047271830":[1,3,4,6,7,8,9,12,13,17,19,21,23,24,25,28,31,33,34,36,41],"0524d935e":[45,37],"058c34c28":[2,83],"06279debc":[74,40],"06ef55144":[30,79],"07aa8d9c8":[10,62,76],"09c4f7c4b":[55,27],"0a480e7db":[44,46,49,52,16,64],"0d66a34ae":[5,71],"0dacd6275":[68,38],"0f0f444b8":[57,77,39]},"name":"GameObj","importBase":"import","nativeBase":"native","debug":false,"isZip":false,"encrypted":false,"versions":{"import":["02b61e099","7e49c","047271830","72618","0524d935e","75703","058c34c28","f7646","06279debc","2cad7",42,"88a85","06ef55144","fdc52","07aa8d9c8","dc382","09c4f7c4b","8bf3f","0a480e7db","c0a8d",0,"28906","0d66a34ae","891e8","0dacd6275","a7847","0f0f444b8","65505",50,"9b38e",11,"e5578",14,"99c14",15,"b995b",58,"7118d",18,"b8727",20,"573af",22,"e5074",26,"97d75",29,"ab747",32,"bb032",78,"01262",35,"7e948"],"native":[1,"6f36b",3,"df7c6",4,"2aa78",6,"e4559",7,"d2482",8,"f7f64",9,"19336",12,"30691",13,"cf32c",17,"e4ebd",19,"a46f4",21,"df361",23,"d030c",24,"ce1b0",25,"eaed8",28,"0b8eb",31,"f413e",33,"03145",34,"04e2a",36,"d8951",41,"3ec9d"]}}