[1,["38y5iovsdFnZirap6Fo+29"],0,[["sp.SkeletonData",["_name","_atlasText","textureNames","_skeletonJson","textures"],-1,3]],[[0,0,1,2,3,4,5]],[[0,"eff_fire","\neff_fire.png\nsize: 1024,685\nformat: RGBA8888\nfilter: Linear,Linear\nrepeat: none\nhuoqiu/dimian1\n  rotate: false\n  xy: 1, 496\n  size: 376, 52\n  orig: 376, 52\n  offset: 0, 0\n  index: -1\nhuoqiu/13\n  rotate: false\n  xy: 1, 1\n  size: 359, 333\n  orig: 359, 333\n  offset: 0, 0\n  index: -1\nhuoqiu/dibu\n  rotate: false\n  xy: 641, 203\n  size: 230, 176\n  orig: 230, 176\n  offset: 0, 0\n  index: -1\nhuoqiu/huoqiu\n  rotate: false\n  xy: 641, 1\n  size: 258, 200\n  orig: 258, 200\n  offset: 0, 0\n  index: -1\nhuoqiu/xiao_heiyan\n  rotate: false\n  xy: 604, 215\n  size: 35, 46\n  orig: 35, 46\n  offset: 0, 0\n  index: -1\nhuoqiu/xiao_liangyan\n  rotate: false\n  xy: 919, 548\n  size: 99, 58\n  orig: 99, 58\n  offset: 0, 0\n  index: -1\nhuoqiu/1yan\n  rotate: false\n  xy: 809, 548\n  size: 108, 99\n  orig: 108, 99\n  offset: 0, 0\n  index: -1\nhuoqiu/shang1\n  rotate: false\n  xy: 362, 215\n  size: 240, 166\n  orig: 240, 166\n  offset: 0, 0\n  index: -1\nhuoqiu/shang2\n  rotate: false\n  xy: 362, 1\n  size: 277, 212\n  orig: 277, 212\n  offset: 0, 0\n  index: -1\nhuoqiu/1\n  rotate: false\n  xy: 1, 336\n  size: 250, 158\n  orig: 250, 158\n  offset: 0, 0\n  index: -1\nhuoqiu/2\n  rotate: false\n  xy: 604, 381\n  size: 203, 191\n  orig: 203, 191\n  offset: 0, 0\n  index: -1\nhuoqiu/3\n  rotate: false\n  xy: 901, 1\n  size: 121, 148\n  orig: 121, 148\n  offset: 0, 0\n  index: -1\nhuoqiu/2_1\n  rotate: false\n  xy: 809, 383\n  size: 188, 163\n  orig: 188, 163\n  offset: 0, 0\n  index: -1\nhuoqiu/2_2\n  rotate: false\n  xy: 873, 203\n  size: 145, 146\n  orig: 145, 146\n  offset: 0, 0\n  index: -1\nhuoqiu/2_3\n  rotate: false\n  xy: 919, 608\n  size: 43, 75\n  orig: 43, 75\n  offset: 0, 0\n  index: -1\nhuoqiu/yan\n  rotate: false\n  xy: 598, 383\n  size: 1, 1\n  orig: 1, 1\n  offset: 0, 0\n  index: -1\nhuoqiu/dibuyan\n  rotate: false\n  xy: 253, 383\n  size: 253, 69\n  orig: 253, 69\n  offset: 0, 0\n  index: -1\nhuoqiu/hongguang\n  rotate: false\n  xy: 379, 454\n  size: 217, 71\n  orig: 217, 71\n  offset: 0, 0\n  index: -1\n",["eff_fire.png"],{"skeleton":{"width":778.25,"height":593.56,"fps":24,"hash":" ","name":"animation"},"bones":[{"x":-105.3686,"y":-97.3301,"name":"root"},{"x":222.2437,"y":161.7301,"name":"2","parent":"root"},{"x":-257.9173,"y":488.1989,"name":"huoqiu","parent":"root"},{"x":140.4937,"y":96.4801,"name":"dibuyan","parent":"root"},{"x":118.3622,"y":102.2979,"name":"shang2","parent":"root"},{"x":122.3161,"y":18.1816,"name":"hongguang","parent":"root"},{"x":138.8281,"y":93.9925,"name":"13","parent":"root"},{"x":75.1937,"y":184.8301,"name":"2_2","parent":"root"},{"x":-4.0563,"y":176.5801,"name":"yan","parent":"root"},{"x":144.612,"y":86.5667,"scaleX":0.8037,"scaleY":0.8037,"name":"dimian1","parent":"root"},{"x":-83.584,"y":121.2679,"name":"xiao_heiyan","parent":"huoqiu"},{"x":-2.3932,"y":24.7151,"name":"1yan","parent":"huoqiu"},{"x":-72.2409,"y":48.46,"name":"dibu","parent":"huoqiu"},{"x":-94.784,"y":19.1179,"name":"xiao_liangyan","parent":"huoqiu"}],"slots":[{"name":"dimian1","bone":"dimian1"},{"name":"13","bone":"13","attachment":"huoqiu/13"},{"name":"dibu","bone":"dibu","attachment":"huoqiu/dibu"},{"name":"huoqiu","bone":"huoqiu","attachment":"huoqiu/huoqiu"},{"name":"xiao_heiyan","bone":"xiao_heiyan","attachment":"huoqiu/xiao_heiyan"},{"name":"xiao_liangyan","bone":"xiao_liangyan","attachment":"huoqiu/xiao_liangyan"},{"name":"1yan","bone":"1yan","attachment":"huoqiu/1yan"},{"name":"shang2","bone":"shang2"},{"name":"2","bone":"2","blend":"additive"},{"name":"2_2","bone":"2_2","blend":"additive"},{"name":"yan","bone":"yan"},{"name":"dibuyan","bone":"dibuyan"},{"name":"hongguang","bone":"hongguang","blend":"additive"}],"skins":{"default":{"2":{"huoqiu/2":{"name":"huoqiu/2","width":203,"height":191,"x":-22.74,"y":60.27},"huoqiu/1":{"name":"huoqiu/1","width":250,"height":158,"x":-60.24,"y":17.77},"huoqiu/3":{"name":"huoqiu/3","width":121,"height":148,"x":17.26,"y":124.77}},"13":{"huoqiu/13":{"name":"huoqiu/13","width":359,"height":333,"hull":7,"type":"mesh","triangles":[5,6,4,1,2,3,6,1,3,4,6,3,6,0,1],"uvs":[-0.00014,0.88754,0.18942,1,0.99986,1,0.99986,0.59129,0.99986,-0.00015,-0.00014,-0.00015,-0.00014,0.57553],"edges":[0,2,2,4,4,6,6,8,8,10,10,12,12,0],"vertices":[-213.43,15.46,-145.38,-21.99,145.57,-21.99,145.57,114.11,145.57,311.06,-213.43,311.06,-213.43,119.36]}},"dibuyan":{"huoqiu/dibuyan":{"name":"huoqiu/dibuyan","width":253,"height":69,"x":-24.99,"y":15.52}},"xiao_heiyan":{"huoqiu/xiao_heiyan":{"name":"huoqiu/xiao_heiyan","width":35,"height":46,"x":-10.79,"y":14.37}},"1yan":{"huoqiu/1yan":{"name":"huoqiu/1yan","width":108,"height":99,"x":-31.48,"y":24.42}},"yan":{"huoqiu/yan":{"name":"huoqiu/yan","width":1,"height":1,"x":1.56,"y":-1.58}},"huoqiu":{"huoqiu/huoqiu":{"name":"huoqiu/huoqiu","width":258,"height":200,"x":-106.88,"y":75.64}},"hongguang":{"huoqiu/hongguang":{"name":"huoqiu/hongguang","width":217,"height":71,"x":31.64,"y":63.13}},"xiao_liangyan":{"huoqiu/xiao_liangyan":{"name":"huoqiu/xiao_liangyan","width":99,"height":58,"x":-0.59,"y":-1.48}},"shang2":{"huoqiu/shang2":{"name":"huoqiu/shang2","width":277,"height":212,"x":-8.28,"y":74.37},"huoqiu/shang1":{"name":"huoqiu/shang1","width":240,"height":166,"x":-3.36,"y":52.2}},"dimian1":{"huoqiu/dimian1":{"name":"huoqiu/dimian1","width":376,"height":52,"x":-24.9,"y":-5.56}},"2_2":{"huoqiu/2_2":{"name":"huoqiu/2_2","width":145,"height":146,"x":-13.69,"y":-25.33},"huoqiu/2_1":{"name":"huoqiu/2_1","width":188,"height":163,"x":16.81,"y":-9.83},"huoqiu/2_3":{"name":"huoqiu/2_3","width":43,"height":75,"x":-72.69,"y":-63.83}},"dibu":{"huoqiu/dibu":{"name":"huoqiu/dibu","width":230,"height":176,"x":-48.14,"y":40.91}}}},"animations":{"animation":{"bones":{"2":{"translate":[{"time":0,"curve":"stepped"},{"time":0.375,"x":-6.54,"y":-39.62},{"time":0.625,"x":32.72,"y":3.05}]},"13":{"scale":[{"time":0,"curve":"stepped","x":1,"y":1},{"time":0.3333,"x":0.84,"y":0.84},{"time":0.5,"x":1,"y":1},{"time":0.625,"x":1.15,"y":1.2}]},"huoqiu":{"translate":[{"time":0},{"time":0.125,"x":3.93,"y":54.09},{"time":0.375,"x":448.92,"y":-381.97}],"rotate":[{"time":0,"angle":-5.25}],"scale":[{"time":0,"x":1,"y":1},{"time":0.125,"x":0.78,"y":0.78},{"time":0.375,"x":1.35,"y":1.35}],"shear":[{"time":0}]},"1yan":{"translate":[{"time":0,"curve":"stepped"},{"time":0.25},{"time":0.5417,"x":-16.86,"y":7.09}],"scale":[{"time":0,"curve":"stepped","x":1,"y":1},{"time":0.25,"x":1,"y":1},{"time":0.5417,"x":1.27,"y":1.27}]},"xiao_liangyan":{"translate":[{"time":0,"curve":"stepped"},{"time":0.125},{"time":0.375,"x":-51.17,"y":86.21},{"time":0.5417,"x":-96.59,"y":122.31}],"scale":[{"time":0,"curve":"stepped","x":1,"y":1},{"time":0.125,"x":1,"y":1},{"time":0.375,"x":0.5,"y":0.5},{"time":0.5417,"x":1,"y":1}]},"dibu":{"translate":[{"time":0,"curve":"stepped"},{"time":0.125},{"time":0.375,"x":37.82,"y":-28.19},{"time":0.5,"x":-26.36,"y":12.6}],"scale":[{"time":0,"curve":"stepped","x":1,"y":1},{"time":0.125,"x":1,"y":1},{"time":0.375,"x":1.23,"y":1.23},{"time":0.5,"x":1.67,"y":1.67}]},"xiao_heiyan":{"translate":[{"time":0,"curve":"stepped"},{"time":0.125},{"time":0.2917,"x":23.32,"y":-55.13},{"time":0.5,"x":-121.21,"y":72.65}]},"hongguang":{"translate":[{"time":0,"curve":"stepped"},{"time":0.375},{"time":0.6667,"x":-22.03,"y":-0.87}],"scale":[{"time":0,"curve":"stepped","x":1,"y":1},{"time":0.375,"x":1,"y":1},{"time":0.6667,"x":1.67,"y":1}]},"dibuyan":{"translate":[{"time":0,"curve":"stepped"},{"time":0.375,"y":-15.27},{"time":0.5417,"y":-15.99}],"scale":[{"time":0,"curve":"stepped","x":1,"y":1},{"time":0.375,"x":0.79,"y":0.79},{"time":0.5417,"x":1.59,"y":1.34}]},"shang2":{"translate":[{"time":0,"curve":"stepped"},{"time":0.4167},{"time":0.6667,"y":7.27}],"scale":[{"time":0,"curve":"stepped","x":1,"y":1},{"time":0.4167,"x":1,"y":1},{"time":0.6667,"x":1.13,"y":1.13}]},"2_2":{"translate":[{"time":0,"curve":"stepped"},{"time":0.375,"x":25.59,"y":-11.85},{"time":0.625,"x":-52.29,"y":48.91}],"scale":[{"time":0,"curve":"stepped","x":1,"y":1},{"time":0.375,"x":1,"y":1},{"time":0.625,"x":1.3,"y":1.3}]},"dimian1":{"scale":[{"time":0,"curve":"stepped","x":1,"y":1},{"time":0.375,"x":1.06,"y":1},{"time":0.5833,"x":1.25,"y":1.37}]}},"slots":{"2":{"attachment":[{"time":0,"name":""},{"time":0.375,"name":"huoqiu/1"},{"time":0.4583,"name":"huoqiu/2"},{"time":0.5416,"name":"huoqiu/3"},{"time":0.6249,"name":""}],"color":[{"time":0,"curve":"stepped","color":"FFFFFFFF"},{"time":0.5,"color":"FFFFFFFF"},{"time":0.6667,"color":"FFFFFF00"}]},"13":{"attachment":[{"time":0,"name":""},{"time":0.3333,"name":"huoqiu/13"}],"color":[{"time":0,"curve":"stepped","color":"FFFFFFFF"},{"time":0.5417,"color":"FFFFFFFF"},{"time":0.7084,"color":"FFFFFF00"}]},"dimian1":{"attachment":[{"time":0,"name":""},{"time":0.375,"name":"huoqiu/dimian1"}],"color":[{"time":0,"curve":"stepped","color":"FFFFFFFF"},{"time":0.6667,"color":"FFFFFFFF"},{"time":0.75,"color":"FFFFFF00"}]},"dibu":{"attachment":[{"time":0,"name":""},{"time":0.125,"name":"huoqiu/dibu"}],"color":[{"time":0,"curve":"stepped","color":"FFFFFFFF"},{"time":0.375,"color":"FFFFFFFF"},{"time":0.5,"color":"FFFFFF00"}]},"huoqiu":{"attachment":[{"time":0,"name":""},{"time":0.125,"name":"huoqiu/huoqiu"}],"color":[{"time":0,"curve":"stepped","color":"FFFFFFFF"},{"time":0.2917,"color":"FFFFFFFF"},{"time":0.4584,"color":"FFFFFF00"}]},"xiao_heiyan":{"attachment":[{"time":0,"name":""},{"time":0.125,"name":"huoqiu/xiao_heiyan"}],"color":[{"time":0,"curve":"stepped","color":"FFFFFFFF"},{"time":0.375,"color":"FFFFFFFF"},{"time":0.5,"color":"FFFFFF00"}]},"xiao_liangyan":{"attachment":[{"time":0,"name":""},{"time":0.125,"name":"huoqiu/xiao_liangyan"}],"color":[{"time":0,"curve":"stepped","color":"FFFFFFFF"},{"time":0.4167,"color":"FFFFFFFF"},{"time":0.5417,"color":"FFFFFF00"}]},"1yan":{"attachment":[{"time":0,"name":""},{"time":0.125,"name":"huoqiu/1yan"}],"color":[{"time":0,"curve":"stepped","color":"FFFFFFFF"},{"time":0.4167,"color":"FFFFFFFF"},{"time":0.5417,"color":"FFFFFF00"}]},"2_2":{"attachment":[{"time":0,"name":""},{"time":0.375,"name":"huoqiu/2_1"},{"time":0.4583,"name":"huoqiu/2_2"},{"time":0.625,"name":"huoqiu/2_3"}],"color":[{"time":0,"curve":"stepped","color":"FFFFFFFF"},{"time":0.5833,"color":"FFFFFFFF"},{"time":0.625,"color":"FFFFFF00"}]},"shang2":{"attachment":[{"time":0,"name":""},{"time":0.4167,"name":"huoqiu/shang1"},{"time":0.5,"name":"huoqiu/shang2"},{"time":0.5833,"name":""}],"color":[{"time":0,"curve":"stepped","color":"FFFFFFFF"},{"time":0.5833,"color":"FFFFFFFF"},{"time":0.6666,"color":"FFFFFF00"}]},"dibuyan":{"attachment":[{"time":0,"name":""},{"time":0.375,"name":"huoqiu/dibuyan"}],"color":[{"time":0,"curve":"stepped","color":"FFFFFFFF"},{"time":0.375,"color":"FFFFFFFF"},{"time":0.625,"color":"FFFFFF00"}]},"hongguang":{"attachment":[{"time":0,"name":""},{"time":0.375,"name":"huoqiu/hongguang"}],"color":[{"time":0,"curve":"stepped","color":"FFFFFFFF"},{"time":0.375,"color":"FFFFFFFF"},{"time":0.5833,"color":"700000FF"},{"time":0.75,"color":"FFFFFF00"}]}},"deform":{"default":{"13":{"huoqiu/13":[{"time":0,"curve":"stepped","offset":13,"vertices":[0]},{"time":0.3333,"offset":6,"vertices":[-15.6,-3.05,-67.05,-4.35,-67.05,-4.35,-21.55,-1.35]}]}}}}}},[0]]],0,0,[0],[-1],[0]]