{"paths":{"0":["Particle/tex/fx/thunderbolt-03",2],"1":["navAD/image/touch",2],"2":["i18n/zh-tw/age",2],"3":["navAD/image/bannerNativeClose",2],"4":["ysImg/y0",2],"5":["i18n/en/rolebg",2],"6":["ysImg/age",2],"7":["Particle/tex/zidan_3",2],"8":["Particle/tex/glow",2],"9":["i18n/en/yilingqu",2],"10":["Particle/tex/fx/thunderbolt-01",2],"11":["i18n/en/yzb",2],"12":["navAD/image/bannerNativeAD",2],"13":["ysImg/y3",2],"14":["Particle/tex/fx/thunderbolt-05",2],"15":["Particle/piaoluo",0],"16":["Particle/tex/fx/thunderbolt-02",2],"17":["i18n/en/age",2],"18":["navAD/image/native_insters_layerBg",2],"19":["i18n/zh-hk/age",2],"20":["i18n/en/dailingqu",2],"21":["navAD/image/close",2],"22":["i18n/en/logo",2],"23":["ysImg/y1",2],"24":["ysImg/y2",2],"25":["navAD/image/bannerNativeBg",2],"26":["navAD/image/bg",2],"27":["Particle/bomb",0],"28":["Particle/tex/fx/thunderbolt-04",2],"29":["Particle/move",0],"30":["i18n/en/shengli",2],"31":["i18n/en/zlbg",2],"32":["i18n/en/weilingqu",2],"33":["navAD/image/bannerNativeBtn",2],"34":["Particle/bird_bomb",0],"35":["navAD/image/SpotNativeAD",2],"36":["Particle/tex/dot",2],"37":["i18n/en/startBtn",2],"38":["i18n/en/shibai",2],"39":["pifu2/body/hou_shoubi/112",1,1],"40":["pifu2/dun/9",1,1],"41":["pifu2/body/qiandatui/107",1,1],"42":["common/defaultHead",1,1],"43":["pifu2/body/houjiao/3",1,1],"44":["pifu2/body/qian_shoubi/13",1,1],"45":["ysImg/y1",1,1],"46":["common/down",1,1],"47":["common/levelup_list_frame",1,1],"48":["pifu2/body/qianjiao/7",1,1],"49":["pifu2/head/boss_1",1,1],"50":["pifu2/body/5",1,1],"51":["ysImg/y2",1,1],"52":["pifu2/body/qian_shoubi/106",1,1],"53":["pifu2/hair/5",1,1],"54":["pifu2/body/hou_shoubi/103",1,1],"55":["i18n/en/logo",1,1],"56":["pifu2/body/qian_shoubi/112",1,1],"57":["pifu2/body/qiandatui/101",1,1],"58":["pifu2/dun/103",1,1],"59":["pifu2/body/qian_shoubi/boss_2",1,1],"60":["pifu2/body/6",1,1],"61":["warIcons/icon_3",1,1],"62":["pifu2/body/qianjiao/103",1,1],"63":["pifu2/body/qianshou/6",1,1],"64":["pifu2/body/qianshou/5",1,1],"65":["common/weilingqu",1,1],"66":["pifu2/head/107",1,1],"67":["pifu2/body/qian_shoubi/boss_4",1,1],"68":["warbg/war_bg_1",1,1],"69":["pifu2/body/houtui/3",1,1],"70":["pifu2/hair/boss_4",1,1],"71":["pifu2/body/hou_shoubi/111",1,1],"72":["warbg/AutoAtlas",3],"75":["pifu2/body/houtui/102",1,1],"76":["pifu2/face/2",1,1],"81":["pifu2/body/qian_shoubi/109",1,1],"83":["pifu2/body/hou_shouzhi/3",1,1],"86":["pifu2/weapon/8",1,1],"87":["i18n/en/rolebg",1,1],"90":["navAD/image/bg",1,1],"92":["pifu2/body/qian_shoubi/107",1,1],"96":["warIcons/icon_8",1,1],"99":["pifu2/body/houjiao/104",1,1],"100":["pifu2/body/qianshou/13",1,1],"101":["pifu2/body/houtui/103",1,1],"103":["pifu2/hair/9",1,1],"104":["pifu2/body/qiandatui/106",1,1],"105":["pifu2/face/101",1,1],"106":["pifu2/weapon/10",1,1],"107":["pifu2/body/hou_shou/110",1,1],"109":["warbg/war_bg_0",1,1],"111":["pifu2/body/hou_shoubi/102",1,1],"113":["pifu2/hair/109",1,1],"114":["pifu2/body/houjiao/103",1,1],"115":["pifu2/body/houjiao/112",1,1],"116":["pifu2/body/boss_2",1,1],"117":["pifu2/hair/boss_1",1,1],"118":["pifu2/weapon/106",1,1],"119":["warIcons/icon_6",1,1],"120":["pifu2/body/houtui/4",1,1],"121":["pifu2/body/qianshou/1",1,1],"122":["pifu2/body/108",1,1],"123":["Particle/tex/fx/thunderbolt-03",1,1],"124":["navAD/image/SpotNativeAD",1,1],"125":["pifu2/body/qianshou/102",1,1],"126":["pifu2/body/102",1,1],"127":["pifu2/body/qianshou/108",1,1],"128":["pifu2/body/hou_shouzhi/7",1,1],"129":["i18n/en/npcEnemy",4],"130":["pifu2/body/qianshou/104",1,1],"131":["pifu2/body/9",1,1],"132":["pifu2/body/houjiao/10",1,1],"133":["common/up",1,1],"134":["pifu2/body/qianjiao/6",1,1],"135":["pifu2/weapon/1",1,1],"136":["pifu2/body/qian_shoubi/101",1,1],"137":["pifu2/hair/101",1,1],"138":["common/yilingqu",1,1],"139":["pifu2/body/hou_shoubi/boss_2",1,1],"140":["pifu2/body/boss_1",1,1],"141":["common/shaizi",1,1],"142":["i18n/en/shibai",1,1],"143":["pifu2/body/houjiao/107",1,1],"144":["pifu2/body/boss_4",1,1],"145":["pifu2/body/110",1,1],"146":["navAD/image/touch",1,1],"147":["pifu2/face/108",1,1],"148":["pifu2/hair/hair",3],"149":["i18n/en/dailingqu",1,1],"150":["pifu2/body/qianshou/boss_1",1,1],"151":["pifu2/body/qianshou/103",1,1],"152":["pifu2/body/10",1,1],"153":["pifu2/body/109",1,1],"154":["pifu2/body/hou_shou/102",1,1],"155":["i18n/zh-hk/zh-hk",5],"156":["pifu2/dun/boss_4",1,1],"157":["pifu2/body/qian_shoubi/7",1,1],"158":["pifu2/body/houjiao/8",1,1],"159":["pifu2/weapon/weapon",3],"160":["pifu2/weapon/103",1,1],"161":["pifu2/body/qiandatui/5",1,1],"162":["pifu2/body/qianjiao/102",1,1],"163":["pifu2/face/1",1,1],"164":["pifu2/body/hou_shoubi/10",1,1],"165":["pifu2/body/qianshou/106",1,1],"166":["pifu2/body/qianshou/105",1,1],"167":["pifu2/face/103",1,1],"168":["pifu2/body/qiandatui/3",1,1],"169":["pifu2/body/hou_shouzhi/12",1,1],"170":["pifu2/body/hou_shou/1",1,1],"171":["pifu2/body/4",1,1],"172":["pifu2/weapon/7",1,1],"173":["Particle/tex/dot",1,1],"174":["pifu2/head/4",1,1],"175":["pifu2/body/hou_shoubi/109",1,1],"176":["pifu2/head/boss_4",1,1],"177":["pifu2/body/houjiao/111",1,1],"178":["pifu2/face/109",1,1],"179":["navAD/image/bannerNativeBg",1,1],"180":["warIcons/icon_9",1,1],"181":["pifu2/hair/10",1,1],"182":["pifu2/body/qianjiao/3",1,1],"183":["pifu2/face/106",1,1],"184":["pifu2/weapon/108",1,1],"185":["pifu2/body/qiandatui/11",1,1],"186":["pifu2/body/qiandatui/110",1,1],"187":["pifu2/body/houtui/1",1,1],"188":["common/wqk",1,1],"189":["pifu2/hair/3",1,1],"190":["pifu2/body/hou_shou/105",1,1],"191":["warIcons/icon_5",1,1],"192":["pifu2/body/qianshou/8",1,1],"193":["pifu2/body/houtui/10",1,1],"194":["pifu2/hair/111",1,1],"195":["pifu2/body/qiandatui/12",1,1],"196":["ysImg/age",1,1],"197":["pifu2/body/houjiao/105",1,1],"198":["pifu2/body/qiandatui/9",1,1],"199":["common/tile_select_error_frame",1,1],"200":["pifu2/face/boss_3",1,1],"201":["pifu2/hair/11",1,1],"202":["pifu2/body/houjiao/2",1,1],"203":["pifu2/face/face",3],"204":["pifu2/body/qianjiao/107",1,1],"205":["pifu2/dun/7",1,1],"206":["pifu2/body/qiandatui/7",1,1],"207":["pifu2/weapon/112",1,1],"208":["pifu2/body/houtui/houtui",3],"209":["pifu2/body/hou_shouzhi/105",1,1],"210":["pifu2/weapon/102",1,1],"211":["pifu2/body/1",1,1],"212":["pifu2/body/houtui/2",1,1],"213":["pifu2/body/hou_shou/boss_1",1,1],"214":["pifu2/body/qian_shoubi/12",1,1],"215":["pifu2/head/105",1,1],"216":["pifu2/body/hou_shoubi/106",1,1],"217":["pifu2/body/houjiao/11",1,1],"218":["pifu2/hair/13",1,1],"219":["pifu2/weapon/104",1,1],"220":["pifu2/head/106",1,1],"221":["pifu2/body/hou_shou/boss_2",1,1],"222":["pifu2/body/qianjiao/4",1,1],"223":["pifu2/body/houtui/5",1,1],"224":["pifu2/body/qiandatui/109",1,1],"225":["pifu2/weapon/4",1,1],"226":["pifu2/hair/7",1,1],"227":["i18n/en/privacy_policy",4],"228":["pifu2/face/boss_1",1,1],"229":["pifu2/dun/106",1,1],"230":["pifu2/body/104",1,1],"231":["pifu2/body/hou_shouzhi/101",1,1],"232":["common/top_ui_slot",1,1],"233":["pifu2/dun/112",1,1],"234":["pifu2/dun/1",1,1],"235":["pifu2/body/qianshou/12",1,1],"236":["pifu2/body/hou_shoubi/107",1,1],"237":["pifu2/body/qian_shoubi/2",1,1],"238":["pifu2/head/5",1,1],"239":["pifu2/body/houtui/boss_3",1,1],"240":["pifu2/body/qian_shoubi/6",1,1],"241":["pifu2/dun/4",1,1],"242":["pifu2/dun/6",1,1],"243":["pifu2/weapon/11",1,1],"244":["Particle/tex/fx/thunderbolt-01",1,1],"245":["pifu2/body/qian_shoubi/104",1,1],"246":["pifu2/body/hou_shouzhi/hou_shouzhi",3],"247":["pifu2/weapon/3",1,1],"248":["pifu2/body/houtui/9",1,1],"249":["pifu2/head/108",1,1],"250":["pifu2/body/hou_shou/103",1,1],"251":["Particle/tex/zidan_3",1,1],"252":["i18n/en/weilingqu",1,1],"253":["pifu2/dun/105",1,1],"254":["pifu2/body/houjiao/108",1,1],"255":["pifu2/weapon/9",1,1],"256":["pifu2/face/4",1,1],"257":["pifu2/dun/5",1,1],"258":["pifu2/dun/3",1,1],"259":["pifu2/face/107",1,1],"260":["pifu2/body/qian_shoubi/110",1,1],"261":["pifu2/hair/1",1,1],"262":["pifu2/body/qianshou/9",1,1],"263":["pifu2/body/houtui/105",1,1],"264":["pifu2/body/qianjiao/2",1,1],"265":["pifu2/body/7",1,1],"266":["pifu2/body/houjiao/5",1,1],"267":["pifu2/body/hou_shoubi/2",1,1],"268":["pifu2/body/houjiao/101",1,1],"269":["pifu2/body/13",1,1],"270":["common/hp_gauge_frame",1,1],"271":["pifu2/body/qian_shoubi/1",1,1],"272":["pifu2/body/qiandatui/boss_3",1,1],"273":["common/gold",1,1],"274":["warIcons/icon_2",1,1],"275":["pifu2/weapon/109",1,1],"276":["pifu2/body/houjiao/6",1,1],"278":["pifu2/body/hou_shou/10",1,1],"279":["pifu2/body/106",1,1],"280":["pifu2/weapon/107",1,1],"281":["pifu2/body/houtui/104",1,1],"282":["pifu2/body/qiandatui/102",1,1],"283":["pifu2/hair/112",1,1],"284":["pifu2/body/hou_shouzhi/11",1,1],"285":["pifu2/body/hou_shou/6",1,1],"286":["pifu2/body/hou_shou/8",1,1],"287":["pifu2/hair/4",1,1],"288":["pifu2/body/houjiao/4",1,1],"289":["pifu2/dun/11",1,1],"290":["pifu2/body/hou_shoubi/105",1,1],"291":["pifu2/head/104",1,1],"292":["pifu2/body/qiandatui/2",1,1],"293":["pifu2/weapon/111",1,1],"294":["pifu2/body/hou_shou/108",1,1],"295":["pifu2/body/qianshou/11",1,1],"296":["common/fmnorBtn",1,1],"297":["pifu2/body/hou_shou/104",1,1],"298":["common/avatar",1,1],"299":["pifu2/head/111",1,1],"300":["pifu2/body/hou_shoubi/boss_3",1,1],"301":["pifu2/face/boss_2",1,1],"302":["pifu2/body/qian_shoubi/qian_shoubi",3],"303":["pifu2/body/houjiao/110",1,1],"304":["pifu2/body/hou_shoubi/4",1,1],"305":["pifu2/face/102",1,1],"306":["pifu2/face/boss_4",1,1],"307":["pifu2/body/qianjiao/boss_1",1,1],"308":["pifu2/head/110",1,1],"309":["pifu2/body/hou_shou/109",1,1],"310":["pifu2/weapon/5",1,1],"311":["pifu2/body/houtui/12",1,1],"312":["pifu2/body/houjiao/12",1,1],"313":["navAD/image/close",1,1],"314":["pifu2/weapon/6",1,1],"315":["navAD/bannerNativeBg",6],"316":["pifu2/body/houjiao/109",1,1],"317":["pifu2/face/104",1,1],"318":["pifu2/dun/12",1,1],"319":["pifu2/body/houtui/101",1,1],"320":["pifu2/body/qianshou/4",1,1],"321":["pifu2/body/qiandatui/13",1,1],"322":["pifu2/body/hou_shoubi/110",1,1],"323":["pifu2/body/qiandatui/8",1,1],"324":["pifu2/weapon/110",1,1],"325":["pifu2/body/qianshou/2",1,1],"326":["i18n/en/yilingqu",1,1],"327":["pifu2/body/qian_shoubi/9",1,1],"328":["pifu2/body/qianshou/101",1,1],"329":["pifu2/body/hou_shoubi/hou_shoubi",3],"330":["pifu2/body/11",1,1],"331":["pifu2/body/qian_shoubi/102",1,1],"332":["pifu2/head/103",1,1],"333":["pifu2/weapon/2",1,1],"334":["pifu2/face/3",1,1],"335":["pifu2/weapon/13",1,1],"336":["pifu2/body/houjiao/7",1,1],"337":["common/vedioBtn",1,1],"338":["i18n/en/shengli",1,1],"339":["pifu2/body/hou_shou/7",1,1],"340":["common/ui_skill_timer",1,1],"341":["pifu2/weapon/boss_2",1,1],"342":["i18n/en/startBtn",1,1],"343":["pifu2/body/hou_shouzhi/104",1,1],"344":["pifu2/body/hou_shoubi/101",1,1],"345":["common/tile_select_frame",1,1],"346":["pifu2/hair/2",1,1],"347":["pifu2/body/hou_shou/11",1,1],"348":["navAD/image/bannerNativeBtn",1,1],"349":["pifu2/face/110",1,1],"350":["pifu2/body/qianshou/3",1,1],"351":["pifu2/body/qian_shoubi/103",1,1],"352":["pifu2/body/3",1,1],"353":["i18n/zh-hk/age",1,1],"354":["ysImg/y0",1,1],"355":["pifu2/body/qiandatui/1",1,1],"356":["pifu2/body/hou_shoubi/104",1,1],"357":["pifu2/body/qianshou/111",1,1],"358":["pifu2/body/hou_shou/101",1,1],"359":["pifu2/body/hou_shou/13",1,1],"360":["pifu2/body/qian_shoubi/8",1,1],"361":["pifu2/body/houtui/108",1,1],"362":["warIcons/icon_10",1,1],"363":["pifu2/body/qiandatui/111",1,1],"364":["pifu2/face/112",1,1],"365":["pifu2/body/houtui/107",1,1],"366":["common/guang2",1,1],"367":["common/bot_card_frame",1,1],"368":["pifu2/face/6",1,1],"369":["pifu2/hair/104",1,1],"370":["navAD/image/bannerNativeClose",1,1],"371":["pifu2/body/houjiao/102",1,1],"372":["pifu2/body/qian_shoubi/5",1,1],"373":["pifu2/body/houtui/boss_1",1,1],"374":["pifu2/body/hou_shoubi/1",1,1],"375":["common/yzb",1,1],"376":["common/fmselBtn",1,1],"377":["pifu2/hair/12",1,1],"378":["pifu2/hair/boss_2",1,1],"379":["pifu2/body/hou_shouzhi/106",1,1],"380":["pifu2/body/hou_shouzhi/2",1,1],"381":["pifu2/head/3",1,1],"382":["pifu2/body/hou_shouzhi/102",1,1],"383":["pifu2/weapon/12",1,1],"384":["pifu2/body/hou_shoubi/6",1,1],"385":["warbg/war_bg_2",1,1],"386":["pifu2/body/qianjiao/1",1,1],"387":["pifu2/body/hou_shou/112",1,1],"388":["pifu2/body/qianshou/boss_2",1,1],"389":["pifu2/body/105",1,1],"390":["pifu2/body/hou_shouzhi/103",1,1],"391":["pifu2/body/houjiao/106",1,1],"392":["pifu2/body/hou_shoubi/9",1,1],"393":["pifu2/body/qianjiao/boss_3",1,1],"394":["pifu2/hair/6",1,1],"395":["pifu2/body/qiandatui/108",1,1],"396":["pifu2/body/houjiao/9",1,1],"397":["pifu2/body/qianjiao/112",1,1],"398":["warIcons/icon_4",1,1],"399":["pifu2/body/hou_shou/2",1,1],"400":["pifu2/face/5",1,1],"401":["pifu2/face/111",1,1],"402":["pifu2/body/qianjiao/boss_4",1,1],"403":["pifu2/body/qianshou/112",1,1],"404":["warIcons/AutoAtlas",3],"405":["pifu2/body/qianjiao/10",1,1],"406":["pifu2/body/qiandatui/qiandatui",3],"407":["pifu2/body/qianjiao/111",1,1],"408":["pifu2/weapon/105",1,1],"409":["Particle/tex/fx/thunderbolt-02",1,1],"410":["pifu2/dun/110",1,1],"411":["pifu2/body/hou_shou/111",1,1],"412":["pifu2/body/qianshou/qianshou",3],"413":["pifu2/body/111",1,1],"414":["pifu2/body/hou_shoubi/108",1,1],"415":["pifu2/body/qiandatui/103",1,1],"416":["pifu2/head/boss_3",1,1],"417":["common/zs",1,1],"418":["pifu2/body/107",1,1],"419":["pifu2/hair/110",1,1],"420":["pifu2/hair/107",1,1],"421":["pifu2/dun/10",1,1],"422":["Particle/tex/glow",1,1],"423":["warIcons/icon_12",1,1],"424":["pifu2/hair/108",1,1],"425":["i18n/en/zlbg",1,1],"426":["pifu2/body/qianjiao/13",1,1],"427":["pifu2/dun/boss_2",1,1],"428":["pifu2/body/8",1,1],"429":["pifu2/body/qianjiao/109",1,1],"430":["pifu2/body/hou_shouzhi/boss_1",1,1],"431":["pifu2/body/hou_shoubi/boss_4",1,1],"432":["pifu2/body/qianshou/107",1,1],"433":["pifu2/dun/109",1,1],"434":["pifu2/dun/111",1,1],"435":["pifu2/body/qianjiao/5",1,1],"436":["i18n/en/user_protocal",4],"437":["pifu2/body/houjiao/boss_3",1,1],"438":["pifu2/body/houtui/7",1,1],"439":["ysImg/y3",1,1],"440":["pifu2/body/qian_shoubi/111",1,1],"441":["pifu2/dun/108",1,1],"442":["pifu2/head/101",1,1],"443":["pifu2/body/qianjiao/boss_2",1,1],"444":["pifu2/body/qianjiao/108",1,1],"445":["pifu2/hair/103",1,1],"446":["pifu2/body/hou_shoubi/5",1,1],"447":["pifu2/body/houjiao/1",1,1],"448":["pifu2/body/qianshou/boss_4",1,1],"449":["pifu2/body/hou_shou/5",1,1],"450":["pifu2/body/boss_3",1,1],"451":["pifu2/body/hou_shouzhi/1",1,1],"452":["pifu2/body/hou_shouzhi/109",1,1],"453":["pifu2/body/hou_shou/3",1,1],"454":["pifu2/body/hou_shoubi/7",1,1],"455":["pifu2/dun/104",1,1],"456":["pifu2/weapon/101",1,1],"457":["i18n/en/age",1,1],"458":["pifu2/weapon/boss_1",1,1],"459":["pifu2/dun/dun",3],"460":["pifu2/body/hou_shou/boss_4",1,1],"461":["pifu2/body/2",1,1],"462":["pifu2/body/houtui/boss_4",1,1],"463":["pifu2/dun/102",1,1],"464":["navAD/image/native_insters_layerBg",1,1],"465":["pifu2/body/hou_shoubi/boss_1",1,1],"466":["pifu2/body/qianshou/7",1,1],"467":["Particle/tex/fx/thunderbolt-05",1,1],"468":["pifu2/head/1",1,1],"469":["pifu2/body/hou_shouzhi/4",1,1],"470":["pifu2/body/qiandatui/6",1,1],"471":["pifu2/body/hou_shouzhi/boss_2",1,1],"472":["pifu2/body/houjiao/boss_1",1,1],"473":["warIcons/icon_1",1,1],"474":["pifu2/body/qian_shoubi/11",1,1],"475":["pifu2/body/houtui/13",1,1],"476":["pifu2/head/2",1,1],"477":["pifu2/dun/boss_1",1,1],"478":["pifu2/body/hou_shouzhi/8",1,1],"479":["pifu2/body/houtui/6",1,1],"480":["pifu2/body/hou_shoubi/3",1,1],"481":["navAD/nativeinterAD",6],"482":["pifu2/body/qianshou/boss_3",1,1],"483":["pifu2/face/0",1,1],"484":["pifu2/body/houtui/boss_2",1,1],"485":["pifu2/body/houtui/11",1,1],"486":["pifu2/body/houjiao/boss_2",1,1],"487":["pifu2/body/hou_shouzhi/9",1,1],"488":["pifu2/body/qiandatui/112",1,1],"489":["pifu2/body/hou_shouzhi/10",1,1],"490":["pifu2/body/hou_shoubi/8",1,1],"491":["pifu2/body/hou_shou/hou_shou",3],"492":["pifu2/body/qiandatui/4",1,1],"493":["pifu2/head/head",3],"494":["pifu2/dun/8",1,1],"495":["pifu2/body/qian_shoubi/10",1,1],"496":["pifu2/body/houtui/8",1,1],"497":["common/exp_gauge_frame",1,1],"498":["pifu2/body/qiandatui/105",1,1],"499":["pifu2/body/qianjiao/104",1,1],"500":["pifu2/body/hou_shouzhi/112",1,1],"501":["pifu2/body/qiandatui/boss_1",1,1],"502":["common/commonBg2",1,1],"503":["pifu2/weapon/boss_3",1,1],"504":["pifu2/body/hou_shouzhi/boss_3",1,1],"505":["pifu2/head/112",1,1],"506":["pifu2/body/qian_shoubi/108",1,1],"507":["pifu2/body/hou_shouzhi/boss_4",1,1],"508":["pifu2/hair/105",1,1],"509":["pifu2/body/qiandatui/boss_2",1,1],"510":["pifu2/hair/boss_3",1,1],"511":["pifu2/body/body",3],"512":["pifu2/head/boss_2",1,1],"513":["pifu2/body/hou_shouzhi/110",1,1],"514":["pifu2/body/qiandatui/10",1,1],"515":["pifu2/body/hou_shoubi/11",1,1],"516":["pifu2/body/hou_shou/12",1,1],"517":["pifu2/body/qianjiao/8",1,1],"518":["pifu2/body/qiandatui/boss_4",1,1],"519":["Particle/tex/fx/thunderbolt-04",1,1],"520":["pifu2/head/109",1,1],"521":["pifu2/body/hou_shou/4",1,1],"522":["pifu2/body/qianshou/109",1,1],"523":["pifu2/body/hou_shoubi/12",1,1],"524":["pifu2/dun/2",1,1],"525":["pifu2/body/hou_shoubi/13",1,1],"526":["pifu2/body/houtui/110",1,1],"527":["common/common",3],"528":["pifu2/body/houjiao/13",1,1],"529":["pifu2/body/qianjiao/12",1,1],"530":["pifu2/body/hou_shouzhi/108",1,1],"531":["common/exp_gauge",1,1],"532":["pifu2/face/105",1,1],"533":["common/dailingqu",1,1],"534":["pifu2/body/12",1,1],"535":["common/lock",1,1],"536":["i18n/zh-tw/age",1,1],"537":["i18n/en/yzb",1,1],"538":["pifu2/hair/102",1,1],"539":["warIcons/icon_7",1,1],"540":["pifu2/body/qiandatui/104",1,1],"541":["pifu2/body/qianshou/10",1,1],"542":["pifu2/body/houtui/109",1,1],"543":["pifu2/body/101",1,1],"544":["i18n/en/names",4],"545":["pifu2/body/houtui/112",1,1],"546":["pifu2/head/102",1,1],"547":["pifu2/body/qian_shoubi/105",1,1],"548":["pifu2/body/qian_shoubi/4",1,1],"549":["pifu2/body/qianjiao/110",1,1],"550":["pifu2/body/hou_shou/9",1,1],"551":["pifu2/body/qianjiao/qianjiao",3],"552":["pifu2/body/houjiao/boss_4",1,1],"553":["pifu2/body/qian_shoubi/boss_1",1,1],"554":["pifu2/body/hou_shou/boss_3",1,1],"555":["pifu2/weapon/boss_4",1,1],"556":["pifu2/body/qianjiao/101",1,1],"557":["pifu2/body/houjiao/houjiao",3],"558":["pifu2/body/hou_shouzhi/6",1,1],"559":["pifu2/body/qianjiao/9",1,1],"560":["pifu2/dun/13",1,1],"561":["pifu2/hair/8",1,1],"562":["pifu2/body/112",1,1],"563":["pifu2/body/qianjiao/11",1,1],"564":["pifu2/body/qianshou/110",1,1],"565":["pifu2/body/hou_shou/106",1,1],"566":["warIcons/icon_11",1,1],"567":["pifu2/body/hou_shouzhi/5",1,1],"568":["pifu2/body/hou_shouzhi/13",1,1],"569":["i18n/zh-tw/zh-tw",5],"570":["pifu2/body/qian_shoubi/boss_3",1,1],"571":["navAD/image/bannerNativeAD",1,1],"572":["pifu2/body/qian_shoubi/3",1,1],"573":["pifu2/dun/101",1,1],"574":["common/hp_gauge",1,1],"575":["pifu2/dun/107",1,1],"576":["pifu2/body/qianjiao/106",1,1],"577":["pifu2/body/houtui/111",1,1],"578":["pifu2/body/hou_shou/107",1,1],"579":["pifu2/body/houtui/106",1,1],"580":["pifu2/hair/106",1,1],"581":["pifu2/dun/boss_3",1,1],"582":["pifu2/body/hou_shouzhi/107",1,1],"583":["pifu2/body/qianjiao/105",1,1],"584":["pifu2/body/hou_shouzhi/111",1,1],"585":["pifu2/body/103",1,1]},"types":["cc.ParticleAsset","cc.SpriteFrame","cc.Texture2D","cc.SpriteAtlas","cc.TextAsset","cc.JsonAsset","cc.Prefab"],"uuids":["0dDfVTYLNGmZCwey3S+foC","13PRkxmyhJzq9sudXD0Vlr","13ZOtAGd5Jv4nUadWW1aki","1bMe+0Xu5FYbJobmfTF8FI","1cOmhesnxAG4GJ6r87NHbI","208vhbCrFBLZk+Ik90hAUB","21oA1hEiNC+IP/KhzY45jz","2e5HucuZRPkrVikoE/dbZa","3b6SRY86hMmZ1y0sN7JuNm","3e0ZhK4a9H9K79k9UQ5bdJ","4cW2ogTFVF8IU9GIrQY/QX","4f5un2xRZAR5OixkRHL1i5","51pV8xrghC3ZWcfXxiLz/Y","5d0OzQ6J1Ew5qv9XV36jZA","5f/FeOAv9OvZd4WFJl861m","73JKSlVQdPko/jI3XdkC3+","80iJ4D6jVAE62hzxWg50G9","81ZDw81I5GCL2h+R8KK2ME","83YjLkSwhG96FPggBsRDIn","8cK1FOvLJM7aqdY1aaQ8jG","a1TWxqpCZMaIf3QapR0cbR","b2P8Mm0iRBDa1KXUMdnhrv","b5Bi2dR3FG15fLoEAz5NZ1","b9O/9QXiZN8Y3ObUqrkDMi","baR4YWeuhAt5oLxtM3AGg/","c05w1o6WtC86RD8cCeIIQf","c2lFa5mrRE6IEPazfRhPLN","c3pjfAbhZKo4o5s9a9284H","cazGWUSmFJA44JZRcBzjZ0","cd2kqI2J1HbpZkB8bIUXP9","d2WAyD92hLKIPtD2jXgvux","d3dmgX1hJANpn3FN4UTpep","dbuXLd845FB7np2cNcCjip","ec6UYa/hxKTJUCQRIogftm","edWhxzZItM35isWWfoZ3ng","edbQc1Me1FpZcZGZQjWa/z","f6qdbDTtRJ+KcSYCPNdYX7","f7wFb3viFAi4qXC1Ohf8Kn","farcy2rOBKz7WbAfNwLLh8","00Hr1CWFNAtYeZIOOIwghc","006pwEz3pHqI/0eyp4zgLu","01gQb5SIZGo7/8xWlEFH6X","01r73pYi1KApMHpqPoDbdo","01t/1iBI1IrqZz2GymKb2j","013xMrNqNEJbFeF8LGH5TH","03Cw2jGtJE2q4JNbCHZ4tE","037DNilSVI9JXmKS+17w4Q","03/LOYuY9BIplU7GuVD4g0","04b6tx+TRFz4LYJc70y3mz","05B215xghOmZixIhN/7HJY","054WD46xNF0bd3puadJmOh","06DnEX0ARE/JMlKgMgyDLc","061riYoLdCR63FnSCBfpSi","063pdQ/w9Fzqx/KNinQ86T","07I/Co2LlD4LfZozI+DyaZ","07blvzm3hKHLXPJ8mvF5cc","07fy2YYNJKCaSnIc0wo8uu","07xHJ5Z2VEE5eMcygVz6qh","08ui8pE/VOBqC4eFm9QFOC","09JoOwCGFCSZEFnLMTemEm","09nOcleDVP35IrD4gB2YhM","09uOMABs5Ezbs964grj9kg","0aP2pAOJFOaJlqsfB4ZOMj","0axfTWyURGWYDnVznEawzF","0bztuq3IFA5Kwf3rtTgRnZ","0cqr3+LwlCQ49gx3tEhwhs","0eK+p7f1lNopH110EBPgQt","0eeIx7MPBB0aFrUCAcGZQo","0em36HurlCN6E3AVE5NUIk","0faOjHP+FKtZFGXItDtZyc","10agFqF/xLp6iTIhagqR18","10lXpIEpNAB7K8qUFVk8mV","103cTQLyJGDL8jI7v2z02r","121f2fca7","122172eb3","124C5IPaRLN7Q7DU5OpEOg","13ElyVTn9CAr2JWzWsy5aS","13a1af26d","13acee735","1412fac4d","14726d71a","145QnfwgRO0po54QZRW7z6","150baf88f","15gu0CTzVMporeOU+aYJKE","15c88bbc9","1663c3670","16j2mf1VJCV4j02WVcBKZP","16rjGjjQJNVYfgcO5/fxyM","16d02ee30","16d2d3976","17ExZl4SVK0bR7tKUzKqUw","1788c6d18","18o7QVH49GqIGYkSj+wmLV","18f00d25c","190027001","190360b68","19OoYECt9Hw4nZFvZ8aztq","19a8f008c","19e6ba20e","196ccFajNINbG04ubIpCLD","199WPWG19FqoG+xppZioRC","1aRL/P+l9PToYRH2J5rBFe","1a57c2af1","1ai0thUxRAfoGJ7Nj8e9Ag","1arBuKldFKLa8Xq0XBaI6Q","1a0BY02yxIprbEA5ZtbNHB","1bBT/x7glMDLfieQY1RDTV","1bPDNULhtJspM6lgAd0lsE","1bbf4d53c","1b2a67XndP258X9cbwi5Sg","1c3d9b20a","1c/JGs0khOV7aFHpRpynF0","1de0be54a","1d4212iZxGSpRwy22YwS+x","1egUHlFZhBnKR1G7su48i6","1eor7uMppBI62X1u31MMTH","1e9HpLiFpKsocFvyM16Qij","20VprhqX5CdaItqlrQX1LX","20bR6N5pVHhoGr7U5ZdB1R","20lt2ueDNBV4ObLzMSFfIg","21IqB2d6BEY7Q6rTaetVLB","21V/MZ/JJFBJfAn8f3Nwu2","21jIhEKuBL3KyFfwhbGOfO","21j9ob5yZNtKYSNaj9U8YJ","21lGYSl/RMhqtcDXrvwcyc","21oZQwNL9MYoWBLqQRnsqO","22DmkK2nNHabFis+s8f6xh","24JM7TJZ1OcZodZuE3rLMR","24XCFzcTRG/5aJu5nXC0J0","24qNy5ydFKEoTm1QbQOBcl","25XwuD2v1Pgald1KG9s1Tn","25vgajll5NsKtvU6/QIliX","26YesI8MRAWrMvObDdMZNJ","26uw8Yz6tHj6cszbak9qZq","26vmjzyP5KVoUJMWjC4x4X","262K6D6IhOdZmlq3dYufkg","27imn0+QVNkYirCZSI8h8p","28AeVqFi5LZYNXxIKoRrO3","28QJ/FZtVC0odeJjKnspRR","282wrV/rtKaaKWKxYXKsvr","29VqBsNEdKtbZ+YsWb1Q3f","29mzCLXPpBAblmHX7ihsj4","2adnlvEtxDkqdeU0MhkfA/","2ayivGfqFBE4uJwSs0mT/X","2b19leJKdC6YwSEvmmfKLx","2cBhdThkxPmYt66sMj8sZR","2cExVqW2xMwrOBFDF+VbCH","2ckTNt5NZNdYiGMmCjxYxc","2dArDM0/dBsqNU+Wr+Za0P","2dZ2bClUZEbrqmPOlO0uX7","2d0GwpYLpOfpCvUoeYlUWs","31Ibj5VgpB9bc34Ug2Ye1O","31h6GTOOFDFr5ikqwlU3xP","312zZwW0lFD7a8hSyXClAC","316EvolghDjL2+nlyrQn2O","32Q+YX5rZOV6cF0llQU+e5","33b9v8F01HTqHooecbObsT","34KzmKBixPfYQokGMJStlv","35CLsrLm1PrYkGr3cTMWmg","35Kq6mxtlGw49ZlEYIg20p","36AT6Q7F9CN4mb84ZngCG0","36yrqi9f5GvLkCLgj6V80M","37kih2Ep1FdrOmRGjFd9jB","37xbNw8EpKMZG1CFSVfyUD","376+LBl/JNH7s4DdDcgHcR","38yz8Rq0pFNpj88JAeL+/I","39OLbWM5dMO5ELu1/i5va0","39PgPakdVPM4gW3puukQOM","39TfoFMw5Om7CnWIahfOZc","3aVrmU6EhM47rPZnj2i+NW","3bAvGlkVhBOZ36fgP6yhZL","3bqHTivahDbIguubvDHVW9","3c5irgG0NMUbSARee8XJZO","3dDX0H2+JJgaAceWneq7pa","3di3r6up9A85HCDh4/8uBu","3dpWDR7HhKt6FilQoyttiC","3ds01XuZdGdp4oYBPBAzpG","3d4XuhtdhLy4GnwduAV4Ou","3eMwM4ql5H84fdNYVz/oc1","3evQ/ARqZMmYZNfcJlRc47","3e+3AQ7NtNAKThLWfSY4D1","3fRdKLkIJFrLxI3p/N3oj2","41C3N+EyFMzJW5Y3HC6s1N","42DYxcPSZPJJzMrozL9hq5","42TlNliNBKRYxZtRiGv7+S","42baryolxBC7jN1QiapatG","43dkdt4XlOAYJqkYeY9y6d","43o2KPS9lBtLUKoBeCK7rL","442e9RQtlBjIPo/DegcyLL","448Ox6ml1IeoPV2iusQDvX","45tBGH4u1OX7bmMaaaqwrp","46Q3RZxjxEl6Con+zmFoO3","46zXAyru9N3rwgRTQhCNGw","47FBmnNuxNY4vS9M6vzhf5","47/gn73h1DO50TbY8m0oSV","48QcwEbglMt7PocotIxKmb","48dVsgDBhGV6j24z8UY9fj","48hzi2TE1Cw45o7tVh9skU","49b13FQhlK/o970g2AWwgu","4aY45yiEBEqorJ8PulrlhO","4anBPnr7pKzZgX5ZM5zEQq","4bPDYlndZAgoXBizQ5KEzB","4bcWLINP9N0p416sVBzkAZ","4clRo/ktNAjaPOxtAzs+cD","4dOLvU4VNNU7WCLtvezkwS","4dTPvVlo9Bvab/2cCeHrl4","4dXhNqsGtPEIvXgda9b8YL","4eSxssX5xIG64PwbsRVgH3","4es3qRBWhNxqAbC4c6wnzK","50XbAUyK5I1rOnxCYUIMDs","51AzoDpqtNyYf3werY0JYv","51k848XqlKiYdDTjT8XIXj","52yW3hUwZCcL/Wg7mqgm7z","521HEXqtNPDKJPwM1BrCXF","5263JnI5xBeIasZlESB/cz","54ue1ZMJRIio38hHYh37hx","55AkWer+1Lv6L+4gpHB+Fi","55F9DnI1ZHSrcX4tZmKMyC","55GHDbGFZMeYooWHRszNtl","55bcC+6v5PG7saA1kb3qM3","55jV7WQ/NJO4HqtmHIm9oc","557nfkWTxFMLX1WIOOxEqS","56v4fS5jZOjKuG+jn5n/fI","566nHC0y1FbKNGqWOAbrOG","57bMLV/HBE4JPYEzc1sB5O","57etaAkG9KtYchcN5NGcEC","58Qo4Pa7ZPooGL+uAlseGl","58RKQZA7hCsbhaeEMkpUgw","58l0CMUONFXaXd1lca1E4o","59DfioKoxFFZ3B2trDuKOw","59JpKiSLRKRq4CmP+Op+1t","59KXx3w6RPXZx4qRIiFPdr","5aGhYQvopGOIAsLGdsYh6P","5abzsh859ODIDxMpva5Cr7","5a79cWHGxMwZuT3zd+qnfj","5b8VGhC6hEKKcgjNg8yOe1","5cYPPF4MRFQoYAEmiXTWcq","5dmtzuT25CzqppvVRX/Kq2","5eHZQGTXRHvaxnuQZLTtyt","5eNPcKOI1F5okADcjjppKG","5eNn9pUe5JL7PS4lYOX5WQ","5fetHdpxtCKbjWXrsmNE40","5fsvGo8ONIcq0xqdC4xQjA","61JfZgjSlKZZKbOQd0PTEQ","617DQ5JhpBoY0WAgPQXl1d","62I0XpAitLu5jFf9UG5UMN","62WkSzurhGsKfbF8WlNMbZ","62ZKoRwqRBIrvB2LSzRTnE","62Zh1kDZtE/4wehhcHrvhN","622KvQsGJHLINIGlG0Ee9D","64Eu5fLD9Kmof8OnucVDAn","64m+3uw+1JCpoLy4WZRZTV","64w64WjZFBd5ngim74v65i","65TMSqQCVOP7iw4DChco6I","65vANFjhFPNoeCzNtVO8yW","657WJqsA5AHoYHeJZiMNW3","658HVIzEZBZ6dib2qkl3RJ","66HNQRe0RH4aDyUJRWuc4/","66oawSSs5Mz4lbA2sUMKRH","67gEjDJbVBVK1EY7aWFkZF","67u34m0XRPH6VkszjMSCgq","67wIB8yMRF4IBTbknN9MNL","670ofLf9lHzbvNL/0TqIlh","68BFSi0KJGQIm9nhMefPHc","68eIoWf9ZJ3JzUSCSHgVv3","689PpANH5BKIrYbrNh2FOf","69UxIEKohOCJo+voDKggax","69+qdLSBlMNJhAjkjNLhAE","69/1uvu1VFUbUs9JZ56SOH","6ausUs8oFLhqBAp8tFhiPO","6ayYoG0GJFo6sEn4S/h697","6bJ3ivqJxMOYlkl85/F7lf","6bSLXys1pIdqIeqyhGOqmC","6bgXx08QpFO5nj8JnWUSVK","6cRyoYYuxKi7YxQd7XKBC0","6cVc3+L0hM55YCfnrxLvQy","6cipoxWdBKcb/DvydqVdKR","6eBWFz0oVHPLIGQKf/9Thu","6erHUE5kdIo47TkfkIBuxD","6fBMfaMMBLV7WF8NlygVid","6fs4LyIVRFypNe6uE81jMg","70NX1WwhNKL66oN0kiABKX","70k+vMEfJGmpvScn8GggFt","70sW3hNpdMapzo9vTrpiRk","707nOA6VtBlLRWBg/6TwLn","71UzdAfTxIeYcQehml2Oiw","72ALZj+L9JwqYkP6cJ/AHh","72SCLDnB5M2oXPd34szOJH","72oqpvHPFCqI5cHtPGEiqT","74pZPdq8NGSrEcT3X1CZvy","746Ga7aGlJj7zeZDUXKo+A","746+lpQK1PAa+nqcfUOZ0S","760s/+lalASJCD+b14lvVV","77N2gcwkRCGJN3/QChi74H","77itey9S5GB4oVE8304Ay0","7871gzCrNI6JJJBWe2mkS9","79muObDflAJoVS/0cdYxl2","79qZAFMDlHdbJscN8tn/Dr","7arzNiI+5IqKD5BRO38X6B","7bQqBy4EFE0pu4JqSFk9OO","7b4mUbKXpMuY3FI5VAyLo8","7cHMRI3hhMIKWSi9aB8zRk","7c89Ibmr1IMo8/ib8g/2x2","7c+INC7B9OnrjHYZ3e4Lto","7dA0+exWFA7YoGuIyGSRsD","7fHBjVxP5Ma47ITs4KL0Hj","7f52RkwydH7KABtznNZoSl","80SiE/la5LfpfywlAxxnRx","80UyB5MLhGM54rHCyig3/x","80qJguy7pKPo9nRFuuCfvH","80rMRowa5INKZN191QecMJ","81DsnvP6NEFbNI06zWHVnX","81Un61VcRGprInFYsQN2YC","81yEy4C3tGxJYo1KMuXeVB","83C9QkYcVG8bpHX3vajgFq","83JeQlZHJLk4CQFZKK6BGt","83N17ZEZNLH68idsxqC3hc","84An1omXlEQYrt7pwGNaau","84VtP3fulBSKi5TTsG/I8v","84Y3DcJkBC5o3lNCj2IQGy","84bDdMsshIcYQHGsLNUr4A","84bE8viUxA5ZDrz4ijaTQ5","85FFrG3yhAU6AUTVuizJep","85GP0l8Q5PqLKvA9nYHDJt","85f7o5dtVEMKrj3qaWwy2K","859ZSGVdRJw4MJqOmaZoYn","86/iV3h5FOWZbPrJWBkgbM","8744c+GdNNIbxtDQJHxcN1","88J7lVCl1PWq0jyiAuEpg2","89CClTdM1ITJAaeHDH4X20","89ILpbM9VEoZ2PBmJ/g7uy","89JBChFptCjqaFGqXjWBKV","89/ybkU0hGEaCCVQOSUo2S","8aAT5H1IFMO7kLTx/BaU9c","8aYoF8Zx5ITohd4c9sDtzu","8atZt1sjFEnJTh4rnL2awv","8awi2wfKBMqYMWx4anOmrv","8bNjd0YudF3aKPYMqEaYyZ","8bgysUqLZOTp9lISJdKART","8btv/F7TlP1KixHBR9xORh","8b4fVP4B1Ar7K8yFV3D2K1","8b7N295sFIio33Wrzk1fj5","8dUCym/bRKYLCqNoT3kNYP","8dkbglsM9KVop6lQfCxsZI","8dlO4nwHZCsKvUpjR0fam0","8dnpprTcdL/aXKHfjNcAiD","8eWH0M8YtBEYjQ+ysmF7sk","8emn9StwpF/YiqczX3XCrR","8e3oWpzGNFvpM5rITOxFj6","8fW3eDLkxIHqu2FFDKVdLp","8fuAemJ9NBFpnePfzbfWoF","8fvS7bcHJAV5R7rBiz7UOW","8fziR+nGBN7Kx4k5L9l2jK","8f36O3bzNPy4vNDERFhQab","90T0L/9thIaJbMHu6UhLiB","909N7LMdJJMIBwvAIz7hcQ","91I5TAUthK7aAAXFsvfWao","91ej24GDpDo5Rb4ooGupUB","91q1wu15NHJ7c44AkkrmP5","92jKFnVTJCJby7eRXQuk9H","92pKiJTqBNn4P1DZ91zO2r","926+WbL9BBG6Gm/Mu9crgt","93Htx//JBJ1LG9sHKpRJ58","93dT9RwBNPRKEVpsVtiavn","94offXlKNBsYJIqAxUEsoK","94+ffvHq1PrYjW+1KfOKR/","95Vzn3czhHi4kU0vhvRe64","96bIaKQg1PIZSpkDdSBGZW","96hP0ARgNPO6yXONO0fU5b","97c/MuL3FL8q/Z5RhNTgJ4","97sM5ueFFI/a+7m4E4nkTH","97z8n7XidI4Y3h+TimeXdK","98C65jW6pEK6SPPyd/gfFd","98HP9vdURF+J7CKCV9iRVF","989lY8v1NBhpDWFyqD1Vm7","99f0esG41HNJv9nAZeEcSw","9aH8BhRQJOXY5SBzxSkvxY","9aasKiD5RKSrJEM30wxCOK","9actJNSglGd4X1HsMcOPt+","9ai9z/sHBKboHU5NDui3um","9alJ5jPnpFmqiu1DtVodGk","9ar22hZQhPor9yqNNYi6ZF","9bJHsJlR1KmJ9CYKFNNTdI","9bK7zjHiNCQ4f5bA7Q5hjV","9b1680x+pLMJz6WCk3E8ew","9b5HMLqWRHdZ30Y76RVE8r","9cDBFp6/1PuI3k2ISAat8C","9c/en32gBIXYj3jILtb+zb","9dSeNEXXdJZKpuTlM9s2z8","9eETrz3txL+qOsj9N4/5Kz","9eQlLdkh9HPKFjtb2KEMGL","9edNKBgBZIQqHesYbcFu1w","9exLJ6oBBPyo21c9gkSul8","9fCiJbAvBFHqxxUvONu6xb","9fbfeu/a5A34bFXNMylVDw","9ffRDm18tEDZX9qbGIPNiF","a0L7bDObFKBq6hazqH9p5r","a1AlnYcLJBOaT6w7J0fprX","a1NHyK8mJMlb9w7kZJwQX9","a1uO1s0fFPk6t3nc+lPfMq","a2Ac1/FTdASJcrwB0mSr6i","a2O9RG4BZLCZzZhNyHmtbj","a2TC8yMptAxZ/ibvPPUROH","a2tN+lVflH1bVnf7Lt8abD","a4YmiOPQNB37NDcBwoleOa","a5vsdnk0ZLIbBkea7i+UVa","a6A5GyLMVKf7sWszTNM2cW","a6hot/i5ZJObZFNZvBIx5a","a6z9Ou1PhIzqZseF4BprKc","a6+VzAr1VOmr5ZqumV2oly","a7CtYbPP1EJb+Brg/5Q+nz","a7GmPTMphM/5UtTGv5soke","a7gRaXYT9KaZoS5LVfaX1S","a9KywXNGRCdYxwC7UK8Jwc","a9MLR2CZVGM5Lp/dSkmVIQ","a9gk2RsUhEsoqto6WkaXkD","aamkW5TGBLX5xQhnBW4QfD","aaqUzaelhK67CEgt55k5Xx","aa+mjHZrZK47zxM7TcbvOd","abnO6Nm5hEuoUFXgF4IZvd","abqkRwLLBJIKFzyX04zzjH","abtNJtgdRCJKihTK9KjWcn","acE+HUZFFDipNUCMJlP0sb","adq9RtBD9CFLFtGP/mg9UY","aeHLwLWpJPcq9rdJh/DRl3","aeI8XlRVJAQ5qDV+eNmtml","ae3xlIhydMYosR+M+ENpaT","aflfHffLtDwoHjMJck5dO9","afmoEbnDVO97shbRvG4kae","b1+j8cMn5K5L+XeWOJzOhI","b3dZD78mlFIqgarqsrQHJz","b3h0f8HcZK1bnyJrq+TjNS","b4kPsLVGlHAqhVJTA6ziOW","b4x/xy1tNDnJui4sa1EdFQ","b4zio4CelMBIfSLZ5FPgjL","b4zl2SJDNNJptHUPvSsa/R","b49CtV4lpIyZC8sFvwQByy","b5S+X+PPdJC4+ls4fpiD6+","b5m54yFf5OBa/SFfrRCHv6","b59/xsvKpAfJmpS37u8g6P","b6dFe39gdLE4XPrCdSi4fn","b6uEWFWoZOQIHOAspfqrsQ","b7NZG/OHtCmYbN+Y7hOg20","b8cdL9afRP3L5DiUu4Z8hm","b8deqVkKNGCKMVUKljkQeW","b9OnrX2IlH2Ka9dR2P9qUa","b9iTV7IEZMt54X2ExrWtTQ","baLEabg0VJspeytJk+HU7F","baUHBatx9PLKtc2OfBWwkX","bauqyKHexD5Itp7zCfU0nA","bcTtgs+AlPTYUyoh2bD0jp","bc0Yh2ByxL4IJocsmhfD71","bdfxLdUU9HcKpWV8HCAq6I","bdnC4dWMFMw6natvT1PQGi","beEuNmnsFF6L73rFCBrUNG","becj7CgRxL2r3ElQUsq7ro","bemNeXs5hHwpVan4zm4S6f","bentpucpxHZLv79jVdAKRa","bfXqach9BAUJNn3NQIk4T8","bf9w9+/HRHMrUnFj3wY2te","c0BIkHAfpDzb79r+8ebi1v","c0J9bXctZM2bX4PBTKqeb1","c1B6NC6aZLs49Mv9RjNs4D","c1UYL11DRMzbdW3VJx3zr1","c1XHorWfZM57WBpgh2OulP","c1303cGwhHXYoH3cXJIxzb","c2HHzBcgREXraSOrsY7SvH","c2Mf1ja4xJ7YHMaEpCIxHE","c2bi/j3f1HY4+mLXXFnPpS","c3BrSZhoVN7b0cufjCRr6N","c3zUvEo7RA2Z+80TSDOw8e","c4D1GxY6hCaaoLJTWwmaZA","c4TYUWZhpAAZ0Om/gNPIyY","c4hvtPaiZKKYBPo103QnRe","c53Bnd97VF1r0eGxhgcumm","c59u9WA/JB7riDMD60f1y3","c6Muzndq5D5rBuAyqMjqhL","c6UUMN2zFIEqN3RhBMqoSD","c6ss2L5wNMloigrwtFMfz+","c6y7l7N9xEqIoU+RfKIRzD","c6zvqaV7BO/YSkGFmD4JqS","c62HmXeItLv4+qVtyXkmXP","c69xa5WBFLYrRIJAmvqu6X","c8xlSDRg1BcZfIVIoWOmiR","c9dkOzVqpHC7A+yaOHXEPz","c97Hz9m8pLloegAh/AMd2c","cbHRvaRn1MJ5Z9zjG2K42T","cbNldpfXhAZ5KDFhboxn5M","cb669FIq5I+5malAvmX7yN","ccIj8uFn5BgJCySwCnJ18h","ccgRYQoeFMzrV3q4ILlv8I","ccqmLhb/BP85Dd/tRb23+R","ceL3C/9KZCULz/w0+VZ/sw","ce2f1m/NVPv7PIT4vhMh3p","cfNdmG2iJArahzPILaDa4K","cfubYo7UpK8LmSrW1N2HeL","cfyialQp5NPrjg673rddH9","d06cAjjvVBfoKdQlR5FqGo","d1I/l+pERJE6klxgpQGCTZ","d1sCpYQA1GY5VGIfz7M6N/","d2hk6RiA5GQITYcWNCCTCB","d4a5mF82JGLoStC1iojHAF","d4dkCnKNdBR6bni8R2gWIm","d5Y/fpZlhLgI13a5Dfxnqa","d55qZ3hGROj65pYn+DjAED","d6MBU4EVhP97FC2KMJ+mU8","d7v9lJ3uJFlZ9t34QTe2A1","d8LymYNh9Eg6m6ExyCFcZI","d8wmymTt9NxpauN1hnSKhR","d87rAQFuxG17ewgw3UJAQM","d9IV1oqsVEJ6f4DI1DchdL","dcasB5nYdP+oTp0hmBgkRW","dcddkWjlZJubgZIRkYsHOu","dcx6BfXpVN45dW3iPqjTry","ddeTtmzuZIAb7twHSPIT+q","ddsS4mkZhIgoTZrkOAxfrq","de7gV2Y2pBZorLcpdcPNoa","dfWrlfPEJO6qr1AWpyRBfO","e0QSoiq8dPQrZ8iNGcxYvh","e0nxQXunJB1Kwjt03JXYGN","e02imXXcdCaIahzBjw+E1E","e1iRToQhlNf7JQVq9exxZp","e2NnpbijlD6rjIRiLWsj2d","e2ifG0qv1NrZWm11cIj7Pw","e2nvzUmg9GoYHG4VU8JTxR","e29iulgJ9OI6zVDVKZVFk5","e3T21xiQhPC75+hUiofa+D","e3cF6PR0hGo5Y4c3GoxFlp","e4rHACqSZHBYrKpmr1v3eW","e4sjMviBNKBKC4lX/Fv1QT","e487qpa5BEvLLZ8BNVyvB/","e5x/gjut5OdrAmTSk4SmiV","e6yYBLv7pJ+aOiZ7fbwq3t","e63u2kqYdDj7qD2NI+9CII","e7ix2vFAlA4KM/Y7vnXfdF","e7tEVYr7ZIc4DgJhFRgGGq","e8z/7K3SRN/Z9I7nk+a2WC","e8+KWoIUZEToksvkyhJvse","e9FzQfA9NIjLAMfh8lKZ7j","e9JpG5FPBOwq5kxIPPM7Rc","e9nZBGYGRArJK/DeFSLrta","eabKOpe5VMB78yGOwDbvbL","eciTKestZEArZkrxIIPPL8","ec8dFuA8dLwIvXBQEKCpq/","eeGBekNO5Fh4UbnxxZ8zHY","ee9JLLyopG2JJ4f2/wHx24","efJEU0J2xOppYPhYozWiYp","efMDxZBp9F5Ygy94f/3g/C","efOnhIZGFDIa5ahWdBPMgo","f0Z5eHWidJJ7yTeXthVdt6","f02qrAFVBL+r3qrdlJKsto","f1FfQchWNC6YxaOHxTMwIK","f1L2K/bOFMFIVCj77LgZ7X","f1WK1EuGtI4r9MDYl8KvvB","f1m8D0gTxPuJT6sja6DokB","f2xUPuz8lHRJGecwwPPj1X","f289GbN/FPqo5kfmMA6rPD","f3hNprFThNCJSB6mN1qCib","f4AfoGgG5BoZ4Tv2fEhKSM","f4WXW2ivxL14hIr7RoL+4d","f4cuBE/nNCM58e+gdNfWJ8","f4qtaMe55PwbJ+TQyLAOdY","f4vTPipZxLR6UtFKkAkuIo","f5RNUvMqZCCaxUcIsHeSvl","f6OYgu93xPBL0akBFoQFrW","f6g7N24VxO/KZWTvf4wYA1","f6i+0Tn2hDDrfj3j7FivWw","f6lfuNmmRNQKK8rLj8H7Il","f6wfziauJBx6N7g0mjA075","f7YmhSSKxN97PJFTmm+f7j","f7zGDBIzNAL5CjPR/JKlwY","f8O/VuoGhEUpBFr9mlBcqm","f8Y5h9ZtdKBZ+nv6p2ogNX","f8draEEr9CCKc9w6y+Hjbg","f8nVhUJFFGeqty8CAvuqx5","f8+0Oi7sBKD70/Q3n+WYWi","faWIGhEsJPeKYKRjspuh13","fbuVqbUhdFHacJVAFWVCcb","fcFTBHsxFDEprue4k09CrG","fcOk5QkMpIU6QispXY3SsP","fcQgyGTl5G+LBh4JoTODtv","fcVslf93BD0oO8sC9hBo15","fdEM3KNIpGuLS2697PvVBE","ffFD61UXFJPKyh8P3e8lhR","ffoFGe8blPlrlM4COJuKE0","ff7ttMCYVOrrOU9i2z3Q7O","02delMVqdBD70a/HSD99FK","8c20Sso/ZEn7NUfNSM+EBh","a2MjXRFdtLlYQ5ouAFv/+R","ecpdLyjvZBwrvm+cedCcQy"],"scenes":{},"redirect":[586,0,589,0],"deps":["internal"],"packs":{"08a9d7010":[179,315,348,370,571],"0ca2410cd":[251,34],"0cea76d3a":[0,73,74,1,2,77,78,79,80,82,84,85,88,89,91,93,94,95,97,98,102,3,108,4,110,112,5,6,7,8,9,10,11,12,13,14,277,16,17,18,19,20,21,22,23,24,25,26,28,30,31,32,33,35,36,37,38],"0d6dabf25":[90,124,146,313,588,464,481]},"name":"resources","importBase":"import","nativeBase":"native","debug":false,"isZip":false,"encrypted":false,"versions":{"import":[39,"26199",40,"bbed9",41,"7b044",42,"1be16",43,"2c4a9",44,"b2154",45,"1fbda",46,"3fde9",47,"c83c6",48,"b3e9b",49,"02617",50,"647a9",51,"bc3ba",52,"1d81e",53,"1a61d",54,"9ddee",55,"a6839",56,"661bc",57,"5b08b","08a9d7010","0d095",58,"b11bf",59,"a81ff",60,"7e81a",61,"380aa",62,"d3c12",63,"02b9d",64,"16168","0ca2410cd","6e55c",65,"5751e","0cea76d3a","77c01","0d6dabf25","c3fef",66,"5f69a",67,"ca822",68,"f42f8",69,"8f23b",70,"6a7b4",71,"9c7c2",72,"de36c",75,"0a82a",76,"3387d",81,"853ef",83,"e8eb6",86,"b121e",87,"739e3",92,"6a65d",96,"3e29d",99,"6227b",100,"2d858",101,"67ffc",103,"743c8",104,"9fa4d",105,"6a857",106,"7373a",107,"8dd36",109,"a48dd",111,"f0171",113,"d96be",114,"5d415",115,"bb1e6",116,"b6361",117,"b0fdf",118,"8a211",119,"ed652",120,"e8ef7",121,"f6dea",122,"0897d",123,"80235",125,"ab5d8",126,"af762",127,"11249",128,"51a12",129,"93cb9",130,"8ec14",131,"d831f",132,"3c1a0",133,"71937",134,"37b53",135,"d9439",136,"1ca0b",137,"14ff3",138,"d5115",139,"04032",140,"25dc7",141,"71a64",142,"1a7d1",143,"eb47a",144,"2f446",145,"be0dd",147,"f75df",148,"d2c6e",149,"1823b",150,"41811",151,"e866e",152,"37a27",153,"0ca9f",154,"19b28",155,"80ff9",156,"53288",157,"c6b23",158,"f1e08",159,"8915d",160,"2bf04",161,"eb3ba",162,"44d92",163,"1a4d2",164,"8acd2",165,"28d92",166,"e9e78",167,"c843a",168,"a0e76",169,"677ff",170,"095fc",171,"8478d",172,"d32a7",173,"b5a1d",174,"e30dd",175,"787aa",176,"7395b",177,"8eeac",178,"70b8a",180,"34775",181,"97f76",182,"b0ba3",183,"773fc",184,"57919",185,"e3f82",186,"a8af7",187,"1507f",188,"5eaae",189,"1d56e",190,"db8d5",191,"37ee0",192,"9455a",193,"9fbb1",194,"b5d8a",195,"1bac2",196,"b4a9f",197,"89f34",198,"5bf4c",199,"5476e",200,"d36e7",201,"0a5df",202,"3f10d",203,"0a0c8",204,"e2218",205,"d1347",206,"7c30d",207,"d8c90",208,"89fee",209,"d1f72",210,"f52a3",211,"fc60b",212,"6b51c",213,"d8a86",214,"2d416",215,"47bad",216,"49a4d",217,"3ba63",218,"3d6fe",219,"f88d6",220,"ab71d",221,"43b1e",222,"173aa",223,"71c6f",224,"59076",225,"0b4da",226,"1ce45",227,"7d300",228,"b005b",229,"465ce",230,"5a63b",231,"619d6",232,"152bc",233,"5a3ac",234,"38eac",235,"fd9fe",236,"7757e",237,"1da30",238,"46fd4",239,"570de",240,"cca6a",241,"84c96",242,"4f423",243,"fcfe7",244,"a5c86",245,"b5252",246,"fc670",247,"ea87b",248,"ed1b1",249,"039c7",250,"4548a",252,"134cf",253,"dd81d",254,"64c0f",255,"c056a",256,"64c15",257,"49ffd",258,"51fcf",259,"ca775",260,"afcef",261,"90ac5",262,"54f63",263,"4117b",264,"31e88",265,"94737",266,"b0242",267,"8c738",268,"1b451",269,"78db3",270,"b0896",271,"f741b",272,"6f5bc",273,"c0c27",274,"a3ee0",275,"2f57d",276,"e5be6",278,"5b7a3",279,"0cdf1",280,"49e62",281,"a597f",282,"04b35",283,"0c12c",284,"35c37",285,"c38fc",286,"2b7bb",287,"c935e",288,"04f8f",15,"ed8a3",289,"f6a86",290,"97fe3",291,"fe1dc",292,"fd3f3",293,"2131e",294,"743fa",295,"28633",296,"f4b71",297,"92f54",298,"a35fc",299,"164e8",300,"91b5a",301,"4c0b9",302,"298dc",303,"bc220",304,"816a9",305,"b373c",306,"296c6",307,"d8d50",308,"5de82",309,"7306c",310,"9cb6d",311,"f9d6b",312,"f6972",314,"51f2b",316,"7dc09",317,"27091",318,"fd974",319,"43d4d",320,"4af72",321,"cebab",322,"266b2",323,"49f1b",324,"47313",325,"2f6c2",326,"7d9f5",327,"ec803",328,"cf1dd",329,"e8629",330,"69c8c",331,"a2631",332,"9a5a4",333,"50cef",334,"b000c",335,"4781b",336,"80935",337,"a9950",338,"d9a4a",339,"884c8",340,"30fee",341,"9e7de",587,"599b0",342,"9ee4a",343,"a2a9e",344,"51521",345,"8e378",346,"ff4a5",347,"96f11",349,"06e1c",350,"61aa4",351,"0f568",352,"4f517",353,"b48ca",354,"72e8e",355,"97d8d",356,"ec34d",357,"051fb",358,"b7a53",359,"3aac5",360,"ee1bc",361,"05f3b",362,"a3ae2",363,"00d0a",364,"c7d0f",365,"62808",366,"73a08",367,"ee7c9",368,"20401",369,"f089e",371,"9114a",372,"f06f3",373,"6ba93",374,"47735",375,"57085",376,"8bd36",377,"332eb",378,"50c29",379,"9e1b7",380,"c59de",381,"09fe8",382,"4eb5c",383,"87f35",384,"61a27",385,"44039",386,"04ccd",387,"59063",388,"3ca35",389,"6cb06",390,"68e5c",391,"efcaf",392,"c4cb6",393,"2c8db",394,"66783",395,"2ff61",396,"eb2ec",397,"abbbf",398,"8358a",399,"8a578",400,"723d3",401,"34f6b",402,"1f7b7",403,"d2add",404,"ed985",405,"76782",406,"b60f2",407,"0fea9",408,"2b3b4",409,"bdcc9",410,"d3b3b",411,"7874c",412,"075da",413,"f2fad",414,"ea5a3",415,"db2ff",416,"7db75",417,"b28d9",418,"d4f24",419,"69d2e",420,"991f3",421,"80cf7",422,"6e669",423,"d4c9b",424,"56be2",425,"6b399",426,"50b10",427,"6b10a",428,"058e7",429,"88399",430,"32c25",431,"7e70f",432,"fe15b",433,"9a2ed",434,"f32ce",435,"ebcac",436,"da986",437,"87dbb",438,"bc61a",439,"684e8",440,"ad438",441,"173a3",442,"b5942",443,"63c01",444,"3021b",445,"5bb76",446,"a81e4",447,"0a4ec",448,"f898f",449,"9b3d5",450,"c2001",451,"38615",452,"fa06b",453,"a9c31",454,"06df8",455,"58838",456,"bb4f8",457,"83ea9",458,"17e4d",459,"bb68e",460,"d1b91",461,"6fb71",462,"abe64",463,"a5b07",465,"d1b25",466,"27831",467,"852e8",468,"6e259",469,"3f157",27,"9b3e9",470,"b4ca0",471,"a7d3d",472,"8752d",473,"97e80",474,"18247",475,"c71ed",476,"96503",477,"2cfcd",478,"eb33d",479,"6f86b",480,"d538c",482,"38ff5",483,"b5f5a",484,"05f31",485,"a1a4e",486,"ee9f0",487,"b7cae",488,"7a2f2",489,"a6374",490,"6df37",491,"5afd5",29,"a2643",492,"ab174",493,"2251d",494,"7c992",495,"fb862",496,"1eb84",497,"b33e6",498,"30b2c",499,"fa202",500,"1bc67",501,"38415",502,"83807",503,"aca95",504,"0e78e",505,"a8b0b",506,"8734a",507,"67166",508,"1e784",509,"6ff54",510,"252a1",511,"060b3",512,"6747b",513,"f67fa",514,"fa35e",515,"804f5",516,"ab44d",517,"fe3ec",518,"d7655",519,"2a463",520,"3ca63",521,"eb09f",522,"dcfa1",523,"99c81",524,"de88b",525,"5fd65",526,"5a24c",527,"09d02",528,"2d020",529,"3ba72",530,"0b9d3",531,"ec7a4",532,"58d0d",533,"40734",534,"caed9",535,"68b55",536,"a8c64",537,"65680",538,"e9156",539,"60aa2",540,"7240b",541,"23b00",542,"543cb",543,"ec479",544,"8c4a5",545,"690f1",546,"e78dc",547,"41189",548,"f1e68",549,"ec478",550,"e6d07",551,"8e2b4",552,"98ff6",553,"03948",554,"0343c",555,"b1faa",556,"47bb3",557,"98ba6",558,"1c2ce",559,"ce86e",560,"9403e",561,"95fb6",562,"5438f",563,"c195c",564,"7ae57",565,"1757c",566,"425d2",567,"56572",568,"3d28f",569,"77583",570,"357d0",572,"625fd",573,"11fd3",574,"14ac3",575,"c8406",576,"b0716",577,"47b27",578,"cd017",579,"4cedf",580,"2f6f7",581,"eb305",582,"8c710",583,"fc06a",584,"938eb",585,"adc7f"],"native":[94,"e067c",0,"e744f",73,"d84ae",74,"026ec",1,"91f05",2,"80040",77,"1d5d5",78,"92940",79,"1d5bb",80,"7fe9c",82,"80787",84,"d6502",85,"574a2",88,"e0f28",89,"b3d69",91,"af8d8",93,"c8dbd",95,"8d1b6",97,"2615a",98,"c7d6d",102,"aec85",3,"dc52f",108,"13392",4,"13de7",110,"d664b",112,"9b845",5,"82348",6,"790fc",7,"dde1e",8,"49b5b",9,"5ae96",10,"65772",11,"67ee5",12,"350aa",13,"9bf42",14,"136eb",277,"6d3cf",15,"d16b0",16,"585ab",17,"026fd",18,"b7cb8",19,"b7ebe",20,"22eef",21,"8d80f",22,"7c9cb",23,"ac920",24,"98fdf",25,"2930d",26,"a52c5",27,"400d0",28,"5fa7b",29,"9bb68",30,"307ae",31,"bc8fe",32,"1c873",33,"355ae",34,"9e380",35,"9816d",36,"da175",37,"9b111",38,"cfe8f"]}}